trial_id,instance,cell_id,repetition,designation,fault_mechanism,truth_job,truth_job_alias,truth_function,detected,correct_job,exact,false_positive,suspect_job,suspect_function,suspect_function_visible,recorded_correct_job,recorded_exact,correction_applied,natural_state_selected,selected_artifact_ref,provider_calls,input_tokens,cached_input_tokens,output_tokens,total_tokens,latency_seconds,package_sha256,review_sha256,raw_review_file_sha256,raw_review_path
trial-6a9d92ef62b785c9,case-control-01,P01,1,matched_clean_control,,,,,False,False,False,False,,,True,False,False,False,False,,1,27219,11648,1767,28986,37.17523396499928,sha256:a70a1e9c4668fc7bbfe03d361c4dc9c4df3a0780864f358c4f5f815dcaccdc5b,sha256:346061cf7f2f979f6984fa140ff4b1fa7722104c2685e75899a321049befa847,sha256:81407d5c9d633746a7f289e7fceee20c82c08ac0ed9a5c677df86280ff25ac2d,outputs/fault-experiments-v2-2-n10/attempt-057/reviews/trial-6a9d92ef62b785c9.json
trial-21def4c563850859,case-control-01,P01,2,matched_clean_control,,,,,False,False,False,False,,,True,False,False,False,False,,1,27219,11648,1202,28421,25.737866965999274,sha256:a70a1e9c4668fc7bbfe03d361c4dc9c4df3a0780864f358c4f5f815dcaccdc5b,sha256:33a2292c7fa097ae622401806bc312255c4b2cd07118951bc30213197d583f59,sha256:35008e855f9ad3de02ec27da6b315590826053f2a30c03685e3cb548bd8ff65a,outputs/fault-experiments-v2-2-n10/attempt-057/reviews/trial-21def4c563850859.json
trial-853b08e637408490,case-control-01,P01,3,matched_clean_control,,,,,False,False,False,False,,,True,False,False,False,False,,1,27219,11648,1850,29069,38.02174706799997,sha256:a70a1e9c4668fc7bbfe03d361c4dc9c4df3a0780864f358c4f5f815dcaccdc5b,sha256:d73d2114bf620c41ae3de8b28e3977707211867e71efcae53fd4ba0a15850d5f,sha256:b937d86281db2e1c3bf6be84e5ea8ccefca916a34fe92d768b939686f6c86e5d,outputs/fault-experiments-v2-2-n10/attempt-057/reviews/trial-853b08e637408490.json
trial-7c6339be39f3ccde,case-control-01,P02,1,matched_clean_control,,,,,False,False,False,False,,,True,False,False,False,False,,1,59104,11648,1254,60358,28.45602823399895,sha256:dd5c32a87f9921dc2d759bba2181199a06ea574123ecff90cd0e6493bf585c72,sha256:e6b757e66b211c3988d202dc09200621eb6391c6b4aca8fe58b403eb6e0d8271,sha256:1cf09788cd4190a702c2e40670973f712cb602c0b5ded236a0e6c3a9894a0a7c,outputs/fault-experiments-v2-2-n10/attempt-057/reviews/trial-7c6339be39f3ccde.json
trial-5df0f16f02cd48c5,case-control-01,P02,2,matched_clean_control,,,,,False,False,False,False,,,True,False,False,False,False,,1,59104,1408,1812,60916,38.25807462999728,sha256:dd5c32a87f9921dc2d759bba2181199a06ea574123ecff90cd0e6493bf585c72,sha256:0394355709aad425fb2676d80f31eb11b7142c8807f81b9b9983677ea3dbb186,sha256:663b6216c1abfa1c61a63722c9fbe8637286d2b1d0c6653b8f3a4995a01c4240,outputs/fault-experiments-v2-2-n10/attempt-057/reviews/trial-5df0f16f02cd48c5.json
trial-d7976f0e45eaef42,case-control-01,P02,3,matched_clean_control,,,,,False,False,False,False,,,True,False,False,False,False,,1,59105,11648,1292,60397,28.561419134999596,sha256:dd5c32a87f9921dc2d759bba2181199a06ea574123ecff90cd0e6493bf585c72,sha256:84df1455279f56ab3e3ff7c3b7eff30067897230ab5cae4c12767ecb9a350ed9,sha256:5e393fad2f57c15526f87f82141df7ca228542df95eca818105f1354a2260b2c,outputs/fault-experiments-v2-2-n10/attempt-057/reviews/trial-d7976f0e45eaef42.json
trial-800a5e88dce1e5ce,case-control-01,P03,1,matched_clean_control,,,,,False,False,False,False,,,True,False,False,False,False,,1,60160,11648,1061,61221,23.42108071599978,sha256:658801318791863d4b5208f9c1dd6c55b37d5b5f93419924eb8e1b8f51565b2d,sha256:232952c534be642a17317ac118f7a87e5c479a642350d9189c1a9352d21a99d8,sha256:6ae2bbf00551fff0ce694243de4ad92a74e624fd0438d03ad1c319dbaafb92fa,outputs/fault-experiments-v2-2-n10/attempt-057/reviews/trial-800a5e88dce1e5ce.json
trial-69f4139fe4aff5fa,case-control-01,P03,2,matched_clean_control,,,,,False,False,False,False,,,True,False,False,False,False,,1,60161,11648,1184,61345,25.27813478600001,sha256:658801318791863d4b5208f9c1dd6c55b37d5b5f93419924eb8e1b8f51565b2d,sha256:0c5164de2770bb227cb3555c1551a08ace89e208db27f10ba26560fe000453aa,sha256:99b9853d7888a61b90ca84ca8905112ec05d30368eaabf3944ca3e8273e79b2d,outputs/fault-experiments-v2-2-n10/attempt-057/reviews/trial-69f4139fe4aff5fa.json
trial-a093984fdcb10752,case-control-01,P03,3,matched_clean_control,,,,,False,False,False,False,,,True,False,False,False,False,,1,60158,11648,1306,61464,29.339986316999784,sha256:658801318791863d4b5208f9c1dd6c55b37d5b5f93419924eb8e1b8f51565b2d,sha256:049dfe370c07ada81122d391cf91e0a61998aa263b9ec069e727097ba9bc3435,sha256:6afa5f0b1e267895bda6964f078ae47c6d34ee762052a51db3f55906a3cac09f,outputs/fault-experiments-v2-2-n10/attempt-057/reviews/trial-a093984fdcb10752.json
trial-0a26f76c18be0404,case-control-01,P04,1,matched_clean_control,,,,,False,False,False,False,,,True,False,False,False,False,art-41093f63bc927e82,3,183614,34944,2958,186572,65.96985205199962,sha256:3a918e1400c338f635e08707a6e02ad17221df37d530091b8f8bc4c9fb898c3c,sha256:cf4cf6ee97e4e516f6b91a14845241e312dfb8c932d38f127109ce00940cda76,sha256:9b87fa79c4d1f4e1aaa9b3a8380398bb57dc46a2077a83ed8971c588c2098abe,outputs/fault-experiments-v2-2-n10/attempt-057/reviews/trial-0a26f76c18be0404.json
trial-d0f06f0acf9d234a,case-control-01,P04,2,matched_clean_control,,,,,False,False,False,False,,,True,False,False,False,False,art-d9c47817dc032cf6,3,200633,24704,3031,203664,71.49806577200434,sha256:3a918e1400c338f635e08707a6e02ad17221df37d530091b8f8bc4c9fb898c3c,sha256:f392cd8b7d65d0ee780f4dafb8aea3a1e437ee0e8c88c85a86e532b51631a299,sha256:36c9f02935f1d0fd4c089ffc220dca88c91a22eb91110deeef34648e63effdc4,outputs/fault-experiments-v2-2-n10/attempt-057/reviews/trial-d0f06f0acf9d234a.json
trial-cc1121fed654c897,case-control-01,P04,3,matched_clean_control,,,,,False,False,False,False,,,True,False,False,False,False,art-92027ff8911f77b3,3,183577,34944,2475,186052,57.89132695099943,sha256:3a918e1400c338f635e08707a6e02ad17221df37d530091b8f8bc4c9fb898c3c,sha256:b64e01d840e10d8cb4fcdb509613b561fd4f4830ea2aff63931a9bf93b3411db,sha256:80b2317d7b34ba4ca152da130c5d1667afd05dc03419cdd50d445cfb29dc93f5,outputs/fault-experiments-v2-2-n10/attempt-057/reviews/trial-cc1121fed654c897.json
trial-b589c03d486ee06d,case-control-01,P05,1,matched_clean_control,,,,,False,False,False,False,,,True,False,False,False,False,art-92027ff8911f77b3,3,186776,14464,3953,190729,86.49248868799987,sha256:49d0df0ead650f57ca2b0512ef2f54babc7c315dfdea18957782f686a08493fa,sha256:24787444d16d533ef6b8365ab17982458f7a117004116e523c093963354aecd9,sha256:e65dacc349f24809d27d662d3ba59fdb25b039ac07bcc56ca6fc3015feb515c0,outputs/fault-experiments-v2-2-n10/attempt-057/reviews/trial-b589c03d486ee06d.json
trial-84be3f3f50e16691,case-control-01,P05,2,matched_clean_control,,,,,False,False,False,False,,,True,False,False,False,False,art-92027ff8911f77b3,3,186747,24704,2736,189483,65.33901424100077,sha256:49d0df0ead650f57ca2b0512ef2f54babc7c315dfdea18957782f686a08493fa,sha256:d79f9046aa3ea9bbc8e73fa8f8d8f73981bd0c59ba5bf75cc3663ce87a673902,sha256:114492945d369fc17bc54e81799004963dbac6540216f4ee20ab1479864a4e76,outputs/fault-experiments-v2-2-n10/attempt-057/reviews/trial-84be3f3f50e16691.json
trial-d1a698452036fab8,case-control-01,P05,3,matched_clean_control,,,,,False,False,False,False,,,True,False,False,False,False,art-92027ff8911f77b3,3,186734,34944,3185,189919,69.4689730600021,sha256:49d0df0ead650f57ca2b0512ef2f54babc7c315dfdea18957782f686a08493fa,sha256:9fee0197dc33e8f52334ef359a8ce7a20d398ea25f2beb65c103789a64731691,sha256:872a91c55c15879ebd2f4e93661083e1dd07172e91edc046edde3a15413cfcaf,outputs/fault-experiments-v2-2-n10/attempt-057/reviews/trial-d1a698452036fab8.json
trial-f4033b3234286a7f,case-control-01,P06,1,matched_clean_control,,,,,False,False,False,False,,,True,False,False,False,False,,3,177522,34944,3682,181204,78.72756314399885,sha256:edbdb598a96b43559f15043ffc67978536babdd65136f173384cf7d790ed6aa9,sha256:34108531099bda126badb05c1d33343fca443b290ddba3072de4143a4c32339a,sha256:686b26aaa804c36f8f2f3c25c28d78fe12125423e7acb57f09e8ce12038feac3,outputs/fault-experiments-v2-2-n10/attempt-057/reviews/trial-f4033b3234286a7f.json
trial-163c72d85dce7c90,case-control-01,P06,2,matched_clean_control,,,,,False,False,False,False,,,True,False,False,False,False,,3,177519,14464,4761,182280,102.7960746230001,sha256:edbdb598a96b43559f15043ffc67978536babdd65136f173384cf7d790ed6aa9,sha256:b97cb0aee6613de4a74f92ba26f7d72db37f3d5e691c7114fcd2438cf7218e90,sha256:595a90f49d86fad89c7ca5ca1692bc3c099a75bbc86a6637beeeddb1034cd25f,outputs/fault-experiments-v2-2-n10/attempt-057/reviews/trial-163c72d85dce7c90.json
trial-81eec7c63e91bee9,case-control-01,P06,3,matched_clean_control,,,,,False,False,False,False,,,True,False,False,False,False,,3,177520,34944,3973,181493,84.6111294530001,sha256:edbdb598a96b43559f15043ffc67978536babdd65136f173384cf7d790ed6aa9,sha256:7f644ef9910d1a575904af2679b9864cec1de55907570646d68ef8ecbd0e6497,sha256:a4e9989bd78a3adf503a65fdde91af6e4e0f334d46be8a127932b885949979b5,outputs/fault-experiments-v2-2-n10/attempt-057/reviews/trial-81eec7c63e91bee9.json
trial-52b784d32b65fce7,case-control-02,P01,1,matched_clean_control,,,,,False,False,False,False,,,True,False,False,False,False,,1,27195,1408,781,27976,18.09272966500066,sha256:487e84c90b9b38863fc96204e97e5f5b5ff5b20c69fa3c240dccedf4dbd977a6,sha256:506f02275da39380be9cf5beb88cb4154b663eebead128ad1d911cf1cfc17945,sha256:a882c6204ee594ba9d84372c0aaafd25167ffab2a15ae3196db8590ae577d402,outputs/fault-experiments-v2-2-n10/attempt-057/reviews/trial-52b784d32b65fce7.json
trial-bc5f0914e38829ee,case-control-02,P01,2,matched_clean_control,,,,,False,False,False,False,,,True,False,False,False,False,,1,27194,11648,1274,28468,28.580420333999427,sha256:487e84c90b9b38863fc96204e97e5f5b5ff5b20c69fa3c240dccedf4dbd977a6,sha256:747a56b48e38e53f3d83c9540d28c418e8be6f5f313a5244ced9d481e4174d74,sha256:7c5915c20295c498e8fc5c1b2a68330b0328cafb8e9edad7f6a76679567f49ee,outputs/fault-experiments-v2-2-n10/attempt-057/reviews/trial-bc5f0914e38829ee.json
trial-954057af9de287fe,case-control-02,P01,3,matched_clean_control,,,,,False,False,False,False,,,True,False,False,False,False,,1,27195,11648,1675,28870,34.06860953400064,sha256:487e84c90b9b38863fc96204e97e5f5b5ff5b20c69fa3c240dccedf4dbd977a6,sha256:b8153e33e87e1fae6bfcb05f9f616cfb3af004c8619721d59234d49ae7804f15,sha256:7e88619290cc191412c7f19aa1c0d5ffbbdac4b0f0bd5f9108c3c99c44fc4675,outputs/fault-experiments-v2-2-n10/attempt-057/reviews/trial-954057af9de287fe.json
trial-4ab8cd8af900284e,case-control-02,P02,1,matched_clean_control,,,,,False,False,False,False,,,True,False,False,False,False,,1,59031,11648,1294,60325,27.980970881999383,sha256:29980679c1588c1adc432c8a23a4f57fd591cbaef456d383ca62f7a52f2caef2,sha256:c3825fe2ca28c925c9b66a3ebcf0d8a1993342416af8ea4c037403764fae1ecc,sha256:3d0ab7a4478e98cf8b23f57c03d404520691751153f579ba77c1f302b10e8181,outputs/fault-experiments-v2-2-n10/attempt-057/reviews/trial-4ab8cd8af900284e.json
trial-42d21a58ec81fc32,case-control-02,P02,2,matched_clean_control,,,,,False,False,False,False,,,True,False,False,False,False,,1,59032,11648,1834,60866,37.22588237999844,sha256:29980679c1588c1adc432c8a23a4f57fd591cbaef456d383ca62f7a52f2caef2,sha256:e27322ca4097fcd2c327eb0c87a515eaa1ab0b2809fa694da0ceb5aeefb41a8b,sha256:b9854c7cfc67291b9aee4744d587d429309622d27b559d0528d9416250cd9e64,outputs/fault-experiments-v2-2-n10/attempt-057/reviews/trial-42d21a58ec81fc32.json
trial-2da54b57735d73c0,case-control-02,P02,3,matched_clean_control,,,,,False,False,False,False,,,True,False,False,False,False,,1,59032,11648,1312,60344,27.930030594998243,sha256:29980679c1588c1adc432c8a23a4f57fd591cbaef456d383ca62f7a52f2caef2,sha256:9a7e51a212544f7cb05ff839c00ee195bca78e623c403c27c07c1ca04d973c23,sha256:e4f3d760711878fde28086df0cb1aaae0dc3dc318a392db6b03f1fc4096cbef2,outputs/fault-experiments-v2-2-n10/attempt-057/reviews/trial-2da54b57735d73c0.json
trial-a16ed060b2839733,case-control-02,P03,1,matched_clean_control,,,,,False,False,False,False,,,True,False,False,False,False,,1,60088,11648,2664,62752,51.83704045000013,sha256:9574b58affd6b45dec30d40d64c177d090466020cff48b2e47f477bf78358bbc,sha256:0075efd7c80dc935ecebdda4a55dc5e754aa014ea718de3bbce294c5138d1245,sha256:15d66ae23c0e24e98131e9f07a355416dc8ba13767a3869c9beadf61b5a54613,outputs/fault-experiments-v2-2-n10/attempt-057/reviews/trial-a16ed060b2839733.json
trial-951566f213689f05,case-control-02,P03,2,matched_clean_control,,,,,False,False,False,False,,,True,False,False,False,False,,1,60089,11648,2390,62479,47.45120336100081,sha256:9574b58affd6b45dec30d40d64c177d090466020cff48b2e47f477bf78358bbc,sha256:0f992fe06b1c304122dbc99e1747916096794359a517d50d00cb2678e224c246,sha256:1596d055bb117a6b6e267cc6d9c2c5bb79e996a8af0c35feda87b66d9e8801b4,outputs/fault-experiments-v2-2-n10/attempt-057/reviews/trial-951566f213689f05.json
trial-f71fe136034139f7,case-control-02,P03,3,matched_clean_control,,,,,False,False,False,False,,,True,False,False,False,False,,1,60087,11648,1614,61701,37.31269005099966,sha256:9574b58affd6b45dec30d40d64c177d090466020cff48b2e47f477bf78358bbc,sha256:05344ddc6660c74b5d85bb4ccc54d1ce1f66c8b13cb0f09d376eb451a5971289,sha256:279a1c64c1a10a9d969a325b69c9ec69663779b8fa7ad9e1e14daa76e8f7a82b,outputs/fault-experiments-v2-2-n10/attempt-057/reviews/trial-f71fe136034139f7.json
trial-e7e5ac742de07e24,case-control-02,P04,1,matched_clean_control,,,,,False,False,False,False,,,True,False,False,False,False,art-b5366359b8abffb0,3,186550,34944,3305,189855,72.04445377299999,sha256:f34aec0c75f8eb672068d836dda9765c5c077f3c42b54604a5ed8d29426a89a4,sha256:e81c81aa3a43938dcfb4ea9e341218ea23172f28021c8e9ad67b847d30436ab5,sha256:61fc626f7182b927c1e5166e083840c0983feffbd40a5a9b7ba19e546d15c54d,outputs/fault-experiments-v2-2-n10/attempt-057/reviews/trial-e7e5ac742de07e24.json
trial-0bcf8f9243326d63,case-control-02,P04,2,matched_clean_control,,,,,False,False,False,False,,,True,False,False,False,False,art-3fbf3d5826b830c4,3,186426,24704,2923,189349,65.39155617599863,sha256:f34aec0c75f8eb672068d836dda9765c5c077f3c42b54604a5ed8d29426a89a4,sha256:61c520745a8caaaa815405bf3d799975589e341a6bd90f751df1b2b0975a85ac,sha256:ce7434c132e2d096f3b288c26d4036f7a14bc34f2b72910f6ce0e976245e8132,outputs/fault-experiments-v2-2-n10/attempt-057/reviews/trial-0bcf8f9243326d63.json
trial-6af3f24b95b508ae,case-control-02,P04,3,matched_clean_control,,,,,False,False,False,False,,,True,False,False,False,False,art-b5366359b8abffb0,3,186553,34944,2182,188735,53.637458269999115,sha256:f34aec0c75f8eb672068d836dda9765c5c077f3c42b54604a5ed8d29426a89a4,sha256:69eaab7740d60ebe9aa318bca6cdf01ded1cfbb0c446d76d17b99a5d1e1518f7,sha256:2e2a7eca79da51b377fd05dbd5e5752ef2ddcc62a0efe8d108d85b1254d0e359,outputs/fault-experiments-v2-2-n10/attempt-057/reviews/trial-6af3f24b95b508ae.json
trial-4edf95b6ba57c2c8,case-control-02,P05,1,matched_clean_control,,,,,False,False,False,False,,,True,False,False,False,False,art-401247793ce51ff0,3,186536,34944,3410,189946,74.81140904700078,sha256:062aacb7940b5b1137c35aa0ca4bd379692e60fb22515a4c02ed24b01579b653,sha256:7aafe467eddf76420cb419da526eba4d1b1431fb58ca39cd5e6a6d951c3c770c,sha256:b11a3db6cd5ca1b0eb13790c2d62e03ba6e61e329bf1c439fe2521dae62a9946,outputs/fault-experiments-v2-2-n10/attempt-057/reviews/trial-4edf95b6ba57c2c8.json
trial-1b7dafb2b0275a1f,case-control-02,P05,2,matched_clean_control,,,,,False,False,False,False,,,True,False,False,False,False,art-bfdf6ab462c35705,3,186587,34944,3577,190164,79.85581817699858,sha256:062aacb7940b5b1137c35aa0ca4bd379692e60fb22515a4c02ed24b01579b653,sha256:db0808e88b48f8904dabf4b7d2631bcd2c5fb3135e451273adb03345d16634a8,sha256:c42a4d85663c4610b0b8cf26cb82bcb275ce99230b6a3fd2774b53796fd69a19,outputs/fault-experiments-v2-2-n10/attempt-057/reviews/trial-1b7dafb2b0275a1f.json
trial-646dd64bc76f3f19,case-control-02,P05,3,matched_clean_control,,,,,False,False,False,False,,,True,False,False,False,False,art-bfdf6ab462c35705,3,186591,24704,2924,189515,65.50257046799925,sha256:062aacb7940b5b1137c35aa0ca4bd379692e60fb22515a4c02ed24b01579b653,sha256:8fad69e972c09009dbf0f0c08b570363a191eb97a49c13776609bcf7a3833d30,sha256:052dc2a659feefc7c1a5622c0b80b38b3a2c341e0f430d635120138104022457,outputs/fault-experiments-v2-2-n10/attempt-057/reviews/trial-646dd64bc76f3f19.json
trial-1b0c480615e96ee1,case-control-02,P06,1,matched_clean_control,,,,,False,False,False,False,,,True,False,False,False,False,,3,177304,34944,4188,181492,87.24955053799931,sha256:46db167145aa32c27b414644ebe2333a76dcdf335f08f58ea40b7c458c5de08f,sha256:65430899d90aa9aaf6032dd6b6d65681c83e8c7cedc76b040970079cd2200641,sha256:3512ae5434bf7c77683e18f6b79340c8eb3feb165b04e791ae17f53c4f29155b,outputs/fault-experiments-v2-2-n10/attempt-057/reviews/trial-1b0c480615e96ee1.json
trial-243a5afd86d041fa,case-control-02,P06,2,matched_clean_control,,,,,False,False,False,False,,,True,False,False,False,False,,3,177302,34944,3730,181032,80.66991622899877,sha256:46db167145aa32c27b414644ebe2333a76dcdf335f08f58ea40b7c458c5de08f,sha256:e7806ab0eac5e27f0643cac682596ced0122951ae67ac49c2fba41f3b1cbd4a7,sha256:7409905ea2555e9eda58e987a7a53e89d44ed36e216f3d85b07bd656bfe6b663,outputs/fault-experiments-v2-2-n10/attempt-057/reviews/trial-243a5afd86d041fa.json
trial-49158b32b11326a9,case-control-02,P06,3,matched_clean_control,,,,,False,False,False,False,,,True,False,False,False,False,,3,177305,34944,3847,181152,81.75951236400215,sha256:46db167145aa32c27b414644ebe2333a76dcdf335f08f58ea40b7c458c5de08f,sha256:76370cebd1a6196a58d3c47a2092836d60eb82f13cc675729bb919214a3d8034,sha256:0f271852ac74a1a2dbb39b424bcb3db00d76dd4f816c93bc8c0bff9a5b5145ef,outputs/fault-experiments-v2-2-n10/attempt-057/reviews/trial-49158b32b11326a9.json
trial-c29684db27bc23fc,case-control-03,P01,1,matched_clean_control,,,,,False,False,False,False,,,True,False,False,False,False,,1,27228,11648,1841,29069,36.88154221399964,sha256:6436790a63afffb7e4ca1622e70f36af5e2fa624b9818e2131212a8c9c3b8817,sha256:8010c6accdb9114387ebeade46adee6693ee8a93ad3f429b91f7efe6480a9618,sha256:895a79052dff36e74e9b5efeacf938c8a3d9e9978f8b4040184b6076c54cc864,outputs/fault-experiments-v2-2-n10/attempt-057/reviews/trial-c29684db27bc23fc.json
trial-e56dfe95bad82901,case-control-03,P01,2,matched_clean_control,,,,,False,False,False,False,,,True,False,False,False,False,,1,27227,11648,1261,28488,26.475126538998666,sha256:6436790a63afffb7e4ca1622e70f36af5e2fa624b9818e2131212a8c9c3b8817,sha256:a18383505636eba5518f435179301a28b552e4c0571784c96f69da14523ff50f,sha256:16c8beec82fcdc7e11ee21d38af96d7e608aa1844227386863f6f36527776087,outputs/fault-experiments-v2-2-n10/attempt-057/reviews/trial-e56dfe95bad82901.json
trial-1d7f100dec68485a,case-control-03,P01,3,matched_clean_control,,,,,False,False,False,False,,,True,False,False,False,False,,1,27227,11648,1239,28466,27.820459930999277,sha256:6436790a63afffb7e4ca1622e70f36af5e2fa624b9818e2131212a8c9c3b8817,sha256:366a46a8d1f830021271db682a8525cf56dc98a8a306a836c6d6046d3ca8daf8,sha256:20f53510c02822bb925d815361a7bdb06e88c8858f0d3039838d696263b7c264,outputs/fault-experiments-v2-2-n10/attempt-057/reviews/trial-1d7f100dec68485a.json
trial-afefca2f13219cb3,case-control-03,P02,1,matched_clean_control,,,,,False,False,False,False,,,True,False,False,False,False,,1,59055,11648,2303,61358,51.76074619799874,sha256:bb8c4013071165ce5ebef712da5a6ab4f04432674d068c8bc1a36a4c70a14398,sha256:66d05d90131d87ca738b51367f87c80c06467a5035d7c55ab9c3944a155b2fa5,sha256:293fa9dac2089a4cb86cb135f451c68fa521f1aa0f288839db0bed168f6d54f7,outputs/fault-experiments-v2-2-n10/attempt-057/reviews/trial-afefca2f13219cb3.json
trial-e70896954b7c97bb,case-control-03,P02,2,matched_clean_control,,,,,False,False,False,False,,,True,False,False,False,False,,1,59054,11648,1256,60310,26.64421429399954,sha256:bb8c4013071165ce5ebef712da5a6ab4f04432674d068c8bc1a36a4c70a14398,sha256:28d422d3170f95948483190a7612c565ea6c7a02bbce1da5eea5c0e438805ef0,sha256:18d340e7bd8560077cbf1dc5059da516d487d5cffa8ad14c87d831c2a8ba4f86,outputs/fault-experiments-v2-2-n10/attempt-057/reviews/trial-e70896954b7c97bb.json
trial-76d68f3d417a4311,case-control-03,P02,3,matched_clean_control,,,,,False,False,False,False,,,True,False,False,False,False,,1,59054,11648,1194,60248,27.75077716800297,sha256:bb8c4013071165ce5ebef712da5a6ab4f04432674d068c8bc1a36a4c70a14398,sha256:dc3676a52daac9b5e5388c8432fb010b35f15d09141c62054784deb3f8b007bd,sha256:4706dce3bf7bc915773176f8ecbaeb5be771083e3797ad6446f3ccbd0ac0b026,outputs/fault-experiments-v2-2-n10/attempt-057/reviews/trial-76d68f3d417a4311.json
trial-8e58b9e6b20f7840,case-control-03,P03,1,matched_clean_control,,,,,False,False,False,False,,,True,False,False,False,False,,1,60110,11648,797,60907,18.77959521699995,sha256:aeb80d5f8cdbbc2d2a0a350bb0b7501aac3706d81914e8526d3ef4ebc9856c83,sha256:0c976e98472594afdab50a5a232f25eb948bd6ce49b843bb98a4517920cf899c,sha256:ea44c2560b5b30af6279a389a1f646884c40b7d9f61a7dcf95f9a5cf48aa1bb5,outputs/fault-experiments-v2-2-n10/attempt-057/reviews/trial-8e58b9e6b20f7840.json
trial-27ee695527b3acdf,case-control-03,P03,2,matched_clean_control,,,,,False,False,False,False,,,True,False,False,False,False,,1,60110,11648,1479,61589,30.622236716999396,sha256:aeb80d5f8cdbbc2d2a0a350bb0b7501aac3706d81914e8526d3ef4ebc9856c83,sha256:a71190b2ed3d8a98e3f065593197daf3eb150d8eb745516a0ea5c86d11c77850,sha256:a9f4e7f11ea4bccf0cca89b44fc5ed008d0a7b361c3d385482568f4e7730625f,outputs/fault-experiments-v2-2-n10/attempt-057/reviews/trial-27ee695527b3acdf.json
trial-3d04a5355b2b8fa1,case-control-03,P03,3,matched_clean_control,,,,,False,False,False,False,,,True,False,False,False,False,,1,60110,11648,1300,61410,27.46455124199929,sha256:aeb80d5f8cdbbc2d2a0a350bb0b7501aac3706d81914e8526d3ef4ebc9856c83,sha256:b3e0dd01f1245cb03d8395f9e2befe5dc7567a35d11faacd821db9b6a5591fd5,sha256:b354ab31f057f091d76b2307f43807831529052900217ea117ba540383bc03bd,outputs/fault-experiments-v2-2-n10/attempt-057/reviews/trial-3d04a5355b2b8fa1.json
trial-4da4e8251c64187a,case-control-03,P04,1,matched_clean_control,,,,,False,False,False,False,,,True,False,False,False,False,art-5a2a4d81a9f1b963,3,183497,24704,2442,185939,57.865739283999574,sha256:1f0a0ef72adacbdd096f4730621c170df03f05e09df7f9a5697bce622b1cc883,sha256:61534caa198bc84e196130d0634c59821764f2e0cb13183bc08aea11ce543ada,sha256:5a7bda03de0e8d3c442748d8634619c790a06b1ca423c38e3b64184ae50ecf6a,outputs/fault-experiments-v2-2-n10/attempt-057/reviews/trial-4da4e8251c64187a.json
trial-d1546bd058e10de6,case-control-03,P04,2,matched_clean_control,,,,,False,False,False,False,,,True,False,False,False,False,art-5a2a4d81a9f1b963,3,183462,24704,2517,185979,61.28617087400198,sha256:1f0a0ef72adacbdd096f4730621c170df03f05e09df7f9a5697bce622b1cc883,sha256:fee6b8f718c26450b7d95889e4aa1d8cce62ac2e3f82c6e7583d1dce4fd70b23,sha256:a7eb5647aeb53f6802d14b0ec8e28b5f5aad8dbd13f70ae80fcb955c605dbedc,outputs/fault-experiments-v2-2-n10/attempt-057/reviews/trial-d1546bd058e10de6.json
trial-c7fb4b01d2d84a8e,case-control-03,P04,3,matched_clean_control,,,,,False,False,False,False,,,True,False,False,False,False,art-66f11a9784b87426,3,181702,34944,2454,184156,59.419778016001146,sha256:1f0a0ef72adacbdd096f4730621c170df03f05e09df7f9a5697bce622b1cc883,sha256:903edf2bf513133acf5e0166e97eaf0152be0743252182ac3ccd6df78e52ab32,sha256:9901225eeca7e72f3190aa10291f777a9ba06c7abbd4ba5c19a3539ed67ad7b2,outputs/fault-experiments-v2-2-n10/attempt-057/reviews/trial-c7fb4b01d2d84a8e.json
trial-77704916235dd592,case-control-03,P05,1,matched_clean_control,,,,,False,False,False,False,,,True,False,False,False,False,art-5a2a4d81a9f1b963,3,186627,34944,1846,188473,46.10131836599976,sha256:c1ee6ff8b7610f3b5ae2d24ee07b7a88e05fe3fc0c9df97020277e17820d31fc,sha256:1d18acf729b3adf4c2387fd0d7c57f02f11906da276b900fc3df69340f61558f,sha256:506f1756d01e56a4aa640b06064a409a0fcfda7b20826528d48c2cc9db9d6e3a,outputs/fault-experiments-v2-2-n10/attempt-057/reviews/trial-77704916235dd592.json
trial-3b8df8e62337e049,case-control-03,P05,2,matched_clean_control,,,,,False,False,False,False,,,True,False,False,False,False,art-66f11a9784b87426,3,185036,34944,2477,187513,56.376092491002055,sha256:c1ee6ff8b7610f3b5ae2d24ee07b7a88e05fe3fc0c9df97020277e17820d31fc,sha256:ca3f1498ac3b96512e0b217afc00a0dd81034eef4aa322489e08768698aac6ed,sha256:6be80ad941f25ca762c32a432952b375e9c1ad59ead628d33ac3dfb2c246972a,outputs/fault-experiments-v2-2-n10/attempt-057/reviews/trial-3b8df8e62337e049.json
trial-d0c1c6579970fb9b,case-control-03,P05,3,matched_clean_control,,,,,False,False,False,False,,,True,False,False,False,False,art-5a2a4d81a9f1b963,3,186630,24704,2640,189270,63.212814542999695,sha256:c1ee6ff8b7610f3b5ae2d24ee07b7a88e05fe3fc0c9df97020277e17820d31fc,sha256:33e13f0151bb565e4e02d4ec748c2a8301f7176756f20d7ba23028cfe530f72c,sha256:7159655c7a007020dab12898d7c754adb1413abaa4266e8c7aa412e4ad08a1c9,outputs/fault-experiments-v2-2-n10/attempt-057/reviews/trial-d0c1c6579970fb9b.json
trial-aeaabd054b36672d,case-control-03,P06,1,matched_clean_control,,,,,False,False,False,False,,,True,False,False,False,False,,3,177371,24704,4607,181978,95.1340682709997,sha256:59185d48c765bca8fd755ab86824864fc3bf88f2084ccbf8703633c8e3b42d7e,sha256:7be41eb5ab6d1c9518abeed424f9be3bb5caf84e38cbd818c2404f372663066d,sha256:4302996635587a5c9ee1c7749205385aad2a0d7cd7605be057e53c0094ba082a,outputs/fault-experiments-v2-2-n10/attempt-057/reviews/trial-aeaabd054b36672d.json
trial-83d2bb893a872815,case-control-03,P06,2,matched_clean_control,,,,,False,False,False,False,,,True,False,False,False,False,,3,177368,24704,5086,182454,104.98074759000338,sha256:59185d48c765bca8fd755ab86824864fc3bf88f2084ccbf8703633c8e3b42d7e,sha256:cc4f105606cc2d347c9c8f7b8be5371275f082e57a96a2b0900d97c53bb5c202,sha256:a465a5ae91d56e3a62ed3d02628162aaa2e940d14b98b432ec54cb14bb06b86d,outputs/fault-experiments-v2-2-n10/attempt-057/reviews/trial-83d2bb893a872815.json
trial-603d88e8c519b60f,case-control-03,P06,3,matched_clean_control,,,,,False,False,False,False,,,True,False,False,False,False,,3,177368,34944,3704,181072,81.22556694799823,sha256:59185d48c765bca8fd755ab86824864fc3bf88f2084ccbf8703633c8e3b42d7e,sha256:ad6af7e1a57aff4bc35b63db3d2f201abf613e907b23cc3d30a5117e856119cf,sha256:a2061e1876068dd8ee449c2f900da49780c70cf7a41c88ff0714691c6195f39c,outputs/fault-experiments-v2-2-n10/attempt-057/reviews/trial-603d88e8c519b60f.json
trial-535a67e766a0a7f5,case-control-04,P01,1,matched_clean_control,,,,,False,False,False,False,,,True,False,False,False,False,,1,27249,11648,2277,29526,52.113570665000225,sha256:f0ecae4e0dbb9cf4a3ca503bb6048f1599e24d5e094d748a5ca918b29742ede4,sha256:5862819ea29dd4f515483d896efaabfb72b5fcda393dd8048a60465ae656d910,sha256:fdc0a5568fd07357902635038718ef5ff77e301d8380c17cd8b30f14a06902fd,outputs/fault-experiments-v2-2-n10/attempt-057/reviews/trial-535a67e766a0a7f5.json
trial-cc5f318b111fda59,case-control-04,P01,2,matched_clean_control,,,,,False,False,False,False,,,True,False,False,False,False,,1,27249,11648,2753,30002,53.859370137999576,sha256:f0ecae4e0dbb9cf4a3ca503bb6048f1599e24d5e094d748a5ca918b29742ede4,sha256:57289ff49693cedd7e13db7e88886c6ddfa2ed2c9161a3844701abe6f607f777,sha256:521ca7fa697cfdc650e0b6745b87b1b49607706f7547992a747a1c62e65ceccb,outputs/fault-experiments-v2-2-n10/attempt-057/reviews/trial-cc5f318b111fda59.json
trial-267056c6f49e7858,case-control-04,P01,3,matched_clean_control,,,,,False,False,False,False,,,True,False,False,False,False,,1,27249,11648,1772,29021,35.678155008999966,sha256:f0ecae4e0dbb9cf4a3ca503bb6048f1599e24d5e094d748a5ca918b29742ede4,sha256:c27c67591465a82e7d27b0ca85eb845899bebb6a5e20d0c0b12a39235e078b38,sha256:de3695792bcd3c258ca328018273f4c00a52a355c885e3b8ecc894f17e5aaeb2,outputs/fault-experiments-v2-2-n10/attempt-057/reviews/trial-267056c6f49e7858.json
trial-e6ba7fa46bd0cd4d,case-control-04,P02,1,matched_clean_control,,,,,False,False,False,False,,,True,False,False,False,False,,1,59141,11648,1308,60449,27.65593982000064,sha256:7ddf822545729fc46ac78dcda38999f3dd07b0281bd541c369ca3d09ddd781f8,sha256:1db360c3f208cd4f9e04827dc2494d84ab6aa4617096d1b64ca54e51684f6b33,sha256:53801f7ce0aa4f59b82291e6057df20640a46cbd6cd49eab8205c3c0420d5684,outputs/fault-experiments-v2-2-n10/attempt-057/reviews/trial-e6ba7fa46bd0cd4d.json
trial-f06a0f9a6bf42d27,case-control-04,P02,2,matched_clean_control,,,,,False,False,False,False,,,True,False,False,False,False,,1,59141,11648,697,59838,16.756780732999687,sha256:7ddf822545729fc46ac78dcda38999f3dd07b0281bd541c369ca3d09ddd781f8,sha256:8c7caf4fb415538996155645a4f9b15057b7902abf2973d346f5cc6a0934b937,sha256:6b1152156452f58e19ebab82e453760af0927b5a31ddf763176e9170fb967dcd,outputs/fault-experiments-v2-2-n10/attempt-057/reviews/trial-f06a0f9a6bf42d27.json
trial-42d187c1e0e04dba,case-control-04,P02,3,matched_clean_control,,,,,False,False,False,False,,,True,False,False,False,False,,1,59142,11648,2033,61175,40.76540103099978,sha256:7ddf822545729fc46ac78dcda38999f3dd07b0281bd541c369ca3d09ddd781f8,sha256:db6fd86bc93a1c779d57d76859d26703c3eb3ed901446613f7b4c90dfeafb0a3,sha256:97cf189847cf531be713110558329d319d8e4d02a73e29d6afd67766ded6b81d,outputs/fault-experiments-v2-2-n10/attempt-057/reviews/trial-42d187c1e0e04dba.json
trial-f8fe1df35a88da84,case-control-04,P03,1,matched_clean_control,,,,,False,False,False,False,,,True,False,False,False,False,,1,60198,11648,2029,62227,40.81696983099937,sha256:3548065cd27666dec8e212562b112af01497d4e1157c24847a432bced0561c60,sha256:87e92cc0514d416cb5fe3e222a0d9b537edda7313e9a3e13cf15956f4bf30cc9,sha256:78fdffc2cab60e70852f9e35b788f315baa8799865b5d5407f4fb04ee7810c2c,outputs/fault-experiments-v2-2-n10/attempt-057/reviews/trial-f8fe1df35a88da84.json
trial-a458c44c19629ad6,case-control-04,P03,2,matched_clean_control,,,,,False,False,False,False,,,True,False,False,False,False,,1,60199,11648,2347,62546,46.6394463430006,sha256:3548065cd27666dec8e212562b112af01497d4e1157c24847a432bced0561c60,sha256:191eaaeb2586e9275588f466b6219a286d6bb203ca0746ce8028aeb5d5b53d33,sha256:cd25067807d7b8716f4544ae1b0e910b5528675d936f1fdc4a92965389252c7a,outputs/fault-experiments-v2-2-n10/attempt-057/reviews/trial-a458c44c19629ad6.json
trial-dd6c9e1fc9f23bd5,case-control-04,P03,3,matched_clean_control,,,,,False,False,False,False,,,True,False,False,False,False,,1,60199,11648,1792,61991,37.92444828099997,sha256:3548065cd27666dec8e212562b112af01497d4e1157c24847a432bced0561c60,sha256:9f739b8b80dc343e6d495333a47d3d912c9ceaa51c8565a6d76a3570832a6a0c,sha256:1a83960f327b0e20468bee865e5f7eeb3b925dd9ab61eb8d6b0eda2dfedf096b,outputs/fault-experiments-v2-2-n10/attempt-057/reviews/trial-dd6c9e1fc9f23bd5.json
trial-77dba96eeee58d4c,case-control-04,P04,1,matched_clean_control,,,,,False,False,False,False,,,True,False,False,False,False,art-8cd6907045bb8f38,3,183709,34944,2364,186073,57.69936117399993,sha256:dba7e3f7b2025d2c0959935aa9909bf2d95e838b1a29bc2898b29b341dc85bbf,sha256:afb470a4e30d67c147bae517747bd488341589834fb2f5dc585fcddd7ab84de0,sha256:7e64e3007d2711a81bd7f87badc1729629e190be285141f599e8e1cd03cb2e7b,outputs/fault-experiments-v2-2-n10/attempt-057/reviews/trial-77dba96eeee58d4c.json
trial-2e5753e3a5d9e6f2,case-control-04,P04,2,matched_clean_control,,,,,False,False,False,False,,,True,False,False,False,False,art-e50dbfac8577e242,3,201634,24704,2561,204195,60.367147449000186,sha256:dba7e3f7b2025d2c0959935aa9909bf2d95e838b1a29bc2898b29b341dc85bbf,sha256:95c0c5999e8aec9fea79f5b6f700723188cb948ab4e76aa6a2f85b50d397698d,sha256:5d552c2a9dac9dd1380aa31e7e91b905180a8edc75a642bee061f0cde09af40a,outputs/fault-experiments-v2-2-n10/attempt-057/reviews/trial-2e5753e3a5d9e6f2.json
trial-31b0a7eb0f4fb123,case-control-04,P04,3,matched_clean_control,,,,,False,False,False,False,,,True,False,False,False,False,art-e50dbfac8577e242,3,201018,34944,2072,203090,50.77979618399877,sha256:dba7e3f7b2025d2c0959935aa9909bf2d95e838b1a29bc2898b29b341dc85bbf,sha256:1e39033606d6bea5d15ae16a6fbb332f860dbb70cd9b89143bf0824bc42249ba,sha256:f5bf6ade556eced5e16ec6bc869fd3ae6392a2a495be4bec78a14b2644b6095f,outputs/fault-experiments-v2-2-n10/attempt-057/reviews/trial-31b0a7eb0f4fb123.json
trial-69c65b25601c2599,case-control-04,P05,1,matched_clean_control,,,,,False,False,False,False,,,True,False,False,False,False,art-8cd6907045bb8f38,3,186876,24704,1914,188790,48.63610750400039,sha256:45050d6418e13f1dd54060b637914a76f6bf251544a01a2ffcb65a2ccf7abbb4,sha256:6ee5393d97e2c9b930c1afece88c71ca9bae50f28739a3b7621a0002c79a60f1,sha256:62f611f08e7e0b98f843e2e4947e049c44d2600594b7b3a368b6540c208eb0d8,outputs/fault-experiments-v2-2-n10/attempt-057/reviews/trial-69c65b25601c2599.json
trial-f399467170fefe0d,case-control-04,P05,2,matched_clean_control,,,,,False,False,False,False,,,True,False,False,False,False,art-3fa6fc2f00ca34a3,3,185325,34944,1904,187229,47.98743898000066,sha256:45050d6418e13f1dd54060b637914a76f6bf251544a01a2ffcb65a2ccf7abbb4,sha256:99a8b9e4c55d4af2873e3756123e7658cc213afde1436f68269525a5a5456fcd,sha256:5bae66d6645df46feec306c447d3d8caa0d698140cbb5477764d1d879bfed12a,outputs/fault-experiments-v2-2-n10/attempt-057/reviews/trial-f399467170fefe0d.json
trial-495a5b15a25baeac,case-control-04,P05,3,matched_clean_control,,,,,False,False,False,False,,,True,False,False,False,False,art-8cd6907045bb8f38,3,186922,34944,2831,189753,63.62028906899832,sha256:45050d6418e13f1dd54060b637914a76f6bf251544a01a2ffcb65a2ccf7abbb4,sha256:9b3b0b9c473e440a6b6d72faee022d744703b9ddaeebf889fd86e6b022e93a63,sha256:829f6d4241333b4fb8a57bb088f8306bb908f0078d7478389870665056510401,outputs/fault-experiments-v2-2-n10/attempt-057/reviews/trial-495a5b15a25baeac.json
trial-cddd1df2e80891db,case-control-04,P06,1,matched_clean_control,,,,,False,False,False,False,,,True,False,False,False,False,,3,177633,34944,4281,181914,92.81828070699885,sha256:f737a23cf90ab0c91c5300da179b363e845ed65b9b6d22e14f368bfa1191fe6e,sha256:5ba89c34db756079f93d450d6116bfe929d1ca100cd2b0aa5f1930c36c851369,sha256:681209ab4560c43e2fe82ca50c6e4eebed77e97dd9f42a6fee67633924e3f874,outputs/fault-experiments-v2-2-n10/attempt-057/reviews/trial-cddd1df2e80891db.json
trial-d9716cc5f2234cb0,case-control-04,P06,2,matched_clean_control,,,,,False,False,False,False,,,True,False,False,False,False,,3,177637,24704,3688,181325,80.02899335999973,sha256:f737a23cf90ab0c91c5300da179b363e845ed65b9b6d22e14f368bfa1191fe6e,sha256:695b9fd0773fe3983ecae993000919eaa0b868e200504ae435dbd9d15e7ff6dc,sha256:ba7b00e0cd57d32bf44b8e1d25d7fa5ffad1f531f1eaed6c36f5dbb8b8a0e5b1,outputs/fault-experiments-v2-2-n10/attempt-057/reviews/trial-d9716cc5f2234cb0.json
trial-66beb04cc8102e81,case-control-04,P06,3,matched_clean_control,,,,,False,False,False,False,,,True,False,False,False,False,,3,177635,14464,5219,182854,108.30817870499959,sha256:f737a23cf90ab0c91c5300da179b363e845ed65b9b6d22e14f368bfa1191fe6e,sha256:1f9d6da337147cb69cf383acb0e48fa79919e569f3fb01ac583ccffa2de85242,sha256:0a425f9c9072cbe798e9b2e1574f964c175c8fa1c5f0c457ce999ac38dd48eee,outputs/fault-experiments-v2-2-n10/attempt-057/reviews/trial-66beb04cc8102e81.json
trial-047d1f86296d1180,case-r01,P01,1,upstream_fault,R_premature_contribution_rounding,job_upstream_demand_provenance,job_1,weight_source_reliability,False,False,False,False,,,True,False,False,False,False,,1,27219,11648,2599,29818,50.941062763002265,sha256:249944b146c3462557b1b8319a5a85d6107aa29c4c5a3a1ffc92ab0e65ff8fa0,sha256:94f58753742aab6cd414b6e07d349cf13dbd3a9cbe78c1e1cdcfca28758db282,sha256:97cc4a0af02cef3a66f0ee8020772c492fa37276018e9da5375636aa650c867a,outputs/fault-experiments-v2-2-n10/attempt-057/reviews/trial-047d1f86296d1180.json
trial-17e373124c8d943a,case-r01,P01,2,upstream_fault,R_premature_contribution_rounding,job_upstream_demand_provenance,job_1,weight_source_reliability,False,False,False,False,,,True,False,False,False,False,,1,27218,11648,1826,29044,36.57457283199983,sha256:249944b146c3462557b1b8319a5a85d6107aa29c4c5a3a1ffc92ab0e65ff8fa0,sha256:38ea646a9d02dfe0b95b6aee72d3d3a5f10870d71653c9a0b0eab3818089e865,sha256:74b1ad257828110bf236df578ac747fe820b0009f5cbc87106558e13d0947550,outputs/fault-experiments-v2-2-n10/attempt-057/reviews/trial-17e373124c8d943a.json
trial-72c220c469c39c49,case-r01,P01,3,upstream_fault,R_premature_contribution_rounding,job_upstream_demand_provenance,job_1,weight_source_reliability,False,False,False,False,,,True,False,False,False,False,,1,27218,11648,1644,28862,33.231133749002765,sha256:249944b146c3462557b1b8319a5a85d6107aa29c4c5a3a1ffc92ab0e65ff8fa0,sha256:92cfbddeb47a36f3a560782206bb132a8c434899c8722e7efaced60822473b7b,sha256:1b9742490f9896aca8276e3ec9659d94512112325e869cb9b6c5686234e85645,outputs/fault-experiments-v2-2-n10/attempt-057/reviews/trial-72c220c469c39c49.json
trial-8361627e11a91904,case-r01,P02,1,upstream_fault,R_premature_contribution_rounding,job_upstream_demand_provenance,job_1,weight_source_reliability,True,True,True,False,job_1,weight_source_reliability,True,True,True,False,False,,1,59102,11648,818,59920,18.702450057000533,sha256:4feeaf7b3ca9be7187266a6e8a4c10105e2d1c8b4695918a62c98c1bac069b05,sha256:96845370870e0394086185cde90afa4ca5691f17d1292d80a758ae265eeff87e,sha256:29dcc5523fd9e4b2a744dc579691e892526d48b8f2488164029386d3bbb155c1,outputs/fault-experiments-v2-2-n10/attempt-057/reviews/trial-8361627e11a91904.json
trial-b5f14858a3a519cf,case-r01,P02,2,upstream_fault,R_premature_contribution_rounding,job_upstream_demand_provenance,job_1,weight_source_reliability,False,False,False,False,,,True,False,False,False,False,,1,59103,11648,3174,62277,61.46517998499985,sha256:4feeaf7b3ca9be7187266a6e8a4c10105e2d1c8b4695918a62c98c1bac069b05,sha256:8e0faed3bb1a26182f2b1a20ff7b6c810a78f64256f72699b501a4fb2ca5ab14,sha256:48e60297754ed5ef523fab8a25764d2d7aa284c68f6942e5de4b704890ca452c,outputs/fault-experiments-v2-2-n10/attempt-057/reviews/trial-b5f14858a3a519cf.json
trial-694465525fa43bf8,case-r01,P02,3,upstream_fault,R_premature_contribution_rounding,job_upstream_demand_provenance,job_1,weight_source_reliability,True,True,True,False,job_1,weight_source_reliability,True,True,True,False,False,,1,59103,11648,4396,63499,83.03508798800067,sha256:4feeaf7b3ca9be7187266a6e8a4c10105e2d1c8b4695918a62c98c1bac069b05,sha256:c5ae710a79b4c63e2a7d58849d37c641700557612c96969bb4a7f3caee2665ae,sha256:ed923c7f692d8b0565bf672434709b8d6963664f7166333e334e2a1857b47c55,outputs/fault-experiments-v2-2-n10/attempt-057/reviews/trial-694465525fa43bf8.json
trial-676d5b7aa5c2ef95,case-r01,P03,1,upstream_fault,R_premature_contribution_rounding,job_upstream_demand_provenance,job_1,weight_source_reliability,False,False,False,False,,,True,False,False,False,False,,1,60158,11648,2395,62553,47.57657845999893,sha256:7e9899dd9a9a377d9ed49367f8ae809b409f7b2724d27d316f45455d684fc1f2,sha256:b9aab662d478a0d0e57e5ff54963df9340f4d1fc8251aedfb95b5a4acd9436ac,sha256:b4ab77bc6cc2f1b4365a2b16c237ea259de01386902a3cbf30f0ba59603df3e5,outputs/fault-experiments-v2-2-n10/attempt-057/reviews/trial-676d5b7aa5c2ef95.json
trial-15c2a4b5704adbae,case-r01,P03,2,upstream_fault,R_premature_contribution_rounding,job_upstream_demand_provenance,job_1,weight_source_reliability,False,False,False,False,,,True,False,False,False,False,,1,60159,11648,763,60922,20.198950732999947,sha256:7e9899dd9a9a377d9ed49367f8ae809b409f7b2724d27d316f45455d684fc1f2,sha256:4046cfff14d45c932a0fb8bbf3c41e9164a5cf3d29a8f0792e4d1c8e9d809f05,sha256:e7f8ca13bdcb3d6a7b5a43a4a71137005387741216b094fd079e29050ba14c07,outputs/fault-experiments-v2-2-n10/attempt-057/reviews/trial-15c2a4b5704adbae.json
trial-a1de878c20c21ace,case-r01,P03,3,upstream_fault,R_premature_contribution_rounding,job_upstream_demand_provenance,job_1,weight_source_reliability,False,False,False,False,,,True,False,False,False,False,,1,60158,11648,4790,64948,90.19240498799991,sha256:7e9899dd9a9a377d9ed49367f8ae809b409f7b2724d27d316f45455d684fc1f2,sha256:5d9b3a990e4af46638842ea9d9641f185f05daa0ebee1305dab1f617dc203fd2,sha256:43a6d2b808276ce7a0f8ae52069af261e77e4207acdb72e184a1975fd1fddd6d,outputs/fault-experiments-v2-2-n10/attempt-057/reviews/trial-a1de878c20c21ace.json
trial-960aa60ff7946526,case-r01,P04,1,upstream_fault,R_premature_contribution_rounding,job_upstream_demand_provenance,job_1,weight_source_reliability,True,True,True,False,job_1,weight_source_reliability,True,True,True,False,False,art-133083eb8efc81cf,3,201831,34944,3502,205333,76.54091449599764,sha256:a9d71d5f04d427a41fbceda45866d7773a812ac2d2c23c6bafe622942cfb2de1,sha256:59e952f3fbb913f1ecf29ffbe4f847b5420064ef70232287028e54916eb3cab0,sha256:bfebec6a4043117d41c47645a07aeb436ee29058cc9db122453201b194d8fa55,outputs/fault-experiments-v2-2-n10/attempt-057/reviews/trial-960aa60ff7946526.json
trial-b660f9567d5e1ef2,case-r01,P04,2,upstream_fault,R_premature_contribution_rounding,job_upstream_demand_provenance,job_1,weight_source_reliability,False,False,False,False,,,True,False,False,False,False,art-0c929517255431f9,3,201834,34944,1999,203833,49.33567435600162,sha256:a9d71d5f04d427a41fbceda45866d7773a812ac2d2c23c6bafe622942cfb2de1,sha256:a34740cbc56348ee0e718e375f9cf69aa77946e20f20d916fbf8fb76dbdc2fe1,sha256:02dd50ffa2aaf23ecf3a5b451d867012d6b2021f088cf5492dd6ac197a2104d1,outputs/fault-experiments-v2-2-n10/attempt-057/reviews/trial-b660f9567d5e1ef2.json
trial-de5b18711c6ec00f,case-r01,P04,3,upstream_fault,R_premature_contribution_rounding,job_upstream_demand_provenance,job_1,weight_source_reliability,False,False,False,False,,,True,False,False,False,False,art-b2cd375f26d4fb9e,3,203033,4224,1977,205010,49.10025708899957,sha256:a9d71d5f04d427a41fbceda45866d7773a812ac2d2c23c6bafe622942cfb2de1,sha256:ca10fb0fd9015cac57a4070fb2e4b7020225fa2f6d3f141a9f729901373a991b,sha256:21dd2b9af4784aa487d1cef63a59574a8a29099930bef6cd6e5f19b843c7994c,outputs/fault-experiments-v2-2-n10/attempt-057/reviews/trial-de5b18711c6ec00f.json
trial-778f1f55e2181b61,case-r01,P05,1,upstream_fault,R_premature_contribution_rounding,job_upstream_demand_provenance,job_1,weight_source_reliability,False,False,False,False,,,True,False,False,False,False,art-133083eb8efc81cf,3,204993,34944,2510,207503,57.801017720001255,sha256:14b26e00e4b2a85ad8a255d2b5cda01a5124fa2531056d9dd768dabd53d0fd45,sha256:0a4846efb0ac2c5beae1dfe9cd0bf0e9e554e826c37994ff3d4eccff6ddbbc31,sha256:0ea7a581487a0f29960a3ecba0a9502e98ac62e349ef886d3dadcfdd207f3c47,outputs/fault-experiments-v2-2-n10/attempt-057/reviews/trial-778f1f55e2181b61.json
trial-393174e68b8dff80,case-r01,P05,2,upstream_fault,R_premature_contribution_rounding,job_upstream_demand_provenance,job_1,weight_source_reliability,False,False,False,False,,,True,False,False,False,False,art-b6cc5980e8033a80,3,186641,34944,2480,189121,58.48440751700036,sha256:14b26e00e4b2a85ad8a255d2b5cda01a5124fa2531056d9dd768dabd53d0fd45,sha256:fdd8c127bcc29d216ad94da2868cf837e14abd157d22e0126e9c9ff383f03400,sha256:fd382e2319c7dc837f989e94790f91f7979eeedd48ca0d1ca7c880c48619199d,outputs/fault-experiments-v2-2-n10/attempt-057/reviews/trial-393174e68b8dff80.json
trial-b0318fa900d05ddb,case-r01,P05,3,upstream_fault,R_premature_contribution_rounding,job_upstream_demand_provenance,job_1,weight_source_reliability,True,True,True,False,job_1,weight_source_reliability,True,True,True,False,False,art-133083eb8efc81cf,3,205000,34944,4117,209117,88.28273713600174,sha256:14b26e00e4b2a85ad8a255d2b5cda01a5124fa2531056d9dd768dabd53d0fd45,sha256:d33e6982a5a94ff2d45d07d5521ffea732cd799a6468bd6d7f99d698efa2cff3,sha256:bd6b0e79e0ccd29caf1ba7661f755a2df08a3853160fa268304dd890919e9bce,outputs/fault-experiments-v2-2-n10/attempt-057/reviews/trial-b0318fa900d05ddb.json
trial-9c9220f5e49f2901,case-r01,P06,1,upstream_fault,R_premature_contribution_rounding,job_upstream_demand_provenance,job_1,weight_source_reliability,False,False,False,False,,,True,False,False,False,False,,3,177519,34944,5152,182671,105.8600394080022,sha256:1aace81fbb5372e400f63cfff6f0dd394e0e18c820380c77907953d5e35e9e34,sha256:9f74fa4ebe45fb293b704acaac028528b0f4631d9d0213e2746845688502a1cb,sha256:83fa1040d7fd2100ee3a6c7e6bdc45c7e1fa329861f982d7e0625e0db949910c,outputs/fault-experiments-v2-2-n10/attempt-057/reviews/trial-9c9220f5e49f2901.json
trial-7420fae83329481e,case-r01,P06,2,upstream_fault,R_premature_contribution_rounding,job_upstream_demand_provenance,job_1,weight_source_reliability,False,False,False,False,,,True,False,False,False,False,,3,177518,34944,5719,183237,116.68347133100178,sha256:1aace81fbb5372e400f63cfff6f0dd394e0e18c820380c77907953d5e35e9e34,sha256:1295017f51455c8653fd173e5196bcaf29aba56b6a8aef020a9ecaaffc034224,sha256:2c4b927395e5399e94f7b9ea8a8c52b39edce0cc3023df59c3faead0b6588548,outputs/fault-experiments-v2-2-n10/attempt-057/reviews/trial-7420fae83329481e.json
trial-cb1d258ac6301968,case-r01,P06,3,upstream_fault,R_premature_contribution_rounding,job_upstream_demand_provenance,job_1,weight_source_reliability,False,False,False,False,,,True,False,False,False,False,,3,177517,14464,5182,182699,108.07817999200233,sha256:1aace81fbb5372e400f63cfff6f0dd394e0e18c820380c77907953d5e35e9e34,sha256:f5b382b0d3d43535625c1104631d8eed0697343bc34334fa4529168375a37a36,sha256:d291f45df93aa5fabbeee04b140edd8363b7ec51d4c4b14d859ae5f7d0ee93c7,outputs/fault-experiments-v2-2-n10/attempt-057/reviews/trial-cb1d258ac6301968.json
trial-9d9d6c6d8cbf3c84,case-r02,P01,1,upstream_fault,R_premature_contribution_rounding,job_upstream_demand_provenance,job_1,weight_source_reliability,False,False,False,False,,,True,False,False,False,False,,1,27163,11648,2792,29955,54.509233345999746,sha256:48b69dfe8b73840145e497457354b503455502ce4aa188211502a2e66543d417,sha256:6e1f353657b16d015d65d9a0fff7fa78c054067b0089d647f63144cb7fa3decb,sha256:a98c809ed3657bb8c0f5ee1767cca910c26c57e095e57557d6a3d8573494aeec,outputs/fault-experiments-v2-2-n10/attempt-057/reviews/trial-9d9d6c6d8cbf3c84.json
trial-d2fa84b17ca1535a,case-r02,P01,2,upstream_fault,R_premature_contribution_rounding,job_upstream_demand_provenance,job_1,weight_source_reliability,False,False,False,False,,,True,False,False,False,False,,1,27163,11648,3862,31025,73.21879088300011,sha256:48b69dfe8b73840145e497457354b503455502ce4aa188211502a2e66543d417,sha256:8d1f32f0518c7294ae8e680fff7341c5bae750f0513635dfdb7158a553820ff7,sha256:fad95cd55839c156c2f994272b8a09c0c9411bb63019bcda4d7ca40b36bb377f,outputs/fault-experiments-v2-2-n10/attempt-057/reviews/trial-d2fa84b17ca1535a.json
trial-51fdf0ec9c54d15c,case-r02,P01,3,upstream_fault,R_premature_contribution_rounding,job_upstream_demand_provenance,job_1,weight_source_reliability,False,False,False,False,,,True,False,False,False,False,,1,27164,11648,2581,29745,50.67651521500011,sha256:48b69dfe8b73840145e497457354b503455502ce4aa188211502a2e66543d417,sha256:f038451e4384c38a4ea1cc3111abf705ce887d23585de6a66d2ddb57747e3f82,sha256:f30493edda186d35ecc5f79438f3efa7390bffcec828e74aa78350f5a9c9b71d,outputs/fault-experiments-v2-2-n10/attempt-057/reviews/trial-51fdf0ec9c54d15c.json
trial-8a873c53f8972289,case-r02,P02,1,upstream_fault,R_premature_contribution_rounding,job_upstream_demand_provenance,job_1,weight_source_reliability,False,False,False,False,,,True,False,False,False,False,,1,59119,1408,1807,60926,36.690477740999995,sha256:f7813cca2eab3dd839b255d0ddfebda6b757dc259a1e79ccdc20baa4e87f0cde,sha256:a4329de0f95b6068bfab2268361bdc684231d84910d7b3a26fef8214ab1f5f35,sha256:c6914d5920ee1564da1812878061f03ce1eb88a2a1291ea1418bcb67320cd1df,outputs/fault-experiments-v2-2-n10/attempt-057/reviews/trial-8a873c53f8972289.json
trial-a1ca4356efc232dd,case-r02,P02,2,upstream_fault,R_premature_contribution_rounding,job_upstream_demand_provenance,job_1,weight_source_reliability,False,False,False,False,,,True,False,False,False,False,,1,59120,11648,2830,61950,55.03692539500025,sha256:f7813cca2eab3dd839b255d0ddfebda6b757dc259a1e79ccdc20baa4e87f0cde,sha256:cd0ba2b2b3ceb80c0e0e9cf0c8a76ea735d5735467b7d483513ccf00ead33df8,sha256:3f644eb3bf94106d0932803e6659e9a93b9ecf80d47219fce455741e44e0a4e7,outputs/fault-experiments-v2-2-n10/attempt-057/reviews/trial-a1ca4356efc232dd.json
trial-36ab263327d85c18,case-r02,P02,3,upstream_fault,R_premature_contribution_rounding,job_upstream_demand_provenance,job_1,weight_source_reliability,True,True,True,False,job_1,weight_source_reliability,True,True,True,False,False,,1,59119,11648,3479,62598,66.72391060200061,sha256:f7813cca2eab3dd839b255d0ddfebda6b757dc259a1e79ccdc20baa4e87f0cde,sha256:39068d5334d2d5087a8fddcea5fb66ef3a43d54c8640549d11ba979a7934eb3a,sha256:19eee0975fdc7a486fd293f09d8832b425f9d6f5a4f05b3455dacbcee8dffb8b,outputs/fault-experiments-v2-2-n10/attempt-057/reviews/trial-36ab263327d85c18.json
trial-59832160a8c375cd,case-r02,P03,1,upstream_fault,R_premature_contribution_rounding,job_upstream_demand_provenance,job_1,weight_source_reliability,False,False,False,False,,,True,False,False,False,False,,1,60175,11648,764,60939,17.832058788000722,sha256:efdf92cdf4755fff455db639a6c2da1f40694397f3619352d4dad97cdb59a23e,sha256:317acca0fab1acc1664468fda87d74aa9fa2f9cc1a2688b8390763e07546a343,sha256:165d48c70fc909541161d2d8295b8bc809fc1e16bea2cee7db88fdfc46d022fe,outputs/fault-experiments-v2-2-n10/attempt-057/reviews/trial-59832160a8c375cd.json
trial-6145ad060a7b6eb0,case-r02,P03,2,upstream_fault,R_premature_contribution_rounding,job_upstream_demand_provenance,job_1,weight_source_reliability,False,False,False,False,,,True,False,False,False,False,,1,60175,11648,3195,63370,61.91736103800213,sha256:efdf92cdf4755fff455db639a6c2da1f40694397f3619352d4dad97cdb59a23e,sha256:e3ae64a33305fdac7087c0b5636d5a37c93a480bc0fc7ee6e093d4ea0652a9a0,sha256:9a06b953cbb5378271cfd695acd0342a4e65fe44d4bcf576c7051adb7fcb5f26,outputs/fault-experiments-v2-2-n10/attempt-057/reviews/trial-6145ad060a7b6eb0.json
trial-0e67ba1bb71af700,case-r02,P03,3,upstream_fault,R_premature_contribution_rounding,job_upstream_demand_provenance,job_1,weight_source_reliability,False,False,False,False,,,True,False,False,False,False,,1,60175,11648,3950,64125,74.98093165800037,sha256:efdf92cdf4755fff455db639a6c2da1f40694397f3619352d4dad97cdb59a23e,sha256:a6e0b8c5c715a34048a2d9fd91778d956678ffad9bfae4f17bbd93bdcaa611c6,sha256:4d70959407ceae5111b0ce41039cdbace6cab5f723d916e78bfca75512e427c5,outputs/fault-experiments-v2-2-n10/attempt-057/reviews/trial-0e67ba1bb71af700.json
trial-722584119ff9ca28,case-r02,P04,1,upstream_fault,R_premature_contribution_rounding,job_upstream_demand_provenance,job_1,weight_source_reliability,True,True,True,False,job_1,weight_source_reliability,True,True,True,False,False,art-af0cd3911d68eca6,3,201539,34944,4076,205615,85.44442562499898,sha256:f006e300af758cb7abbabb75ce257032deb9988267d72776fbdb2a08b751453d,sha256:93af241ef4b9d1e4fcf3e4ff2b07e02825f1bd0956add10ae4ad344e51ee8994,sha256:cf0222df83b1926c4be5b8185b0b272a4f762940b10d25774528912da205ef21,outputs/fault-experiments-v2-2-n10/attempt-057/reviews/trial-722584119ff9ca28.json
trial-69900203589222f3,case-r02,P04,2,upstream_fault,R_premature_contribution_rounding,job_upstream_demand_provenance,job_1,weight_source_reliability,False,False,False,False,,,True,False,False,False,False,art-168939d0f10348cf,3,202729,24704,2969,205698,66.71636848299931,sha256:f006e300af758cb7abbabb75ce257032deb9988267d72776fbdb2a08b751453d,sha256:a076606fb9d320d6a9d61f482d8115d1a8213bc9a9c3986347fb36e79f316b03,sha256:dfd64cb3cd7e06c20d1ab36af0909436d06947d60b2395036d4140dda58a59d2,outputs/fault-experiments-v2-2-n10/attempt-057/reviews/trial-69900203589222f3.json
trial-1cbf6de105d2f6a9,case-r02,P04,3,upstream_fault,R_premature_contribution_rounding,job_upstream_demand_provenance,job_1,weight_source_reliability,True,True,True,False,job_1,weight_source_reliability,True,True,True,False,False,art-168939d0f10348cf,3,202728,34944,5605,208333,113.52468968500398,sha256:f006e300af758cb7abbabb75ce257032deb9988267d72776fbdb2a08b751453d,sha256:1a22e39ab6d1e048b769da43e999f151327caa215f44bba0edadaecaae849ed2,sha256:4c68acb8a194d9b85abd1124a7ea252bf10a651cf33c4b0ff08655f4607ad5cd,outputs/fault-experiments-v2-2-n10/attempt-057/reviews/trial-1cbf6de105d2f6a9.json
trial-14207e0a5468c50a,case-r02,P05,1,upstream_fault,R_premature_contribution_rounding,job_upstream_demand_provenance,job_1,weight_source_reliability,True,True,True,False,job_1,weight_source_reliability,True,True,True,False,False,art-af0cd3911d68eca6,3,204705,34944,2993,207698,67.4033720869993,sha256:fafa821078d9163b2ae8ee8d6acffe1b337a4825197ce12d8b95848949ff9b17,sha256:0913fa5cf457d50ece1f3611798f393d67ad163432fc1b00ae1debc967300e4b,sha256:2a666dbaf8cc323091188ca7cd81cfb85c97f874e5a261886ec96d109b6c32cf,outputs/fault-experiments-v2-2-n10/attempt-057/reviews/trial-14207e0a5468c50a.json
trial-9e6ce6d0856bc85e,case-r02,P05,2,upstream_fault,R_premature_contribution_rounding,job_upstream_demand_provenance,job_1,weight_source_reliability,True,True,True,False,job_1,weight_source_reliability,True,True,True,False,False,art-582ea27317d41725,3,204710,34944,2018,206728,50.71014219399876,sha256:fafa821078d9163b2ae8ee8d6acffe1b337a4825197ce12d8b95848949ff9b17,sha256:3bbb1b659f770ec9c2891d4d098b9b588345394cb0e1d7a16d9a7bc1a404427f,sha256:d1d1ba43c6595b6296df4c8a4c26e78c4fda6e5dbf7935311adda3f2acb84465,outputs/fault-experiments-v2-2-n10/attempt-057/reviews/trial-9e6ce6d0856bc85e.json
trial-6841edcc661c2646,case-r02,P05,3,upstream_fault,R_premature_contribution_rounding,job_upstream_demand_provenance,job_1,weight_source_reliability,True,True,True,False,job_1,weight_source_reliability,True,True,True,False,False,art-a2ccfaae8796050d,3,204916,34944,4653,209569,96.15033230100016,sha256:fafa821078d9163b2ae8ee8d6acffe1b337a4825197ce12d8b95848949ff9b17,sha256:5c8a569978b7e9a32fe0fad2174215b2ae490f01b9f386677003f16148007cd2,sha256:0f968be31ecf4e9135030360cfb34f41abf832a034e05e45d4c24109556596c3,outputs/fault-experiments-v2-2-n10/attempt-057/reviews/trial-6841edcc661c2646.json
trial-98d711b60c9179bf,case-r02,P06,1,upstream_fault,R_premature_contribution_rounding,job_upstream_demand_provenance,job_1,weight_source_reliability,False,False,False,False,,,True,False,False,False,False,,3,177566,34944,6575,184141,131.34004846899916,sha256:ac5bd51fb00c852c15da28e8c39aba6f7f5d7e2bcfc001fec86082f543d2b24c,sha256:1cad541c4b2be29742f1274a3926275414fb8339179df0ba53c6d57f46956686,sha256:4ccbbe3ccd5b466a98b86dd64de181a5655d102efb1e1fbbbe91f2642177b440,outputs/fault-experiments-v2-2-n10/attempt-057/reviews/trial-98d711b60c9179bf.json
trial-c76f42c7789db250,case-r02,P06,2,upstream_fault,R_premature_contribution_rounding,job_upstream_demand_provenance,job_1,weight_source_reliability,False,False,False,False,,,True,False,False,False,False,,3,177566,24704,4715,182281,97.64131123100015,sha256:ac5bd51fb00c852c15da28e8c39aba6f7f5d7e2bcfc001fec86082f543d2b24c,sha256:3a7288b59143b25ce5ef8db7c5be521e3cd2a421d8e27fbd37a4b1db1b3fd855,sha256:598dc4550ea19193c3ed1675dcfcbfafa97da38b36e78d5e1cd1e354fe92c715,outputs/fault-experiments-v2-2-n10/attempt-057/reviews/trial-c76f42c7789db250.json
trial-cbd2da9ce80bbddd,case-r02,P06,3,upstream_fault,R_premature_contribution_rounding,job_upstream_demand_provenance,job_1,weight_source_reliability,False,False,False,False,,,True,False,False,False,False,,3,177567,34944,6770,184337,133.92771020600048,sha256:ac5bd51fb00c852c15da28e8c39aba6f7f5d7e2bcfc001fec86082f543d2b24c,sha256:b110735054cc36811cda46a56d9dae8a050de9b7496988a66469d83a6162505e,sha256:d93190766d28c80eaac41eb15e399db88e8f57f044ce92a3aa62f81fef4e1ac2,outputs/fault-experiments-v2-2-n10/attempt-057/reviews/trial-cbd2da9ce80bbddd.json
trial-84f9c8fa7bdefc38,case-s01,P01,1,upstream_fault,S_recorded_time_snapshot_substitution,job_upstream_demand_provenance,job_1,select_snapshot_observations,True,True,True,False,job_1,select_snapshot_observations,True,True,True,False,False,,1,27855,11648,758,28613,17.180763016000128,sha256:41836430f421be8fe88a1536d627582c33c1e077ae0c3d4a6b1b9c583e5a76d1,sha256:16e2b9ae86a7501fc2602b88fc40d22440e6614276e09b5f74d1a2edda3e09a4,sha256:dc7244a4e7886012385995b0404db4acb38410c417229bb1adbdb0ff3b280b62,outputs/fault-experiments-v2-2-n10/attempt-057/reviews/trial-84f9c8fa7bdefc38.json
trial-ae724c856bcdffa6,case-s01,P01,2,upstream_fault,S_recorded_time_snapshot_substitution,job_upstream_demand_provenance,job_1,select_snapshot_observations,True,True,True,False,job_1,select_snapshot_observations,True,True,True,False,False,,1,27855,11648,762,28617,17.340701434000948,sha256:41836430f421be8fe88a1536d627582c33c1e077ae0c3d4a6b1b9c583e5a76d1,sha256:31d041f3e40303cca1392a2157ac81fbb9a178be696c77e013b5ba4a1239a075,sha256:14910dd1ec8e9f62f7ade3aab7795505f78e9584de8ac35918806c46d7f30936,outputs/fault-experiments-v2-2-n10/attempt-057/reviews/trial-ae724c856bcdffa6.json
trial-f888e2370e9f41c4,case-s01,P01,3,upstream_fault,S_recorded_time_snapshot_substitution,job_upstream_demand_provenance,job_1,select_snapshot_observations,True,True,True,False,job_1,select_snapshot_observations,True,True,True,False,False,,1,27854,11648,739,28593,18.000704322003003,sha256:41836430f421be8fe88a1536d627582c33c1e077ae0c3d4a6b1b9c583e5a76d1,sha256:3556c148b213df4bce375cafc3cf8e3dde60fc61f6e87fd1d09fd0d64dbe08a1,sha256:40541ec9f088ee328e4174bb3cdc27120b910fba8f2b290486094938069ccd64,outputs/fault-experiments-v2-2-n10/attempt-057/reviews/trial-f888e2370e9f41c4.json
trial-2029596ba895a2d2,case-s01,P02,1,upstream_fault,S_recorded_time_snapshot_substitution,job_upstream_demand_provenance,job_1,select_snapshot_observations,True,True,True,False,job_1,select_snapshot_observations,True,True,True,False,False,,1,59726,11648,699,60425,16.68353683799978,sha256:6f71edb71e896ee31b3da48ab661ca792516184c091e80a5ac3f0cea904c6d1d,sha256:4724e3aa9afaa7ef7dffccdb84b8edf1778479aa653c68c17697411680d056b6,sha256:254fea9c1d087ed22ca6cab950a46bf8557c909688ccab301f6d41b591d67a10,outputs/fault-experiments-v2-2-n10/attempt-057/reviews/trial-2029596ba895a2d2.json
trial-c7ef16a0c01bcc4b,case-s01,P02,2,upstream_fault,S_recorded_time_snapshot_substitution,job_upstream_demand_provenance,job_1,select_snapshot_observations,True,True,True,False,job_1,select_snapshot_observations,True,True,True,False,False,,1,59727,11648,662,60389,15.87658981900131,sha256:6f71edb71e896ee31b3da48ab661ca792516184c091e80a5ac3f0cea904c6d1d,sha256:3c7ff2b7cc7b64efbac0974c8a5df473c962276e7b4156976fe372e197e329e5,sha256:2077338cb700be5cba88bd69a3e689df4964bfd5f94f760bfe524fb8f2d82d87,outputs/fault-experiments-v2-2-n10/attempt-057/reviews/trial-c7ef16a0c01bcc4b.json
trial-a15fda997bb75b23,case-s01,P02,3,upstream_fault,S_recorded_time_snapshot_substitution,job_upstream_demand_provenance,job_1,select_snapshot_observations,True,True,True,False,job_1,select_snapshot_observations,True,True,True,False,False,,1,59727,11648,675,60402,16.7123957900003,sha256:6f71edb71e896ee31b3da48ab661ca792516184c091e80a5ac3f0cea904c6d1d,sha256:d1cc0f3651cd015fbc8da6289e324bb6aa3726c86dad669bbe4f18971d152819,sha256:66573aaaf183f6368176e4fb57ccef4171b1a33da1a7508c228d9bffdb9a9492,outputs/fault-experiments-v2-2-n10/attempt-057/reviews/trial-a15fda997bb75b23.json
trial-0842bcf91ac50ef6,case-s01,P03,1,upstream_fault,S_recorded_time_snapshot_substitution,job_upstream_demand_provenance,job_1,select_snapshot_observations,True,True,True,False,job_1,select_snapshot_observations,True,True,True,False,False,,1,60782,11648,607,61389,14.918848966999576,sha256:21b0c0912abca910b2594e495426138f3942719df3419442f746e1351072abad,sha256:85b7896a3f629cebef7307dbe83162ab7b38ae3b0488650279106e5840d4d034,sha256:366c5d31836ff4fcb7bd640b055c383108c025b48a41e7055b580bab8fb1aa0f,outputs/fault-experiments-v2-2-n10/attempt-057/reviews/trial-0842bcf91ac50ef6.json
trial-3fbf01d27dab9113,case-s01,P03,2,upstream_fault,S_recorded_time_snapshot_substitution,job_upstream_demand_provenance,job_1,select_snapshot_observations,True,True,True,False,job_1,select_snapshot_observations,True,True,True,False,False,,1,60784,11648,778,61562,18.735886878999736,sha256:21b0c0912abca910b2594e495426138f3942719df3419442f746e1351072abad,sha256:796327cd84f81426b610b4a9fa141932da26664f6ca3c26f939b4628b882f035,sha256:632f5d1d2b052d70e52af9f4c9cd8510d9608b6608ba884a72bd38e87b9a3799,outputs/fault-experiments-v2-2-n10/attempt-057/reviews/trial-3fbf01d27dab9113.json
trial-f7f262338439583e,case-s01,P03,3,upstream_fault,S_recorded_time_snapshot_substitution,job_upstream_demand_provenance,job_1,select_snapshot_observations,True,True,True,False,job_1,select_snapshot_observations,True,True,True,False,False,,1,60782,11648,780,61562,20.755139289,sha256:21b0c0912abca910b2594e495426138f3942719df3419442f746e1351072abad,sha256:73420189e30f8d3fff8e5ce2c99e5091f9f2560106972d489c8a334e9cc3a0aa,sha256:e0718ae5f0c7e6676e28c7a91f9cb9b61f44c67682649f3902e78aa9c350b55b,outputs/fault-experiments-v2-2-n10/attempt-057/reviews/trial-f7f262338439583e.json
trial-9f10031643483176,case-s01,P04,1,upstream_fault,S_recorded_time_snapshot_substitution,job_upstream_demand_provenance,job_1,select_snapshot_observations,True,True,True,False,job_1,select_snapshot_observations,True,True,True,False,False,art-4e883058aae35a5a,3,187118,34944,1889,189007,47.81666104000033,sha256:3d4bae80c833cef602f92c90dbd3ece1b22bef417d94c53885fa7fd8c10ee90b,sha256:560d5347985b278cda3c238e724ee6fae9b4f42fe63b75cc6da99ff777db4814,sha256:e6150f3555fda579329617cfe1f2723037fddf36757d217dd4055145c65ab183,outputs/fault-experiments-v2-2-n10/attempt-057/reviews/trial-9f10031643483176.json
trial-387b012edeaca88d,case-s01,P04,2,upstream_fault,S_recorded_time_snapshot_substitution,job_upstream_demand_provenance,job_1,select_snapshot_observations,True,True,True,False,job_1,select_snapshot_observations,True,True,True,False,False,art-4e883058aae35a5a,3,187244,34944,1813,189057,46.35340256300151,sha256:3d4bae80c833cef602f92c90dbd3ece1b22bef417d94c53885fa7fd8c10ee90b,sha256:1d3801d6f625e0db8d03d736cb0ef4e5877416dcca3bd0622f20e0824160fae8,sha256:1af14be1c1e81fa12b4ce8551bed64f0c2a1626e6cf07d00ca7b7ff15f896216,outputs/fault-experiments-v2-2-n10/attempt-057/reviews/trial-387b012edeaca88d.json
trial-9543d68be958c957,case-s01,P04,3,upstream_fault,S_recorded_time_snapshot_substitution,job_upstream_demand_provenance,job_1,select_snapshot_observations,True,True,True,False,job_1,select_snapshot_observations,True,True,True,False,False,art-4e883058aae35a5a,3,187122,34944,1855,188977,45.405349751996255,sha256:3d4bae80c833cef602f92c90dbd3ece1b22bef417d94c53885fa7fd8c10ee90b,sha256:426eb29e8a636122684cd3593f60f0510878f6f88717fb6f31b25c2ae13db999,sha256:f8970b98181890114e113c72045d0339db962cc971d1a7324e3335e8b1d109c1,outputs/fault-experiments-v2-2-n10/attempt-057/reviews/trial-9543d68be958c957.json
trial-03262215f2b7cbf1,case-s01,P05,1,upstream_fault,S_recorded_time_snapshot_substitution,job_upstream_demand_provenance,job_1,select_snapshot_observations,True,True,True,False,job_1,select_snapshot_observations,True,True,True,False,False,art-4e883058aae35a5a,3,190289,34944,2009,192298,48.92661299100291,sha256:5192284eb48e9923033556bd25f46fc096aba09519061bc217c4c253438de885,sha256:a6b9c70a9371292dcde489ea5c44b54142b0b1847a146aab5204c3d5debb02f2,sha256:d9a30be5da2ebc197f94dde4b73308868ccddf4052bd6445c3179e6879b3c570,outputs/fault-experiments-v2-2-n10/attempt-057/reviews/trial-03262215f2b7cbf1.json
trial-0d9f754df33b902e,case-s01,P05,2,upstream_fault,S_recorded_time_snapshot_substitution,job_upstream_demand_provenance,job_1,select_snapshot_observations,True,True,True,False,job_1,select_snapshot_observations,True,True,True,False,False,art-a035c8cb80fbe41e,3,190310,34944,1952,192262,48.87321292699926,sha256:5192284eb48e9923033556bd25f46fc096aba09519061bc217c4c253438de885,sha256:cc3f448bc1dc66ac73ee6843ede7a6c4571753f76ef3618fbf6dc53bda72fdb0,sha256:2f7b1bba776c778c2d8a8abf12840aba651c1df33399ac69bf7da27523c17ef5,outputs/fault-experiments-v2-2-n10/attempt-057/reviews/trial-0d9f754df33b902e.json
trial-7ca40f049a34c250,case-s01,P05,3,upstream_fault,S_recorded_time_snapshot_substitution,job_upstream_demand_provenance,job_1,select_snapshot_observations,True,True,True,False,job_1,select_snapshot_observations,True,True,True,False,False,art-a035c8cb80fbe41e,3,190590,34944,1990,192580,50.223714808000295,sha256:5192284eb48e9923033556bd25f46fc096aba09519061bc217c4c253438de885,sha256:eb323eef0d07bf496bdc48f3d90d4048031d7b1a75bd596931f3276b3bd08958,sha256:8045d22ce233f895bdf06a5b84ce042e902ba329ec16cd239eceed283e6aadbe,outputs/fault-experiments-v2-2-n10/attempt-057/reviews/trial-7ca40f049a34c250.json
trial-aeb3bbfb360973db,case-s01,P06,1,upstream_fault,S_recorded_time_snapshot_substitution,job_upstream_demand_provenance,job_1,select_snapshot_observations,True,True,True,False,job_1,select_snapshot_observations,True,True,True,False,False,,3,179386,24704,2174,181560,52.12106018900158,sha256:6bf8bc64b28076b73389070cc11f237e46a70a7f75a9573760307bbf3d5a356a,sha256:6e70fa6e46dafaa46832c23bb2a94572bc8a9e6b885ce40a08940a47d2dba0a3,sha256:83f7fed0e47a5d496969ebaf156993345366badd77b8008552d3d150db8cc32c,outputs/fault-experiments-v2-2-n10/attempt-057/reviews/trial-aeb3bbfb360973db.json
trial-6ea76f77b6303b06,case-s01,P06,2,upstream_fault,S_recorded_time_snapshot_substitution,job_upstream_demand_provenance,job_1,select_snapshot_observations,True,True,True,False,job_1,select_snapshot_observations,True,True,True,False,False,,3,179385,24704,2206,181591,53.577357054997265,sha256:6bf8bc64b28076b73389070cc11f237e46a70a7f75a9573760307bbf3d5a356a,sha256:11f3ec4686cda420d3e725d2a7dfa104f98d2d425c1c84d0fbae255516cab6e8,sha256:2ff4bf0b418abd0067c53432b37f2451651a26242f8420d95fe62c041acb120a,outputs/fault-experiments-v2-2-n10/attempt-057/reviews/trial-6ea76f77b6303b06.json
trial-c9d49cbd24a8c563,case-s01,P06,3,upstream_fault,S_recorded_time_snapshot_substitution,job_upstream_demand_provenance,job_1,select_snapshot_observations,True,True,True,False,job_1,select_snapshot_observations,True,True,True,False,False,,3,179387,34944,2882,182269,68.70842256300239,sha256:6bf8bc64b28076b73389070cc11f237e46a70a7f75a9573760307bbf3d5a356a,sha256:89773231bc70c598996c6ee56b30faf615af94fa5acbde058117c412a09acde9,sha256:4c573c0a1513e99f96a1b3fa310b9acde8f5321ad6ca0cd1431fc4d13a185ad5,outputs/fault-experiments-v2-2-n10/attempt-057/reviews/trial-c9d49cbd24a8c563.json
trial-3d8f609ff7817aef,case-s02,P01,1,upstream_fault,S_recorded_time_snapshot_substitution,job_upstream_demand_provenance,job_1,select_snapshot_observations,True,True,True,False,job_1,select_snapshot_observations,True,True,True,False,False,,1,27744,11648,769,28513,18.115622322999116,sha256:e095fbc56ff7853dcdbfd70ed225d6dfe22cb007def1b0d31bb5bf497a823e95,sha256:5d251b17a93e9e3b2e05a87a0b07ea0b4195dc4e3f3ca02202b14bf223c20739,sha256:e2030c199e80ec3ff04e1dcbf7dda32a2fc7c7ee5bfea8375bd3925b16a0d398,outputs/fault-experiments-v2-2-n10/attempt-057/reviews/trial-3d8f609ff7817aef.json
trial-8f294ef404954926,case-s02,P01,2,upstream_fault,S_recorded_time_snapshot_substitution,job_upstream_demand_provenance,job_1,select_snapshot_observations,True,True,True,False,job_1,select_snapshot_observations,True,True,True,False,False,,1,27743,11648,760,28503,17.66939027800072,sha256:e095fbc56ff7853dcdbfd70ed225d6dfe22cb007def1b0d31bb5bf497a823e95,sha256:4ace16af601a9db96dc38d5d47e022d25b9fece2bffb8f9315416701bf3226a5,sha256:ea1cc190bf7fe9494d6bba4242e430cc97bb0940b81584064f29e08c78e4341c,outputs/fault-experiments-v2-2-n10/attempt-057/reviews/trial-8f294ef404954926.json
trial-acaf05aa8f783ab1,case-s02,P01,3,upstream_fault,S_recorded_time_snapshot_substitution,job_upstream_demand_provenance,job_1,select_snapshot_observations,True,True,True,False,job_1,select_snapshot_observations,True,True,True,False,False,,1,27743,11648,796,28539,19.20228025799952,sha256:e095fbc56ff7853dcdbfd70ed225d6dfe22cb007def1b0d31bb5bf497a823e95,sha256:6dd1a44792e2a7d8bf34344a4846d3444e4aff583e2b95c866f0b578b42b02ec,sha256:355026e9234d32bb06b546e375fd95e8f269f7fc4d3435906c5625ffb29f5722,outputs/fault-experiments-v2-2-n10/attempt-057/reviews/trial-acaf05aa8f783ab1.json
trial-cd3113157a34b18a,case-s02,P02,1,upstream_fault,S_recorded_time_snapshot_substitution,job_upstream_demand_provenance,job_1,select_snapshot_observations,True,True,True,False,job_1,select_snapshot_observations,True,True,True,False,False,,1,59652,11648,779,60431,18.68136818399944,sha256:fc130dbca483c73baf1f2697b543d69f69eb2a7336b41512603040e46cac0f3b,sha256:4ade3ea8a5eb518a3c803f00a57db3e4f560234e36ea75a958bffd9a02fff80a,sha256:f80cbd1e05ce2ce7af13c21ede4b0fd66343cc0acf8d594f7711d56b82201b67,outputs/fault-experiments-v2-2-n10/attempt-057/reviews/trial-cd3113157a34b18a.json
trial-42f379c2454a5c88,case-s02,P02,2,upstream_fault,S_recorded_time_snapshot_substitution,job_upstream_demand_provenance,job_1,select_snapshot_observations,True,True,True,False,job_1,select_snapshot_observations,True,True,True,False,False,,1,59651,1408,804,60455,18.92647904200021,sha256:fc130dbca483c73baf1f2697b543d69f69eb2a7336b41512603040e46cac0f3b,sha256:1917bf516fda78b36234626f24e99b3736ce7e490192c3b8452846be6544eca0,sha256:9e8bd937bea2a2d0400069b2187123199af00ccba4053187627b2f49e14736cd,outputs/fault-experiments-v2-2-n10/attempt-057/reviews/trial-42f379c2454a5c88.json
trial-5962782e9d2caf0f,case-s02,P02,3,upstream_fault,S_recorded_time_snapshot_substitution,job_upstream_demand_provenance,job_1,select_snapshot_observations,True,True,True,False,job_1,select_snapshot_observations,True,True,True,False,False,,1,59651,11648,766,60417,18.65578520899726,sha256:fc130dbca483c73baf1f2697b543d69f69eb2a7336b41512603040e46cac0f3b,sha256:26bf9590eb4612304ec61fac47a116c21d2128c8f0626b2306af783883272c2f,sha256:53a81337be6817afaa8ec825afc7eb24919acfc0516b0da69ec0d3e6ff5ddeaf,outputs/fault-experiments-v2-2-n10/attempt-057/reviews/trial-5962782e9d2caf0f.json
trial-2f1ae2efa834036c,case-s02,P03,1,upstream_fault,S_recorded_time_snapshot_substitution,job_upstream_demand_provenance,job_1,select_snapshot_observations,True,True,True,False,job_1,select_snapshot_observations,True,True,True,False,False,,1,60707,11648,833,61540,19.26679962900016,sha256:66f5403d38730c57bc30a00dd740d3fde733b07814f95aa35812da95bb1f8ef2,sha256:aefd6e930770589d37eec728ee9304623c7a1d71034bcac8f1942569c0dde287,sha256:223cca72ce42e5ba3918eddcee29ec7704ee03196cdcc3251de574169819e8b1,outputs/fault-experiments-v2-2-n10/attempt-057/reviews/trial-2f1ae2efa834036c.json
trial-c58860098ccc988a,case-s02,P03,2,upstream_fault,S_recorded_time_snapshot_substitution,job_upstream_demand_provenance,job_1,select_snapshot_observations,True,True,True,False,job_1,select_snapshot_observations,True,True,True,False,False,,1,60709,11648,811,61520,18.642203153000082,sha256:66f5403d38730c57bc30a00dd740d3fde733b07814f95aa35812da95bb1f8ef2,sha256:3747505a4df7860a3e2f736315ca374f3dff700b6aa10950463a9fa74b5d6dcf,sha256:85800da98c6a37014fbade92a484175089a52af0626633e01672af3bba559aa8,outputs/fault-experiments-v2-2-n10/attempt-057/reviews/trial-c58860098ccc988a.json
trial-9819ada4087117af,case-s02,P03,3,upstream_fault,S_recorded_time_snapshot_substitution,job_upstream_demand_provenance,job_1,select_snapshot_observations,True,True,True,False,job_1,select_snapshot_observations,True,True,True,False,False,,1,60708,11648,674,61382,17.417699507999714,sha256:66f5403d38730c57bc30a00dd740d3fde733b07814f95aa35812da95bb1f8ef2,sha256:35529dbf20f5ba7cb2ae33422ee4495a63939095498d9d72b13f20f8e992a05e,sha256:f294418c1ae7bca1a7733151d45812ea6883196dc2349c994c365dec9583d171,outputs/fault-experiments-v2-2-n10/attempt-057/reviews/trial-9819ada4087117af.json
trial-4a888cadec6bf462,case-s02,P04,1,upstream_fault,S_recorded_time_snapshot_substitution,job_upstream_demand_provenance,job_1,select_snapshot_observations,True,True,True,False,job_1,select_snapshot_observations,True,True,True,False,False,art-d561ab0b1410fc44,3,187153,24704,1796,188949,45.22459291299856,sha256:c6d571d417c700af138b023525cc4b0ec557be4a8cdcca4aa5b9e18caa1b666a,sha256:172c86b1f173267a7b64954c5f1dffba36eb6cb4fef5f8d0709b173274c1fe2c,sha256:4aecea1784ec95ee46a29c00768dd40b73577bc1ee2d3609db0300f534597679,outputs/fault-experiments-v2-2-n10/attempt-057/reviews/trial-4a888cadec6bf462.json
trial-a82ad7c3ae07d21e,case-s02,P04,2,upstream_fault,S_recorded_time_snapshot_substitution,job_upstream_demand_provenance,job_1,select_snapshot_observations,True,True,True,False,job_1,select_snapshot_observations,True,True,True,False,False,art-735bb8317d15d2ac,3,186938,34944,1983,188921,50.12293055700138,sha256:c6d571d417c700af138b023525cc4b0ec557be4a8cdcca4aa5b9e18caa1b666a,sha256:d5c502581a80f2b29adb5c0a133d436a707e7ce63ba5c56587d1a69d9318298a,sha256:ecb27311515d8fd8e3d34ed086a8b55aaaa1bca2118f0c9f03d037380d44dd0d,outputs/fault-experiments-v2-2-n10/attempt-057/reviews/trial-a82ad7c3ae07d21e.json
trial-5c055e300959f012,case-s02,P04,3,upstream_fault,S_recorded_time_snapshot_substitution,job_upstream_demand_provenance,job_1,select_snapshot_observations,True,True,True,False,job_1,select_snapshot_observations,True,True,True,False,False,art-d561ab0b1410fc44,3,187152,24704,1962,189114,49.00815922299989,sha256:c6d571d417c700af138b023525cc4b0ec557be4a8cdcca4aa5b9e18caa1b666a,sha256:d2b7bbeb937885d7ad1a9e89200b8f4b2990c57968ebf5e49c703b3e25508fce,sha256:190cc2264f4695154669acf119f3bc02845056d1f45c4665d4e412c738b2f7ff,outputs/fault-experiments-v2-2-n10/attempt-057/reviews/trial-5c055e300959f012.json
trial-9e6e87e320866260,case-s02,P05,1,upstream_fault,S_recorded_time_snapshot_substitution,job_upstream_demand_provenance,job_1,select_snapshot_observations,True,True,True,False,job_1,select_snapshot_observations,True,True,True,False,False,art-735bb8317d15d2ac,3,190671,34944,1979,192650,49.833285211996554,sha256:2b96344ba1905e304f11f4a72b4f88f2fffee3f24e2de0e4df3e4b87cd24800a,sha256:7a59fb8cd72bdccbede37b5804d53eefbd6e0e32091cc755768603b1e84a1ea7,sha256:2568f63671e8b92a8b235a4ed0253f392905eec7b3587b1af70b19a1faff3c6f,outputs/fault-experiments-v2-2-n10/attempt-057/reviews/trial-9e6e87e320866260.json
trial-f45b219cef80d3ae,case-s02,P05,2,upstream_fault,S_recorded_time_snapshot_substitution,job_upstream_demand_provenance,job_1,select_snapshot_observations,True,True,True,False,job_1,select_snapshot_observations,True,True,True,False,False,art-735bb8317d15d2ac,3,190669,34944,2049,192718,51.54445909799688,sha256:2b96344ba1905e304f11f4a72b4f88f2fffee3f24e2de0e4df3e4b87cd24800a,sha256:a9dcf6900905041c45db826585da6b6ab6177933e641a69ad2b9090a9b5770fb,sha256:72ba684cbd861f13e5560354369e76adf11c908bf6e7848d2a711aa47ecf5376,outputs/fault-experiments-v2-2-n10/attempt-057/reviews/trial-f45b219cef80d3ae.json
trial-369f87791b361157,case-s02,P05,3,upstream_fault,S_recorded_time_snapshot_substitution,job_upstream_demand_provenance,job_1,select_snapshot_observations,True,True,True,False,job_1,select_snapshot_observations,True,True,True,False,False,art-735bb8317d15d2ac,3,190236,34944,1978,192214,47.99486012300258,sha256:2b96344ba1905e304f11f4a72b4f88f2fffee3f24e2de0e4df3e4b87cd24800a,sha256:f30c5f87851f27285cbe7c609ea9e1cdf8634dbe8d81b341912af71963c9b3eb,sha256:3c90666e92bd51846389bfc690f229819856d496720f4184f4cabe3b6ed105b5,outputs/fault-experiments-v2-2-n10/attempt-057/reviews/trial-369f87791b361157.json
trial-1d382138acca58e7,case-s02,P06,1,upstream_fault,S_recorded_time_snapshot_substitution,job_upstream_demand_provenance,job_1,select_snapshot_observations,True,True,True,False,job_1,select_snapshot_observations,True,True,True,False,False,,3,179160,34944,2101,181261,51.213388471000144,sha256:df47d0fb9a18a75d4a42d9d74f725b54dab4c310c0f0038757d339f5cc1cea8d,sha256:e988bdf58c3d21a92e1142a46f12a884cf755a5a2efac53c68bf41c4a36cc0ca,sha256:e89f55303ae697cd6b02441cc3481c9fa7d28c6fa0317db334708ac3d4627065,outputs/fault-experiments-v2-2-n10/attempt-057/reviews/trial-1d382138acca58e7.json
trial-de71a14ed5513476,case-s02,P06,2,upstream_fault,S_recorded_time_snapshot_substitution,job_upstream_demand_provenance,job_1,select_snapshot_observations,True,True,True,False,job_1,select_snapshot_observations,True,True,True,False,False,,3,179162,14464,2240,181402,55.03224492500158,sha256:df47d0fb9a18a75d4a42d9d74f725b54dab4c310c0f0038757d339f5cc1cea8d,sha256:9e50bd0d47ebb9010ebccc4647cc465008d4a202ed2a10048e808f1cf7d6d9b0,sha256:2fde22f229603ea21be2e982920a5e8997430f384782dd439f9f4d7d60d5a51c,outputs/fault-experiments-v2-2-n10/attempt-057/reviews/trial-de71a14ed5513476.json
trial-1798f7b8a3202881,case-s02,P06,3,upstream_fault,S_recorded_time_snapshot_substitution,job_upstream_demand_provenance,job_1,select_snapshot_observations,True,True,True,False,job_1,select_snapshot_observations,True,True,True,False,False,,3,179158,14464,2317,181475,59.964229989998785,sha256:df47d0fb9a18a75d4a42d9d74f725b54dab4c310c0f0038757d339f5cc1cea8d,sha256:d8de62dc283b1638a5dde589dbdbe03770de46bcf9c639724c57cdc19813cf4e,sha256:17b0185824f15b052ba98d3e9bf0747cbb5ff4eaa1ad82c3d9c378aa9d1193db,outputs/fault-experiments-v2-2-n10/attempt-057/reviews/trial-1798f7b8a3202881.json
trial-aad785966d802a9d,case-e01,P01,1,upstream_fault,E_expiry_compared_with_recorded_time,job_upstream_demand_provenance,job_1,select_snapshot_observations,True,True,True,False,job_1,select_snapshot_observations,True,True,True,False,False,,1,27708,11648,793,28501,18.41325974100073,sha256:116395ec760567a251966bcdd82551288729b74e0d73e3df58f94f81809d38a4,sha256:4cf24cf05b194dbdc60cdf540462d2f5cdf4d7a4711122525e10106641a9353b,sha256:a24e70d1f8d54c1b231137390ca347b0699ae70be4758c0b89bea4f7dc650936,outputs/fault-experiments-v2-2-n10/attempt-057/reviews/trial-aad785966d802a9d.json
trial-be467f71b1f7be15,case-e01,P01,2,upstream_fault,E_expiry_compared_with_recorded_time,job_upstream_demand_provenance,job_1,select_snapshot_observations,True,True,True,False,job_1,select_snapshot_observations,True,True,True,False,False,,1,27710,11648,760,28470,19.14744873499876,sha256:116395ec760567a251966bcdd82551288729b74e0d73e3df58f94f81809d38a4,sha256:ddf4b5e04dc0775731dea1f7aef8ecf6d57bd147fa59c83aff667d5e250868f7,sha256:674633ec3d807283a2e3b452b4bab57af75032d4d5eae0bb848e47c63a23c2ae,outputs/fault-experiments-v2-2-n10/attempt-057/reviews/trial-be467f71b1f7be15.json
trial-546a7110ed4324e8,case-e01,P01,3,upstream_fault,E_expiry_compared_with_recorded_time,job_upstream_demand_provenance,job_1,select_snapshot_observations,True,True,True,False,job_1,select_snapshot_observations,True,True,True,False,False,,1,27709,11648,817,28526,18.611804201000268,sha256:116395ec760567a251966bcdd82551288729b74e0d73e3df58f94f81809d38a4,sha256:444d4441a1a091612424925d891d717db688b718c77510ca9878e4759824750c,sha256:a94e768023c36e0dd6b5616e89a4def1e677c47a84ed0dcec948273472721003,outputs/fault-experiments-v2-2-n10/attempt-057/reviews/trial-546a7110ed4324e8.json
trial-8645feda8ded4dc3,case-e01,P02,1,upstream_fault,E_expiry_compared_with_recorded_time,job_upstream_demand_provenance,job_1,select_snapshot_observations,True,True,True,False,job_1,select_snapshot_observations,True,True,True,False,False,,1,59570,11648,769,60339,18.91011804700065,sha256:3f5e0cbab02e4e465c3a828315d3d0c753298ee98525d0e74a410d3c01fb2c3b,sha256:1c012fe142448436bf744b6e5039740fbce59f3b2a479888344d3e349a4f27dc,sha256:7007a9a351afbbcf19d74501c02c50243d8b4d80e6a3923151bf537ce5c071aa,outputs/fault-experiments-v2-2-n10/attempt-057/reviews/trial-8645feda8ded4dc3.json
trial-28570c0726262828,case-e01,P02,2,upstream_fault,E_expiry_compared_with_recorded_time,job_upstream_demand_provenance,job_1,select_snapshot_observations,True,True,True,False,job_1,select_snapshot_observations,True,True,True,False,False,,1,59570,11648,1269,60839,26.98528527900089,sha256:3f5e0cbab02e4e465c3a828315d3d0c753298ee98525d0e74a410d3c01fb2c3b,sha256:7eebaa994635b87a990913c37f29572c2585058968003b5f65e5ed14ba708918,sha256:070137699d88a3669af992cb1b82b91b58dafbf76d583f0116faec497fd6d92a,outputs/fault-experiments-v2-2-n10/attempt-057/reviews/trial-28570c0726262828.json
trial-4308e4136a38be7a,case-e01,P02,3,upstream_fault,E_expiry_compared_with_recorded_time,job_upstream_demand_provenance,job_1,select_snapshot_observations,True,True,True,False,job_1,select_snapshot_observations,True,True,True,False,False,,1,59570,11648,753,60323,18.335759335999683,sha256:3f5e0cbab02e4e465c3a828315d3d0c753298ee98525d0e74a410d3c01fb2c3b,sha256:fab8b177cff997ff9013da3047b8980e63b4c563801faeb3203cf65f5a88c2c7,sha256:36c7d4e4712183de66c42cc72ecedf2bee89f93e0d76c3b01d6ed37c61a0295b,outputs/fault-experiments-v2-2-n10/attempt-057/reviews/trial-4308e4136a38be7a.json
trial-71ec49537cc4dddb,case-e01,P03,1,upstream_fault,E_expiry_compared_with_recorded_time,job_upstream_demand_provenance,job_1,select_snapshot_observations,True,True,True,False,job_1,select_snapshot_observations,True,True,True,False,False,,1,60627,11648,728,61355,17.0888589410024,sha256:c4c991cc21f95aba7d3d1c8ef51a841f3c99fe69d76a16c026f27f33ebf9789c,sha256:108bb876b09e3d0c00355108f4732dd3d154db0f5dc678b77c4c7f6b4a095a00,sha256:65acdec0d605cd20a8d361d2f65545ba023a4f9d55951c43f6604917826b5428,outputs/fault-experiments-v2-2-n10/attempt-057/reviews/trial-71ec49537cc4dddb.json
trial-3ac80c11ce821783,case-e01,P03,2,upstream_fault,E_expiry_compared_with_recorded_time,job_upstream_demand_provenance,job_1,select_snapshot_observations,True,True,True,False,job_1,select_snapshot_observations,True,True,True,False,False,,1,60627,1408,761,61388,18.04611376699995,sha256:c4c991cc21f95aba7d3d1c8ef51a841f3c99fe69d76a16c026f27f33ebf9789c,sha256:b5d1cdaa44fd7488655ef421c4a20951734b6f74b8c65a89edb325c0b8fba074,sha256:a0caaa11118acd104d20dba26dbbdc680add9e3d05fbef68b3eba7c6c804c60a,outputs/fault-experiments-v2-2-n10/attempt-057/reviews/trial-3ac80c11ce821783.json
trial-7743f6d73fb5dc60,case-e01,P03,3,upstream_fault,E_expiry_compared_with_recorded_time,job_upstream_demand_provenance,job_1,select_snapshot_observations,True,True,True,False,job_1,select_snapshot_observations,True,True,True,False,False,,1,60626,11648,1198,61824,25.631147735999548,sha256:c4c991cc21f95aba7d3d1c8ef51a841f3c99fe69d76a16c026f27f33ebf9789c,sha256:e6c03b8850503a0ea9c5ca3cf693fdfd41114b893e806a7d01da3a24a9385466,sha256:c9a6393a766654b734754d2fca875c5875a3225e9e51798056f7f1f2773da78b,outputs/fault-experiments-v2-2-n10/attempt-057/reviews/trial-7743f6d73fb5dc60.json
trial-d81d65e67581d8e1,case-e01,P04,1,upstream_fault,E_expiry_compared_with_recorded_time,job_upstream_demand_provenance,job_1,select_snapshot_observations,True,True,True,False,job_1,select_snapshot_observations,True,True,True,False,False,art-fa9c9b81f5442a7e,3,186670,34944,2549,189219,59.46229718200084,sha256:d6a1591d8723921222494a6fb261e2546c7d1fa49de9dad0052030ee40a3d097,sha256:1d4b946dec2e62b56a28bc3844d235705bfac8ed7d1dab4312cf68c9b161686c,sha256:bfe5334b74b2fc07e7a8016a7445aa563bcd54815d603ec6ff0c91cca46d5106,outputs/fault-experiments-v2-2-n10/attempt-057/reviews/trial-d81d65e67581d8e1.json
trial-812c46ad7ca92ff8,case-e01,P04,2,upstream_fault,E_expiry_compared_with_recorded_time,job_upstream_demand_provenance,job_1,select_snapshot_observations,True,True,True,False,job_1,select_snapshot_observations,True,True,True,False,False,art-fa9c9b81f5442a7e,3,186882,34944,1984,188866,47.77620297099929,sha256:d6a1591d8723921222494a6fb261e2546c7d1fa49de9dad0052030ee40a3d097,sha256:14ffe51bf2bba9964a282643fd4927ba3000b0015bc86706ef4a1a1b4c96bcf8,sha256:c4bc2b2ed5daf3f010b45482d0326b0f0ab5a95c55ac7c23e5ba78c1dc439b60,outputs/fault-experiments-v2-2-n10/attempt-057/reviews/trial-812c46ad7ca92ff8.json
trial-52038ab25cb3b2a2,case-e01,P04,3,upstream_fault,E_expiry_compared_with_recorded_time,job_upstream_demand_provenance,job_1,select_snapshot_observations,True,True,True,False,job_1,select_snapshot_observations,True,True,True,False,False,art-fa9c9b81f5442a7e,3,186808,34944,1881,188689,47.89801152900327,sha256:d6a1591d8723921222494a6fb261e2546c7d1fa49de9dad0052030ee40a3d097,sha256:79619e39d035b5a71189944c60436cdc920f644b8d6696a87a774fd389d55377,sha256:b6e23978b1e5498950c03a956d89824bb2fa0fe7b162631e119df31b11381844,outputs/fault-experiments-v2-2-n10/attempt-057/reviews/trial-52038ab25cb3b2a2.json
trial-385a7d706808ec82,case-e01,P05,1,upstream_fault,E_expiry_compared_with_recorded_time,job_upstream_demand_provenance,job_1,select_snapshot_observations,True,True,True,False,job_1,select_snapshot_observations,True,True,True,False,False,art-fa9c9b81f5442a7e,3,189976,34944,1957,191933,48.35548201399797,sha256:0fe305f462d93c94dae29dff0cda385e7ed79cdbfc0ed1e693d02d483e571754,sha256:9dfec2391ea78872c95c469183e2650171dd140d19bbc1a3ed1286e929338529,sha256:f77a38ae9535ac8f8ec0ce07c59f665e0c183329d6e3097fa09449252b9359ff,outputs/fault-experiments-v2-2-n10/attempt-057/reviews/trial-385a7d706808ec82.json
trial-67dceb4d077e1739,case-e01,P05,2,upstream_fault,E_expiry_compared_with_recorded_time,job_upstream_demand_provenance,job_1,select_snapshot_observations,True,True,True,False,job_1,select_snapshot_observations,True,True,True,False,False,art-fa9c9b81f5442a7e,3,189974,24704,1982,191956,48.085552438004015,sha256:0fe305f462d93c94dae29dff0cda385e7ed79cdbfc0ed1e693d02d483e571754,sha256:d430803d693de8ae92fda6c9fd908faa296c55227fdbb6d0ae64a8f2c0d3f904,sha256:b19970b2bc2030aa0b4cb7b45294f6aabd4d27f1c1e32ffbeae1ed245dc3cb6e,outputs/fault-experiments-v2-2-n10/attempt-057/reviews/trial-67dceb4d077e1739.json
trial-d059b512509a6c26,case-e01,P05,3,upstream_fault,E_expiry_compared_with_recorded_time,job_upstream_demand_provenance,job_1,select_snapshot_observations,True,True,True,False,job_1,select_snapshot_observations,True,True,True,False,False,art-fa9c9b81f5442a7e,3,189974,24704,1971,191945,49.447653709001315,sha256:0fe305f462d93c94dae29dff0cda385e7ed79cdbfc0ed1e693d02d483e571754,sha256:eab2fb9ef402f387809621fc794cf6b3ca99f83de0b7940feeec7e404891b736,sha256:7c00c84fdd9e75aaa337caecf87d554271c6487c55247f699cb0e8bec684e2e3,outputs/fault-experiments-v2-2-n10/attempt-057/reviews/trial-d059b512509a6c26.json
trial-8b07211eb375291f,case-e01,P06,1,upstream_fault,E_expiry_compared_with_recorded_time,job_upstream_demand_provenance,job_1,select_snapshot_observations,True,True,True,False,job_1,select_snapshot_observations,True,True,True,False,False,,3,178920,34944,2852,181772,62.7969237729958,sha256:4840edb190868c3235bfc7dbfa475d4b4163b9631ae89cca11348a902983657b,sha256:970b9d25c54c20ee6c5f55826069635c2fe36215495bc12554615162662de47b,sha256:83281611f4d759de45eb3225b192db643cfaa7444cc2c274140f15bc038f6a25,outputs/fault-experiments-v2-2-n10/attempt-057/reviews/trial-8b07211eb375291f.json
trial-86b1104f9726d725,case-e01,P06,2,upstream_fault,E_expiry_compared_with_recorded_time,job_upstream_demand_provenance,job_1,select_snapshot_observations,True,True,True,False,job_1,select_snapshot_observations,True,True,True,False,False,,3,178918,24704,3050,181968,66.8709592539999,sha256:4840edb190868c3235bfc7dbfa475d4b4163b9631ae89cca11348a902983657b,sha256:14cb943e3789da711c9be7a5c93ca95b8dc930b0871b9ca26254c3851cd32abe,sha256:66a2a6495dd612dc624bf0e42a9a5501622e62b2cbaee4e2c2f05aab75346256,outputs/fault-experiments-v2-2-n10/attempt-057/reviews/trial-86b1104f9726d725.json
trial-f28cd0361ff4b754,case-e01,P06,3,upstream_fault,E_expiry_compared_with_recorded_time,job_upstream_demand_provenance,job_1,select_snapshot_observations,True,True,True,False,job_1,select_snapshot_observations,True,True,True,False,False,,3,178916,24704,3555,182471,78.54854422500102,sha256:4840edb190868c3235bfc7dbfa475d4b4163b9631ae89cca11348a902983657b,sha256:9dffd6953504e2b053a2c0b97fc8f7ffc736ff992bb519e1eff0df3177829642,sha256:bcfd894977cd37ee31aa8c57bd4068d5a068f832dfcc769ef870c3110c754aad,outputs/fault-experiments-v2-2-n10/attempt-057/reviews/trial-f28cd0361ff4b754.json
trial-605515f6b019b6f0,case-e02,P01,1,upstream_fault,E_expiry_compared_with_recorded_time,job_upstream_demand_provenance,job_1,select_snapshot_observations,True,True,True,False,job_1,select_snapshot_observations,True,True,True,False,False,,1,27727,11648,635,28362,15.144982338999398,sha256:b4e6822b076b5cca112d678d6406bbad1ebbc15325093512883368cd0ebd524b,sha256:b37ee9fa2498b82c233d43534a066b580a2308af23fbbd970b6bdac3d732ae7c,sha256:852af8bf6513403e0bf1dad2c1ab1f6d3849905d7a7e5ec28fbfcdf341773c8b,outputs/fault-experiments-v2-2-n10/attempt-057/reviews/trial-605515f6b019b6f0.json
trial-af272bea4d1dbd90,case-e02,P01,2,upstream_fault,E_expiry_compared_with_recorded_time,job_upstream_demand_provenance,job_1,select_snapshot_observations,True,True,True,False,job_1,select_snapshot_observations,True,True,True,False,False,,1,27727,11648,809,28536,18.376444616998924,sha256:b4e6822b076b5cca112d678d6406bbad1ebbc15325093512883368cd0ebd524b,sha256:837df90a26e111cbb4ad330f7b60836fae2946ce0594bf9874d62ffbb8710fba,sha256:8f339e9e3f37b8a2be4a3142e606f4097c1c5c623216dc6b3af104bcb9f8fc69,outputs/fault-experiments-v2-2-n10/attempt-057/reviews/trial-af272bea4d1dbd90.json
trial-f2bd06adf159fcd6,case-e02,P01,3,upstream_fault,E_expiry_compared_with_recorded_time,job_upstream_demand_provenance,job_1,select_snapshot_observations,True,True,True,False,job_1,select_snapshot_observations,True,True,True,False,False,,1,27728,11648,769,28497,17.476293096999143,sha256:b4e6822b076b5cca112d678d6406bbad1ebbc15325093512883368cd0ebd524b,sha256:f586608f3ac58e028e1ef7d6eb5109d0f75a4ac1fa48c2d2d691047adc337b75,sha256:a2f94fbaddf054b53902ee7eed18d0e35ed0306de88a23d6e000290428383e50,outputs/fault-experiments-v2-2-n10/attempt-057/reviews/trial-f2bd06adf159fcd6.json
trial-013fc75e7cc29d89,case-e02,P02,1,upstream_fault,E_expiry_compared_with_recorded_time,job_upstream_demand_provenance,job_1,select_snapshot_observations,True,True,True,False,job_1,select_snapshot_observations,True,True,True,False,False,,1,59626,11648,843,60469,19.122856980997312,sha256:b3ce443d2ce60df9f600fea2b6fdc65dbde078a11da9f81df51fbae82ba50fb8,sha256:dc78a45d5fa2c40907cdf6511d4146801c9a27bdd953da37a8434c37273d82e0,sha256:747fecfe19b6f6b22137170ad8337974eddeb7974b84f8415cae8b68ab2c86e0,outputs/fault-experiments-v2-2-n10/attempt-057/reviews/trial-013fc75e7cc29d89.json
trial-90b135e0540d7769,case-e02,P02,2,upstream_fault,E_expiry_compared_with_recorded_time,job_upstream_demand_provenance,job_1,select_snapshot_observations,True,True,True,False,job_1,select_snapshot_observations,True,True,True,False,False,,1,59628,11648,734,60362,17.41964691600151,sha256:b3ce443d2ce60df9f600fea2b6fdc65dbde078a11da9f81df51fbae82ba50fb8,sha256:c0a5c7137b232d85798b736c92b50b27ad15909109e45b01386b8868578ad8c6,sha256:b5cd2ab5e69c169d344196ecbec268b41c7ac36d51e4599ca9b9fc4856f8923d,outputs/fault-experiments-v2-2-n10/attempt-057/reviews/trial-90b135e0540d7769.json
trial-f61164e160fca1ff,case-e02,P02,3,upstream_fault,E_expiry_compared_with_recorded_time,job_upstream_demand_provenance,job_1,select_snapshot_observations,True,True,True,False,job_1,select_snapshot_observations,True,True,True,False,False,,1,59628,11648,756,60384,17.718754879999324,sha256:b3ce443d2ce60df9f600fea2b6fdc65dbde078a11da9f81df51fbae82ba50fb8,sha256:0e9976e535ca40c84ec95a22dd59a9b0a788154351d30398b74f43ec489ab6b3,sha256:fd08809d7718d4ba5dcaa7e096251e0eac4e198a2af44b5c11dd364b5f972ec7,outputs/fault-experiments-v2-2-n10/attempt-057/reviews/trial-f61164e160fca1ff.json
trial-1dbaddeea0e81c50,case-e02,P03,1,upstream_fault,E_expiry_compared_with_recorded_time,job_upstream_demand_provenance,job_1,select_snapshot_observations,True,True,True,False,job_1,select_snapshot_observations,True,True,True,False,False,,1,60684,11648,753,61437,17.466735696998512,sha256:b862d75315282899c3193518ddd63ad5b13e9279b28c0e0de40c66ca377dd793,sha256:8bcd64b98b5fc1e5c794632fe84388f12cbba185fb8b2f41be71fc86ff30e06a,sha256:4d1fbe52da2689dce1d939a58627797b1550ee2156dc5593d44c70be00ba4cfa,outputs/fault-experiments-v2-2-n10/attempt-057/reviews/trial-1dbaddeea0e81c50.json
trial-eca61bf62a4079c8,case-e02,P03,2,upstream_fault,E_expiry_compared_with_recorded_time,job_upstream_demand_provenance,job_1,select_snapshot_observations,True,True,True,False,job_1,select_snapshot_observations,True,True,True,False,False,,1,60682,11648,795,61477,18.427230764998967,sha256:b862d75315282899c3193518ddd63ad5b13e9279b28c0e0de40c66ca377dd793,sha256:fad362fce4b5c9a094859da2432e6a5d2b78115c20c25698872d3e10e834e1ea,sha256:db0c04831350ab692c0e0ea0621bc521dcac8e5a11634250e9e2409d6179882d,outputs/fault-experiments-v2-2-n10/attempt-057/reviews/trial-eca61bf62a4079c8.json
trial-39de46748e242634,case-e02,P03,3,upstream_fault,E_expiry_compared_with_recorded_time,job_upstream_demand_provenance,job_1,select_snapshot_observations,True,True,True,False,job_1,select_snapshot_observations,True,True,True,False,False,,1,60682,11648,780,61462,18.432058596999923,sha256:b862d75315282899c3193518ddd63ad5b13e9279b28c0e0de40c66ca377dd793,sha256:06e556b6911fadc731711c9f443fb1bb45e27f63d9fb2ac8ba0c2ae1cbc00faa,sha256:a26fde4465b267ef951ab30810d7f0024e3fa1af90ffbb3c7362980cff3329a0,outputs/fault-experiments-v2-2-n10/attempt-057/reviews/trial-39de46748e242634.json
trial-e4946864d7077c29,case-e02,P04,1,upstream_fault,E_expiry_compared_with_recorded_time,job_upstream_demand_provenance,job_1,select_snapshot_observations,True,True,True,False,job_1,select_snapshot_observations,True,True,True,False,False,art-4729f9b92acd7900,3,187554,34944,2001,189555,48.32633460500074,sha256:04b5c73ab31389df9e98be9c05c031bbfeee1361768552a2e953c02cec07c286,sha256:c2698607ac1d95261c8a69258bf4f61ba45d273910c3f1e1f3fc4de7e686d7c7,sha256:723eeaa74a05d32b174fc138ab4918c13ac26416688ec45df2b97ae2b44d72e6,outputs/fault-experiments-v2-2-n10/attempt-057/reviews/trial-e4946864d7077c29.json
trial-5a0c8ac9313c24f9,case-e02,P04,2,upstream_fault,E_expiry_compared_with_recorded_time,job_upstream_demand_provenance,job_1,select_snapshot_observations,True,True,True,False,job_1,select_snapshot_observations,True,True,True,False,False,art-4729f9b92acd7900,3,186940,34944,1949,188889,49.43373793000137,sha256:04b5c73ab31389df9e98be9c05c031bbfeee1361768552a2e953c02cec07c286,sha256:ef6c5a1af45b95a8c4bfd5d4aab3850966d1671b18fa54febe85b404299ea3a8,sha256:8a5f93fe5f7cfa7b1a995be326244dbfde60646de840e190c368a76e463d2fe3,outputs/fault-experiments-v2-2-n10/attempt-057/reviews/trial-5a0c8ac9313c24f9.json
trial-bbb9dd3dc859eb0f,case-e02,P04,3,upstream_fault,E_expiry_compared_with_recorded_time,job_upstream_demand_provenance,job_1,select_snapshot_observations,True,True,True,False,job_1,select_snapshot_observations,True,True,True,False,False,art-4729f9b92acd7900,3,186945,14464,1982,188927,51.083024548999674,sha256:04b5c73ab31389df9e98be9c05c031bbfeee1361768552a2e953c02cec07c286,sha256:b5bc40761226590c9cd2e989de8d5ba2d6df6d9927caa584881e740b65bc096c,sha256:7753a0a0f3a181b1088015e819aa182018df0a16cb7fb385c57a8981920ebecb,outputs/fault-experiments-v2-2-n10/attempt-057/reviews/trial-bbb9dd3dc859eb0f.json
trial-ff312952d527aae7,case-e02,P05,1,upstream_fault,E_expiry_compared_with_recorded_time,job_upstream_demand_provenance,job_1,select_snapshot_observations,True,True,True,False,job_1,select_snapshot_observations,True,True,True,False,False,art-4729f9b92acd7900,3,190726,34944,1896,192622,47.3765959989978,sha256:16ee06a51d10a6ddefa00df27885f457161cb83096dae51f70cc4b59c166d5c8,sha256:9da44810a7bd42ff639df26cb1feb4a1be12e8a1308a2420e352078d5d3f1e14,sha256:a14ca65ed2969d36b437cfa6e3151eb94eeda0eb1222377835d7bdfbb79d1c67,outputs/fault-experiments-v2-2-n10/attempt-057/reviews/trial-ff312952d527aae7.json
trial-3d0e157e6f2f3d13,case-e02,P05,2,upstream_fault,E_expiry_compared_with_recorded_time,job_upstream_demand_provenance,job_1,select_snapshot_observations,True,True,True,False,job_1,select_snapshot_observations,True,True,True,False,False,art-4729f9b92acd7900,3,189446,34944,2192,191638,51.80401440700007,sha256:16ee06a51d10a6ddefa00df27885f457161cb83096dae51f70cc4b59c166d5c8,sha256:d4ba14ba983327048e31092245fdb7c6ced3fb070a560206d18980ef4daf98d6,sha256:a14a46bb8ca13ff73a746b03d5a655a464f8c4cd20124b8a91289ca198178a78,outputs/fault-experiments-v2-2-n10/attempt-057/reviews/trial-3d0e157e6f2f3d13.json
trial-0477733b42edc6d2,case-e02,P05,3,upstream_fault,E_expiry_compared_with_recorded_time,job_upstream_demand_provenance,job_1,select_snapshot_observations,True,True,True,False,job_1,select_snapshot_observations,True,True,True,False,False,art-4729f9b92acd7900,3,190108,34944,2011,192119,51.264947954998206,sha256:16ee06a51d10a6ddefa00df27885f457161cb83096dae51f70cc4b59c166d5c8,sha256:52fb6b5c8567ae7ef2a02e3cc9c0fa0d106437471d40a27e61b98c8feb879b94,sha256:e4e402b72b2d2ab8decff699c2744a2471ad7eecdce1c6a5209b5077735ee252,outputs/fault-experiments-v2-2-n10/attempt-057/reviews/trial-0477733b42edc6d2.json
trial-2fbe72eeb082e249,case-e02,P06,1,upstream_fault,E_expiry_compared_with_recorded_time,job_upstream_demand_provenance,job_1,select_snapshot_observations,True,True,True,False,job_1,select_snapshot_observations,True,True,True,False,False,,3,179089,34944,2174,181263,51.586675032996936,sha256:76190030484c8cb3ad7a0c18fa4b4dc6150acecb793bc5cd068ce46be48d2880,sha256:143c2271a2598059ef686d6869c68e27ce45507934e9598ba20c02339d820ecd,sha256:7d690b9f228479024e11d8d4c53f535730c931326f69b78d66f17055c643ebef,outputs/fault-experiments-v2-2-n10/attempt-057/reviews/trial-2fbe72eeb082e249.json
trial-e05ac1d0abbe0820,case-e02,P06,2,upstream_fault,E_expiry_compared_with_recorded_time,job_upstream_demand_provenance,job_1,select_snapshot_observations,True,True,True,False,job_1,select_snapshot_observations,True,True,True,False,False,,3,179090,34944,2929,182019,66.50683316100003,sha256:76190030484c8cb3ad7a0c18fa4b4dc6150acecb793bc5cd068ce46be48d2880,sha256:f5cf3c4bce41fe76f402327b3a6c45894528843dedf1a196fba86a5e7b2e89e4,sha256:0b461e428e692ef73d01aaa01baf4802b8620cf187a975c01192d2476c302812,outputs/fault-experiments-v2-2-n10/attempt-057/reviews/trial-e05ac1d0abbe0820.json
trial-282e4e1d22356c3a,case-e02,P06,3,upstream_fault,E_expiry_compared_with_recorded_time,job_upstream_demand_provenance,job_1,select_snapshot_observations,True,True,True,False,job_1,select_snapshot_observations,True,True,True,False,False,,3,179090,34944,2171,181261,51.15540008699827,sha256:76190030484c8cb3ad7a0c18fa4b4dc6150acecb793bc5cd068ce46be48d2880,sha256:c037de4586d3b52001a3880633f36b909002f346e1de6f831665544a4e8a317f,sha256:fd4947e35603178a0af7d2ef045c884e4d005464d529fad4247520466059647a,outputs/fault-experiments-v2-2-n10/attempt-057/reviews/trial-282e4e1d22356c3a.json
trial-429f2825669d4c7d,case-v01,P01,1,upstream_fault,V_oldest_repeat_retained,job_upstream_demand_provenance,job_1,reduce_source_repeats,True,True,True,False,job_1,reduce_source_repeats,True,True,True,False,False,,1,27173,11648,878,28051,19.983841834997293,sha256:1af5ddaedd979c8095f1b205f87b2b6796b8f6a2f9b6fd83dc1a9722e8e2621b,sha256:0fb8c7674691554312ac6777f7b825b87d3ca5fac68cc0941ecb503da341d9aa,sha256:21b57ba0c2687bd533bbd8f0755ffd748810119d51397245170eec7e5ff13671,outputs/fault-experiments-v2-2-n10/attempt-057/reviews/trial-429f2825669d4c7d.json
trial-6521401bf10cbe01,case-v01,P01,2,upstream_fault,V_oldest_repeat_retained,job_upstream_demand_provenance,job_1,reduce_source_repeats,True,True,True,False,job_1,reduce_source_repeats,True,True,True,False,False,,1,27174,11648,762,27936,18.68283796400101,sha256:1af5ddaedd979c8095f1b205f87b2b6796b8f6a2f9b6fd83dc1a9722e8e2621b,sha256:4df1e004b6acb22de656c61827efc7514bf90bdcd4793d0fb2311d2fa0f6651e,sha256:43dbce489a4eb36029ff9519a9e44a88bfa7cf50255afc6131fa92c075e41b9d,outputs/fault-experiments-v2-2-n10/attempt-057/reviews/trial-6521401bf10cbe01.json
trial-eb66764d26ca110a,case-v01,P01,3,upstream_fault,V_oldest_repeat_retained,job_upstream_demand_provenance,job_1,reduce_source_repeats,True,True,True,False,job_1,reduce_source_repeats,True,True,True,False,False,,1,27173,11648,797,27970,18.727404594999825,sha256:1af5ddaedd979c8095f1b205f87b2b6796b8f6a2f9b6fd83dc1a9722e8e2621b,sha256:26dd98eb09f4c9febe0e07f4c96fc5153be2e8a732719cbaf5f4b850d007d98a,sha256:8fae511cbc108ddb4e83e47aabb1536cca700888901f413d4e6b99e93f8affd2,outputs/fault-experiments-v2-2-n10/attempt-057/reviews/trial-eb66764d26ca110a.json
trial-4422754a408d5e57,case-v01,P02,1,upstream_fault,V_oldest_repeat_retained,job_upstream_demand_provenance,job_1,reduce_source_repeats,True,True,True,False,job_1,reduce_source_repeats,True,True,True,False,False,,1,59033,11648,809,59842,19.132231391999085,sha256:0204d97e8bd987f5df2ea54efef4406a53e9ae2bdcee9879f1c26ef69cc24ea9,sha256:2d9176a1b394d478b6a220ae87e60a9d8ee5e0d9c2d7a56ac55ed1f9242c1009,sha256:267d2698e7a6d34121f1200d2c80ef1fec5ed8bc722c4fa1e0fbbdaa196948b7,outputs/fault-experiments-v2-2-n10/attempt-057/reviews/trial-4422754a408d5e57.json
trial-2b892f11353a7183,case-v01,P02,2,upstream_fault,V_oldest_repeat_retained,job_upstream_demand_provenance,job_1,reduce_source_repeats,True,True,True,False,job_1,reduce_source_repeats,True,True,True,False,False,,1,59034,11648,779,59813,18.38068455299981,sha256:0204d97e8bd987f5df2ea54efef4406a53e9ae2bdcee9879f1c26ef69cc24ea9,sha256:225f06a5b91eef93f15b10c1e97ac69d5b7cac398106932eb42c926b05a52e4f,sha256:1917c5dc6d8e2a7323d5f77b3fc8ce6a3d6784018281548ebb79a664eb9a11ea,outputs/fault-experiments-v2-2-n10/attempt-057/reviews/trial-2b892f11353a7183.json
trial-d283231a6e4aa0e4,case-v01,P02,3,upstream_fault,V_oldest_repeat_retained,job_upstream_demand_provenance,job_1,reduce_source_repeats,True,True,True,False,job_1,reduce_source_repeats,True,True,True,False,False,,1,59034,11648,790,59824,19.522844488999908,sha256:0204d97e8bd987f5df2ea54efef4406a53e9ae2bdcee9879f1c26ef69cc24ea9,sha256:5bd989ac5dda8ecfdc08ed9836d0997956328012cbbd028e59e5c11281ad66fb,sha256:fd693b4ea991ec72bfe068ade0e6fa22af553a59778461fb1ca3eb633220e7e2,outputs/fault-experiments-v2-2-n10/attempt-057/reviews/trial-d283231a6e4aa0e4.json
trial-1936c1484b3c2bf7,case-v01,P03,1,upstream_fault,V_oldest_repeat_retained,job_upstream_demand_provenance,job_1,reduce_source_repeats,True,True,True,False,job_1,reduce_source_repeats,True,True,True,False,False,,1,60088,11648,811,60899,18.458007552999334,sha256:ae8110d13edc30301459b2ea8b3fe985c44a50d8045a810f037cff4e2e5b5177,sha256:925f7eeb085c751f75f16a0fb00cfe722c58b0eb1f846dd0927fc0b3c4bf7e60,sha256:83c940e6a14f33ee698527ba057732bc9c1f65b061bbf5ace4a28ddbfe53060a,outputs/fault-experiments-v2-2-n10/attempt-057/reviews/trial-1936c1484b3c2bf7.json
trial-f3c46b09c997085f,case-v01,P03,2,upstream_fault,V_oldest_repeat_retained,job_upstream_demand_provenance,job_1,reduce_source_repeats,True,True,True,False,job_1,reduce_source_repeats,True,True,True,False,False,,1,60089,1408,1848,61937,37.91880440100067,sha256:ae8110d13edc30301459b2ea8b3fe985c44a50d8045a810f037cff4e2e5b5177,sha256:ee1ae92dce9b8514d376bf5a8fa977eaec035929b7463c3d670e1934443eadae,sha256:1b58cfd000ba16df27bf84b37894865f84ca8ef3f535727dd9294424eb62dc55,outputs/fault-experiments-v2-2-n10/attempt-057/reviews/trial-f3c46b09c997085f.json
trial-1c6f3c8b2091940f,case-v01,P03,3,upstream_fault,V_oldest_repeat_retained,job_upstream_demand_provenance,job_1,reduce_source_repeats,True,True,True,False,job_1,reduce_source_repeats,True,True,True,False,False,,1,60088,11648,1295,61383,27.387651319000724,sha256:ae8110d13edc30301459b2ea8b3fe985c44a50d8045a810f037cff4e2e5b5177,sha256:4e83ccf9870e2f99b61a377eec7999378575e86549784724a1704e5128004dbb,sha256:6a39c8dab7bca893c04dff166a5a3ee061e0be00f42cdcdc36099c609954bdae,outputs/fault-experiments-v2-2-n10/attempt-057/reviews/trial-1c6f3c8b2091940f.json
trial-9a4999c2236e58a9,case-v01,P04,1,upstream_fault,V_oldest_repeat_retained,job_upstream_demand_provenance,job_1,reduce_source_repeats,True,True,True,False,job_1,reduce_source_repeats,True,True,True,False,True,art-5039037edd11969b,3,186148,34944,2536,188684,57.50285166400499,sha256:786cd4c4e0d419357e2fc9b3a227ff07c9901e42f176f83836ba6abb20f561c4,sha256:3a6b883f2d9c93f5451b9471c2d03533e59a4956b5de0215a791f869f522c40d,sha256:a3c27bb48f804c33fe78aa6142d45e716ed9ebfb91643060abfcd0f34c2d74e3,outputs/fault-experiments-v2-2-n10/attempt-057/reviews/trial-9a4999c2236e58a9.json
trial-66215dae07ff1e9f,case-v01,P04,2,upstream_fault,V_oldest_repeat_retained,job_upstream_demand_provenance,job_1,reduce_source_repeats,True,True,True,False,job_1,reduce_source_repeats,True,True,True,False,True,art-5039037edd11969b,3,186147,34944,2015,188162,48.45365010199748,sha256:786cd4c4e0d419357e2fc9b3a227ff07c9901e42f176f83836ba6abb20f561c4,sha256:a1cd1f3ec6d43e83ab4301e289462b3d998d7e236148c08cda248499b081ba76,sha256:a4246a942a7ae9d54fceabc154500869d3c06235f8897c3b2d542ccd00a14008,outputs/fault-experiments-v2-2-n10/attempt-057/reviews/trial-66215dae07ff1e9f.json
trial-c86a5ea1fdcaf7d5,case-v01,P04,3,upstream_fault,V_oldest_repeat_retained,job_upstream_demand_provenance,job_1,reduce_source_repeats,True,True,True,False,job_1,reduce_source_repeats,True,True,True,False,True,art-5039037edd11969b,3,186145,34944,2027,188172,49.67963889200473,sha256:786cd4c4e0d419357e2fc9b3a227ff07c9901e42f176f83836ba6abb20f561c4,sha256:27c80573f8bd6b5a0ae511fc3d4dee8f36a0066840d3a3ba61ca53645de03c66,sha256:d9376128073f8a94319208a8341653fc0b6da2741cd514a4bdbab6f69d98f813,outputs/fault-experiments-v2-2-n10/attempt-057/reviews/trial-c86a5ea1fdcaf7d5.json
trial-b54abfaca986911a,case-v01,P05,1,upstream_fault,V_oldest_repeat_retained,job_upstream_demand_provenance,job_1,reduce_source_repeats,True,True,True,False,job_1,reduce_source_repeats,True,True,True,False,True,art-5039037edd11969b,3,189314,34944,1980,191294,49.627089221999995,sha256:d90907f9ed5eb8ef3f5fe9464c0de18627da639f771cc3ca57ef8e8876c9242d,sha256:e911164e6d3e554c8bfbda4c60b2f94aa4a987a6ae77f05d28d948666cbd6a52,sha256:a9de4b86bcfd94c3d749840e8ef666c7c4776ed37e4535ae00793811ef836558,outputs/fault-experiments-v2-2-n10/attempt-057/reviews/trial-b54abfaca986911a.json
trial-7457821a54bb0082,case-v01,P05,2,upstream_fault,V_oldest_repeat_retained,job_upstream_demand_provenance,job_1,reduce_source_repeats,True,True,True,False,job_1,reduce_source_repeats,True,True,True,False,True,art-5039037edd11969b,3,189675,24704,2072,191747,52.30634348700005,sha256:d90907f9ed5eb8ef3f5fe9464c0de18627da639f771cc3ca57ef8e8876c9242d,sha256:cd07c59738cc3d619be46dbb19703741a3e26b4b9bbb7e7119d7445dc4172e5b,sha256:2369aca6e1fff6503da7939277b2f3e908ed18c22d6373c312ea6cb45365ecdf,outputs/fault-experiments-v2-2-n10/attempt-057/reviews/trial-7457821a54bb0082.json
trial-a8950b1ce47b76fe,case-v01,P05,3,upstream_fault,V_oldest_repeat_retained,job_upstream_demand_provenance,job_1,reduce_source_repeats,True,True,True,False,job_1,reduce_source_repeats,True,True,True,False,False,art-9f8c8ba8a4049bae,3,189325,34944,2066,191391,53.2895288969994,sha256:d90907f9ed5eb8ef3f5fe9464c0de18627da639f771cc3ca57ef8e8876c9242d,sha256:d487968bcf06055a5c6f40cb7af532af6c5a9f3132fb0acb6833719751b7bc11,sha256:48dd8ba55a5930984766d66614ab98160e47226fdc297c6e192102d6a2104e2d,outputs/fault-experiments-v2-2-n10/attempt-057/reviews/trial-a8950b1ce47b76fe.json
trial-bfd2a5fd9cabb461,case-v01,P06,1,upstream_fault,V_oldest_repeat_retained,job_upstream_demand_provenance,job_1,reduce_source_repeats,False,False,False,False,,,True,False,False,False,False,,3,177308,34944,2686,179994,61.566067115001715,sha256:2905c8f586507a57c74dc833fac419e199711542a4e66960455833d36aaafe9a,sha256:a943426b7bc6b1b9fab2cfa69782b700546820142d015e14b1b228b7cbd05958,sha256:db84c4a987a2bd3db12f7d10dab4fe967608bbb86946331a58bd6cc6411e02f8,outputs/fault-experiments-v2-2-n10/attempt-057/reviews/trial-bfd2a5fd9cabb461.json
trial-9625a66ce6dbdf9d,case-v01,P06,2,upstream_fault,V_oldest_repeat_retained,job_upstream_demand_provenance,job_1,reduce_source_repeats,True,True,True,False,job_1,reduce_source_repeats,True,True,True,False,False,,3,177310,24704,4260,181570,89.72230836200288,sha256:2905c8f586507a57c74dc833fac419e199711542a4e66960455833d36aaafe9a,sha256:a318fa6324de0c817251e21f597f888fa89b10eba3094f75eca4b23eba64d5c5,sha256:8f4a9dbaed4318881bf797346f6e9e060bcc4dbe5015b0beab64be0e6f09756a,outputs/fault-experiments-v2-2-n10/attempt-057/reviews/trial-9625a66ce6dbdf9d.json
trial-d3fe7bfceba06baa,case-v01,P06,3,upstream_fault,V_oldest_repeat_retained,job_upstream_demand_provenance,job_1,reduce_source_repeats,True,True,True,False,job_1,reduce_source_repeats,True,True,True,False,False,,3,177308,34944,4208,181516,91.11304074100008,sha256:2905c8f586507a57c74dc833fac419e199711542a4e66960455833d36aaafe9a,sha256:106abea7939d1d9dcf0cbaf2b4bf870074c2975281dca6851e1e89fc05c21126,sha256:2244c53c1a07f3e1c3481c0a557d6097d8a8416e89916b765d464a91c882e9c1,outputs/fault-experiments-v2-2-n10/attempt-057/reviews/trial-d3fe7bfceba06baa.json
trial-3493f7630b3f96c3,case-v02,P01,1,upstream_fault,V_oldest_repeat_retained,job_upstream_demand_provenance,job_1,reduce_source_repeats,True,True,True,False,job_1,reduce_source_repeats,True,True,True,False,False,,1,27232,11648,859,28091,19.61701562899907,sha256:80b75c2c85886e4b907056e0cefc4901702137cc4d61b48e73713e3e684ec8b2,sha256:98c455a70eaf7242ff63b06c52fad6f88b9117be90091d9f90d5822d1a5a685e,sha256:b0b2087df06cf803a981e4384fdaef88aabe7867a09cc98409f23b4210f10df3,outputs/fault-experiments-v2-2-n10/attempt-057/reviews/trial-3493f7630b3f96c3.json
trial-8555b4cca670148b,case-v02,P01,2,upstream_fault,V_oldest_repeat_retained,job_upstream_demand_provenance,job_1,reduce_source_repeats,True,True,True,False,job_1,reduce_source_repeats,True,True,True,False,False,,1,27232,1408,863,28095,20.053916269000183,sha256:80b75c2c85886e4b907056e0cefc4901702137cc4d61b48e73713e3e684ec8b2,sha256:7536281822d358befaf91ce6be314f02fd51a6290f565ddf0498f4bcfd77aa5e,sha256:0177a0908748c03a92ee30ecf2ef316ba3b490af088d9329f219989b30ca11bf,outputs/fault-experiments-v2-2-n10/attempt-057/reviews/trial-8555b4cca670148b.json
trial-965a2bed80f89e74,case-v02,P01,3,upstream_fault,V_oldest_repeat_retained,job_upstream_demand_provenance,job_1,reduce_source_repeats,True,True,True,False,job_1,reduce_source_repeats,True,True,True,False,False,,1,27231,11648,837,28068,18.729078413000025,sha256:80b75c2c85886e4b907056e0cefc4901702137cc4d61b48e73713e3e684ec8b2,sha256:c269db6dfa7b0d8229044d78d48bc81575310847fe799e03247f7071d51c99b6,sha256:7aa4a5c32909fde0fdd7b12dcd841e03a67287a748a438ca1965a5ab0f5ff648,outputs/fault-experiments-v2-2-n10/attempt-057/reviews/trial-965a2bed80f89e74.json
trial-34b07278cf65ab75,case-v02,P02,1,upstream_fault,V_oldest_repeat_retained,job_upstream_demand_provenance,job_1,reduce_source_repeats,True,True,True,False,job_1,reduce_source_repeats,True,True,True,False,False,,1,59093,11648,1277,60370,27.49778490100107,sha256:2baf9229d1fdc4afbf839c0a1e2563625a23a38dda0c20ddda37b021f8d815dd,sha256:a3cede05a7107cf603c48a3a236b2dd100b09dc1603507d6529feea8a4b6755d,sha256:49bcdad735909829d40698f3833ec49738bdd75f4ce203e52a9bb7d2966d4e09,outputs/fault-experiments-v2-2-n10/attempt-057/reviews/trial-34b07278cf65ab75.json
trial-36b9685accc8c28a,case-v02,P02,2,upstream_fault,V_oldest_repeat_retained,job_upstream_demand_provenance,job_1,reduce_source_repeats,True,True,True,False,job_1,reduce_source_repeats,True,True,True,False,False,,1,59093,11648,2356,61449,46.5358726609993,sha256:2baf9229d1fdc4afbf839c0a1e2563625a23a38dda0c20ddda37b021f8d815dd,sha256:a7a863a024cb8de3e7d88831afbf5c1a56cea074e92508e30a0e101d31f8030a,sha256:f91f98bdeba567c62caffdcda453af8eeae63c857fb765ce9dea1ca1aa31361e,outputs/fault-experiments-v2-2-n10/attempt-057/reviews/trial-36b9685accc8c28a.json
trial-5fa861855c31e8d6,case-v02,P02,3,upstream_fault,V_oldest_repeat_retained,job_upstream_demand_provenance,job_1,reduce_source_repeats,True,True,True,False,job_1,reduce_source_repeats,True,True,True,False,False,,1,59093,11648,1325,60418,27.861141518000295,sha256:2baf9229d1fdc4afbf839c0a1e2563625a23a38dda0c20ddda37b021f8d815dd,sha256:3923e253168736063c18f12a1e81df77d59996c28c5a461fa3c11311860f0221,sha256:fab54b38d3e85e6312d5f3074d2d253982cd8157e5131e3160421f677682fd39,outputs/fault-experiments-v2-2-n10/attempt-057/reviews/trial-5fa861855c31e8d6.json
trial-e2c89cf3fe4b9214,case-v02,P03,1,upstream_fault,V_oldest_repeat_retained,job_upstream_demand_provenance,job_1,reduce_source_repeats,True,True,True,False,job_1,reduce_source_repeats,True,True,True,False,False,,1,60149,11648,2046,62195,41.694179064999844,sha256:7c597bad3535f9f2f934cf55fc9186b2e90f965e17ff67e79bf9693e34a8b144,sha256:3f6cf0c89e0840bcc554180d766696e9d4467d3318318e7688690209e84ba415,sha256:4bd7285c33124eb0480f11d64ad1b5bcdfa61164f02a4cdf8903d27b74815616,outputs/fault-experiments-v2-2-n10/attempt-057/reviews/trial-e2c89cf3fe4b9214.json
trial-298d8bd4835c1c07,case-v02,P03,2,upstream_fault,V_oldest_repeat_retained,job_upstream_demand_provenance,job_1,reduce_source_repeats,True,True,True,False,job_1,reduce_source_repeats,True,True,True,False,False,,1,60147,11648,797,60944,19.723273292000158,sha256:7c597bad3535f9f2f934cf55fc9186b2e90f965e17ff67e79bf9693e34a8b144,sha256:94433fc98ca01c416f0f9936c0abf77b16492fecf157c9085ab47b31523a3128,sha256:23857ce083bc713e6c7a88c478ac5f0d5af032e6c223208f9f9c12c027083129,outputs/fault-experiments-v2-2-n10/attempt-057/reviews/trial-298d8bd4835c1c07.json
trial-eae67e00b344380f,case-v02,P03,3,upstream_fault,V_oldest_repeat_retained,job_upstream_demand_provenance,job_1,reduce_source_repeats,True,True,True,False,job_1,reduce_source_repeats,True,True,True,False,False,,1,60148,11648,789,60937,19.103945552998994,sha256:7c597bad3535f9f2f934cf55fc9186b2e90f965e17ff67e79bf9693e34a8b144,sha256:4ff8113ee0b91d7028db744518d60c18d2ce39c6c79cca0369ae3c193fd26667,sha256:0ec6e02e43df78baffb6d2c559747a8ee3181d34e7895f265fa038d7d7038c9a,outputs/fault-experiments-v2-2-n10/attempt-057/reviews/trial-eae67e00b344380f.json
trial-4dbe58c961389f10,case-v02,P04,1,upstream_fault,V_oldest_repeat_retained,job_upstream_demand_provenance,job_1,reduce_source_repeats,True,True,True,False,job_1,reduce_source_repeats,True,True,True,False,False,art-20640e4066f1847f,3,186625,34944,2057,188682,49.734605077001106,sha256:5a90fed18a9005f7d7465c63d8d2efdced4a33c8e6831cbaa65a346fd0e057b6,sha256:1c5053f38cb234f941d815bb355ea194d889454cedea856624bdc6df124eb5f8,sha256:9b66be672466fb0726fa9a8ff54cf8ffa008b68c91b045a05e66305073e6d2a2,outputs/fault-experiments-v2-2-n10/attempt-057/reviews/trial-4dbe58c961389f10.json
trial-d9b004145a633d93,case-v02,P04,2,upstream_fault,V_oldest_repeat_retained,job_upstream_demand_provenance,job_1,reduce_source_repeats,True,True,True,False,job_1,reduce_source_repeats,True,True,True,False,True,art-c2839c6f29887562,3,186736,24704,2029,188765,49.62333677599963,sha256:5a90fed18a9005f7d7465c63d8d2efdced4a33c8e6831cbaa65a346fd0e057b6,sha256:461f6d6d86d3406e95e8f0d75dd66fe74d5df6f79fb6097730528cf0579e336b,sha256:271e14a33dfddfa59cbea0c5742fcbf8e29d381f931c535c23e72735f6018043,outputs/fault-experiments-v2-2-n10/attempt-057/reviews/trial-d9b004145a633d93.json
trial-fc302f0c6070ad86,case-v02,P04,3,upstream_fault,V_oldest_repeat_retained,job_upstream_demand_provenance,job_1,reduce_source_repeats,True,True,True,False,job_1,reduce_source_repeats,True,True,True,False,True,art-c2839c6f29887562,3,186738,34944,2048,188786,49.7403818519997,sha256:5a90fed18a9005f7d7465c63d8d2efdced4a33c8e6831cbaa65a346fd0e057b6,sha256:159efafe8fc9ddc741fadf6d94dbd9109b974d8348070b811d699ebd1224de6b,sha256:8a26ef443a8684b82a3ff06ca2afa53b68062cf330792e2a39522c876267a0c8,outputs/fault-experiments-v2-2-n10/attempt-057/reviews/trial-fc302f0c6070ad86.json
trial-d89dd2dd6daefa7d,case-v02,P05,1,upstream_fault,V_oldest_repeat_retained,job_upstream_demand_provenance,job_1,reduce_source_repeats,True,True,True,False,job_1,reduce_source_repeats,True,True,True,False,False,art-20640e4066f1847f,3,189439,14464,2420,191859,58.76722964400051,sha256:d1258bff665d53a625d1ee5902cc613b384f12fc62e6d45ada6e078dd72eace5,sha256:78292249eca2357563b52364b810f90c84476da906d5fcbad50495a94a5077af,sha256:123bc6a1576e5cc6b4b8b79166f3d2734b5b314f8b0856e4bb5b6016c8496ac0,outputs/fault-experiments-v2-2-n10/attempt-057/reviews/trial-d89dd2dd6daefa7d.json
trial-24718e9744547262,case-v02,P05,2,upstream_fault,V_oldest_repeat_retained,job_upstream_demand_provenance,job_1,reduce_source_repeats,True,True,True,False,job_1,reduce_source_repeats,True,True,True,False,True,art-c2839c6f29887562,3,189509,34944,2590,192099,63.69679483099753,sha256:d1258bff665d53a625d1ee5902cc613b384f12fc62e6d45ada6e078dd72eace5,sha256:154ed5456346f3607dcd1d4340119ac17b127bb5b583df5e4c6f81e4c5b0be65,sha256:5a1698d4f98915cb3f160d8a178ee021275eed90f2807fafb0db50f64010c803,outputs/fault-experiments-v2-2-n10/attempt-057/reviews/trial-24718e9744547262.json
trial-eb45bcbb65bfe20c,case-v02,P05,3,upstream_fault,V_oldest_repeat_retained,job_upstream_demand_provenance,job_1,reduce_source_repeats,True,True,True,False,job_1,reduce_source_repeats,True,True,True,False,True,art-c2839c6f29887562,3,189330,34944,2325,191655,54.52104566700291,sha256:d1258bff665d53a625d1ee5902cc613b384f12fc62e6d45ada6e078dd72eace5,sha256:6487aba2f06ae226c2e4843446e8dbf5ccbefa4891ec08fce29aa389991f1417,sha256:c29ef2cc343d030157abc449ebe400626d692365b442688fb6bb011c3dc20ceb,outputs/fault-experiments-v2-2-n10/attempt-057/reviews/trial-eb45bcbb65bfe20c.json
trial-4945bd917107085f,case-v02,P06,1,upstream_fault,V_oldest_repeat_retained,job_upstream_demand_provenance,job_1,reduce_source_repeats,False,False,False,False,,,True,False,False,False,False,,3,177486,34944,2619,180105,60.516136201000336,sha256:78bc5c8fdc2370360cdc111731c0101744c6e51e789fe443b3201eafa8ec7dbb,sha256:cafc9d5ea1fa7ee1057c85dd77da204ac698a3aec8574f360976c24faf141bc9,sha256:0720b76932374bb0190af36572643b9d1dd159cf7ed519bdbefacc3ebbc818a0,outputs/fault-experiments-v2-2-n10/attempt-057/reviews/trial-4945bd917107085f.json
trial-c1ae482c5080e5d8,case-v02,P06,2,upstream_fault,V_oldest_repeat_retained,job_upstream_demand_provenance,job_1,reduce_source_repeats,True,True,True,False,job_1,reduce_source_repeats,True,True,True,False,False,,3,177484,34944,2408,179892,55.493485841998336,sha256:78bc5c8fdc2370360cdc111731c0101744c6e51e789fe443b3201eafa8ec7dbb,sha256:5673f115fccc5bea407b2227c3f6616254b7b01666e131582f64c827eb784a3a,sha256:1020981db0bae8183304430eecc5dccf2e1564f724c6ed31ff68dddeaea66a8a,outputs/fault-experiments-v2-2-n10/attempt-057/reviews/trial-c1ae482c5080e5d8.json
trial-fe9e03e2acb86eec,case-v02,P06,3,upstream_fault,V_oldest_repeat_retained,job_upstream_demand_provenance,job_1,reduce_source_repeats,True,True,True,False,job_1,reduce_source_repeats,True,True,True,False,False,,3,177485,34944,4293,181778,91.08184978999816,sha256:78bc5c8fdc2370360cdc111731c0101744c6e51e789fe443b3201eafa8ec7dbb,sha256:250899b29509996f752bb4da80464778525fed437ef428943351ec9d0c2c00c1,sha256:e841b36635897010f7a86bcce1b4f51abe9fd1da3794ca83686ea386f99766d4,outputs/fault-experiments-v2-2-n10/attempt-057/reviews/trial-fe9e03e2acb86eec.json
trial-3e7df34d2235dfa0,case-d01,P01,1,upstream_fault,D_repeat_rank_scoped_by_source,job_upstream_demand_provenance,job_1,reduce_source_repeats,True,True,True,False,job_1,reduce_source_repeats,True,True,True,False,False,,1,26715,11648,797,27512,18.411039691000042,sha256:0341d89d695e7fec173bba6ea24507612e6ca0650d4c6815c06a8f82ea3621ca,sha256:38bc49a02dbce8f9ac1199186a788fdf5f393a5955a36140bcdc4266889b2b49,sha256:ed4ebb24e1584dfef2d16a806b0d072b0a16bffe89bf7931a73c14846f698c9f,outputs/fault-experiments-v2-2-n10/attempt-057/reviews/trial-3e7df34d2235dfa0.json
trial-4e1f78e8f8a4979b,case-d01,P01,2,upstream_fault,D_repeat_rank_scoped_by_source,job_upstream_demand_provenance,job_1,reduce_source_repeats,True,True,True,False,job_1,reduce_source_repeats,True,True,True,False,False,,1,26715,11648,765,27480,18.442454590000125,sha256:0341d89d695e7fec173bba6ea24507612e6ca0650d4c6815c06a8f82ea3621ca,sha256:f9b839d3a5b400d770d0fd667c0394b74c4c988e16298ab743f2c4f53134b659,sha256:d0fc7f05003d3caa546a3bb734a8a664fbd3e8932ceafc68365d012088e33f62,outputs/fault-experiments-v2-2-n10/attempt-057/reviews/trial-4e1f78e8f8a4979b.json
trial-98f6b46b12dd53ac,case-d01,P01,3,upstream_fault,D_repeat_rank_scoped_by_source,job_upstream_demand_provenance,job_1,reduce_source_repeats,True,True,True,False,job_1,reduce_source_repeats,True,True,True,False,False,,1,26716,11648,779,27495,18.096486750000622,sha256:0341d89d695e7fec173bba6ea24507612e6ca0650d4c6815c06a8f82ea3621ca,sha256:5c3804399c1acff7aa2fe58ee83d5f5d60deecb7109336c909a448d60757b2a7,sha256:e1f3c5ca0c2865f7ac4dc62e2dc1442d3da0e36d32d84c234cce1329bde23148,outputs/fault-experiments-v2-2-n10/attempt-057/reviews/trial-98f6b46b12dd53ac.json
trial-13e872ce1e524fa2,case-d01,P02,1,upstream_fault,D_repeat_rank_scoped_by_source,job_upstream_demand_provenance,job_1,reduce_source_repeats,True,True,True,False,job_1,reduce_source_repeats,True,True,True,False,False,,1,58576,11648,777,59353,17.980580000001282,sha256:a7f0642a302e256af01f2372a7e39943831160d0606e10cf9158070d7c841908,sha256:a0a015792e992826b24a51d3436f52232ce83123a413b867704e1a253df384e6,sha256:5cc3a00201a3b80ca1fdffc5c475f2e9ce50bc82a864498a2c33e3601a2f60d8,outputs/fault-experiments-v2-2-n10/attempt-057/reviews/trial-13e872ce1e524fa2.json
trial-5ebcbd2ec43dd378,case-d01,P02,2,upstream_fault,D_repeat_rank_scoped_by_source,job_upstream_demand_provenance,job_1,reduce_source_repeats,True,True,True,False,job_1,reduce_source_repeats,True,True,True,False,False,,1,58575,11648,2116,60691,42.54261431299892,sha256:a7f0642a302e256af01f2372a7e39943831160d0606e10cf9158070d7c841908,sha256:f509c3aaea0d4d19afbd041a7ada2a7300d8d8f93fd63b0c5e28f156b2d2da3b,sha256:14b1446ded7fbeba4dc57078091a7235bcfc1bc0a57849276fa5ba95f1b90bb9,outputs/fault-experiments-v2-2-n10/attempt-057/reviews/trial-5ebcbd2ec43dd378.json
trial-f42ed4f1b173351a,case-d01,P02,3,upstream_fault,D_repeat_rank_scoped_by_source,job_upstream_demand_provenance,job_1,reduce_source_repeats,True,True,True,False,job_1,reduce_source_repeats,True,True,True,False,False,,1,58575,11648,1829,60404,41.387224635000166,sha256:a7f0642a302e256af01f2372a7e39943831160d0606e10cf9158070d7c841908,sha256:137605e9f1298cb49140c8c44511b38cdf6bcda4b35ee33bb8da1aa1677f4682,sha256:a9d009f47a3726dab421c93b193f7d2c258cbb76132e676f2a2df2a5a82ae711,outputs/fault-experiments-v2-2-n10/attempt-057/reviews/trial-f42ed4f1b173351a.json
trial-829d35b6720dbaa5,case-d01,P03,1,upstream_fault,D_repeat_rank_scoped_by_source,job_upstream_demand_provenance,job_1,reduce_source_repeats,True,True,True,False,job_1,reduce_source_repeats,True,True,True,False,False,,1,59632,11648,817,60449,19.026618556999892,sha256:3d893947bb8446e080207f8f1018a188c4fbed03d3ed15a46df15179c933aa83,sha256:94fad9fb7cc3dc782cb6c6f86947d83236d6e94c755e8fa3de78b47ed79125f4,sha256:20a211b3b237c5c1137c7e80a31136843e7e9dd1cf88848bc9b60ba4f43c6bd5,outputs/fault-experiments-v2-2-n10/attempt-057/reviews/trial-829d35b6720dbaa5.json
trial-5a7747a6404ee24a,case-d01,P03,2,upstream_fault,D_repeat_rank_scoped_by_source,job_upstream_demand_provenance,job_1,reduce_source_repeats,True,True,True,False,job_1,reduce_source_repeats,True,True,True,False,False,,1,59631,1408,904,60535,21.104230741999345,sha256:3d893947bb8446e080207f8f1018a188c4fbed03d3ed15a46df15179c933aa83,sha256:89f79cf228ddd24f3eddac7189d2920dd9ecaf912756b5dcdfc3037c050dd6c5,sha256:451458ebe69c69956d27385b2536312375322b1daff0ee72ae44cd7dcc388614,outputs/fault-experiments-v2-2-n10/attempt-057/reviews/trial-5a7747a6404ee24a.json
trial-a5c512aa1a1e1c8c,case-d01,P03,3,upstream_fault,D_repeat_rank_scoped_by_source,job_upstream_demand_provenance,job_1,reduce_source_repeats,True,True,True,False,job_1,reduce_source_repeats,True,True,True,False,False,,1,59631,11648,1390,61021,29.1757196260005,sha256:3d893947bb8446e080207f8f1018a188c4fbed03d3ed15a46df15179c933aa83,sha256:98ee70d4ed7c8305ba58bf4d9173644971e14b1fa4e0506d244af3c16bf14e22,sha256:40903f69b22f0f343d14477013b8782e053ccfb15051b6f086a6f9ca7ce2f08a,outputs/fault-experiments-v2-2-n10/attempt-057/reviews/trial-a5c512aa1a1e1c8c.json
trial-c4296f989ba638f8,case-d01,P04,1,upstream_fault,D_repeat_rank_scoped_by_source,job_upstream_demand_provenance,job_1,reduce_source_repeats,True,True,True,False,job_1,reduce_source_repeats,True,True,True,False,False,art-6dec5c2b3589d28d,3,184875,24704,2956,187831,66.3900191720004,sha256:c4980731152d0213b839b7fa850ffa72d3184ff16be8a97ad993fc009c32bee6,sha256:b75af8b1983971b289e49ef9c2497576b4a49730e083f605a757970f0fa94e0d,sha256:3549ae0a770ce9914e154a3546ba1f22a3786be764ab84d029ecfe8bb0924565,outputs/fault-experiments-v2-2-n10/attempt-057/reviews/trial-c4296f989ba638f8.json
trial-31be9cc8e508006c,case-d01,P04,2,upstream_fault,D_repeat_rank_scoped_by_source,job_upstream_demand_provenance,job_1,reduce_source_repeats,True,True,True,False,job_1,reduce_source_repeats,True,True,True,False,True,art-77f741dbb7f33d92,3,185125,34944,1978,187103,48.39140849100295,sha256:c4980731152d0213b839b7fa850ffa72d3184ff16be8a97ad993fc009c32bee6,sha256:468ddf1b54ee6e6c3fe5f97656795510555c677348ced74a42cce3b810c1c1f6,sha256:f3716d9fe6558cdb3478ef0c9a24c675ca2003b45f03e6bdc42531a5a10bd14e,outputs/fault-experiments-v2-2-n10/attempt-057/reviews/trial-31be9cc8e508006c.json
trial-f49e61f10b48be52,case-d01,P04,3,upstream_fault,D_repeat_rank_scoped_by_source,job_upstream_demand_provenance,job_1,reduce_source_repeats,True,True,True,False,job_1,reduce_source_repeats,True,True,True,False,True,art-77f741dbb7f33d92,3,184092,34944,2759,186851,62.23074574199927,sha256:c4980731152d0213b839b7fa850ffa72d3184ff16be8a97ad993fc009c32bee6,sha256:4e3cb6dae3f16cb860491fd3603c80653b61b249a970ed9e3858a102be0fff72,sha256:29d17116731eecaed9ebb586bbd34d1957e1acce736230c9553f7ef69caf2d3d,outputs/fault-experiments-v2-2-n10/attempt-057/reviews/trial-f49e61f10b48be52.json
trial-f47c3e6aedd4f44b,case-d01,P05,1,upstream_fault,D_repeat_rank_scoped_by_source,job_upstream_demand_provenance,job_1,reduce_source_repeats,True,True,True,False,job_1,reduce_source_repeats,True,True,True,False,True,art-77f741dbb7f33d92,3,187782,34944,2551,190333,59.212112173001515,sha256:62be3af416a940a7e84cbcdd1981d051136180fa17a877cb796c00f1c8d4df88,sha256:2616b1ec4befa5727f03cc10c6a4516b8e59306a499820b8459b26087895efd5,sha256:85b948bbf59f7ba7fda7b531f162eeaf0940afa1caa0a2c88f8c3ec9231ffd3a,outputs/fault-experiments-v2-2-n10/attempt-057/reviews/trial-f47c3e6aedd4f44b.json
trial-c7667416177af224,case-d01,P05,2,upstream_fault,D_repeat_rank_scoped_by_source,job_upstream_demand_provenance,job_1,reduce_source_repeats,True,True,True,False,job_1,reduce_source_repeats,True,True,True,False,True,art-77f741dbb7f33d92,3,187781,34944,2022,189803,50.463068793000275,sha256:62be3af416a940a7e84cbcdd1981d051136180fa17a877cb796c00f1c8d4df88,sha256:e75aa406e8f927ec92c935e6662253640a9955ef6877fb92a1417596fed1c55a,sha256:06b802a3eff82bde1b31def499512f6476afb95304394c0d1298455aea0bf616,outputs/fault-experiments-v2-2-n10/attempt-057/reviews/trial-c7667416177af224.json
trial-6cca98ed10e26770,case-d01,P05,3,upstream_fault,D_repeat_rank_scoped_by_source,job_upstream_demand_provenance,job_1,reduce_source_repeats,True,True,True,False,job_1,reduce_source_repeats,True,True,True,False,True,art-77f741dbb7f33d92,3,187793,24704,2051,189844,49.430639390999204,sha256:62be3af416a940a7e84cbcdd1981d051136180fa17a877cb796c00f1c8d4df88,sha256:2f2a42538a5048a26c9dcfd95769c4c11f2ba9c734bc20a9d120ed16837b33f8,sha256:149838cfff5359587532581d244f4186dbae94bf13d1fd664c25e278c42aaf4b,outputs/fault-experiments-v2-2-n10/attempt-057/reviews/trial-6cca98ed10e26770.json
trial-55fa322b98329ce6,case-d01,P06,1,upstream_fault,D_repeat_rank_scoped_by_source,job_upstream_demand_provenance,job_1,reduce_source_repeats,True,True,True,False,job_1,reduce_source_repeats,True,True,True,False,False,,3,175934,34944,4494,180428,93.24950518199876,sha256:efc357cc8b824efdc9508698fd804504a5f0fdf42cb3c1f7a339afcdf445b085,sha256:e691ab2bde27b5d238adb2054512c678104be3ca5f8ebdfd1b7469118528885d,sha256:5349045b149bb2647feadcd777df3621ee073485bffa72e32a2eebdf35397a52,outputs/fault-experiments-v2-2-n10/attempt-057/reviews/trial-55fa322b98329ce6.json
trial-e09f353936c6c81f,case-d01,P06,2,upstream_fault,D_repeat_rank_scoped_by_source,job_upstream_demand_provenance,job_1,reduce_source_repeats,True,True,True,False,job_1,reduce_source_repeats,True,True,True,False,False,,3,175932,34944,4518,180450,94.82098926000072,sha256:efc357cc8b824efdc9508698fd804504a5f0fdf42cb3c1f7a339afcdf445b085,sha256:b74bb8a54475a3b2b4b39de69453923506cd757aae1fa1cbff03c8119c6b3908,sha256:4ee35d1c776cd986d2dddd299be647826c123c95b441174e8ab84c49fa962137,outputs/fault-experiments-v2-2-n10/attempt-057/reviews/trial-e09f353936c6c81f.json
trial-412214e970e3afc7,case-d01,P06,3,upstream_fault,D_repeat_rank_scoped_by_source,job_upstream_demand_provenance,job_1,reduce_source_repeats,True,True,True,False,job_1,reduce_source_repeats,True,True,True,False,False,,3,175933,24704,2201,178134,52.38200202899861,sha256:efc357cc8b824efdc9508698fd804504a5f0fdf42cb3c1f7a339afcdf445b085,sha256:df1ac0613a8328d8f8dc950bcd91401428b0904208eb53dd82d96e220de779d9,sha256:0a61be3ab5ddc7f01dc55fbb6da418ffe1e2f2d87b2924a28f487f4dfb4bc2b3,outputs/fault-experiments-v2-2-n10/attempt-057/reviews/trial-412214e970e3afc7.json
trial-ba8006ec0ada5dea,case-d02,P01,1,upstream_fault,D_repeat_rank_scoped_by_source,job_upstream_demand_provenance,job_1,reduce_source_repeats,True,True,True,False,job_1,reduce_source_repeats,True,True,True,False,False,,1,26722,11648,795,27517,18.23472187399966,sha256:0829dbee640bcba161afee8acffa831548c3f08e566a97216fb330065204c159,sha256:5af4ac9ffd350c9299ffce17d02d3c5c172670914926db7adc0b34850b3c4bc5,sha256:2e8c82119b340ac39d66bdfd6dc24796e4260139bd40a6242f18e132f1dc6fe4,outputs/fault-experiments-v2-2-n10/attempt-057/reviews/trial-ba8006ec0ada5dea.json
trial-9dfdefe2db03958a,case-d02,P01,2,upstream_fault,D_repeat_rank_scoped_by_source,job_upstream_demand_provenance,job_1,reduce_source_repeats,True,True,True,False,job_1,reduce_source_repeats,True,True,True,False,False,,1,26721,11648,1388,28109,28.6113014879993,sha256:0829dbee640bcba161afee8acffa831548c3f08e566a97216fb330065204c159,sha256:8c3716ea82e359cb8fd640f8444b33fec63f89b7c59e6d4afa985609b6a3b45c,sha256:3d7de06a9351f43eeb6536ca1772da8fd386899d3310bd68346cb3a061a73bdf,outputs/fault-experiments-v2-2-n10/attempt-057/reviews/trial-9dfdefe2db03958a.json
trial-ddd61987f41da731,case-d02,P01,3,upstream_fault,D_repeat_rank_scoped_by_source,job_upstream_demand_provenance,job_1,reduce_source_repeats,True,True,True,False,job_1,reduce_source_repeats,True,True,True,False,False,,1,26722,1408,809,27531,18.8760596230004,sha256:0829dbee640bcba161afee8acffa831548c3f08e566a97216fb330065204c159,sha256:a1f9808fa5f3bd95b9221ae6233ac73397231ecc615d565dab76242d829a2561,sha256:0593b266936d748f84cbda129539f0b1d2bda8f5a176a051dae68dbe33ec31fb,outputs/fault-experiments-v2-2-n10/attempt-057/reviews/trial-ddd61987f41da731.json
trial-9b8686ac21174b94,case-d02,P02,1,upstream_fault,D_repeat_rank_scoped_by_source,job_upstream_demand_provenance,job_1,reduce_source_repeats,True,True,True,False,job_1,reduce_source_repeats,True,True,True,False,False,,1,58591,11648,1897,60488,38.36264847200073,sha256:762f5d4b28b85f5ee55843bc8a6a9b0f133ddc120c579205dc03490f3a5e123b,sha256:e3a381f94f60aa567ff0def9d3a8bbcb01fc7ba55e69dc17f691b21d34feb867,sha256:5e9597ac28f3758fa1af5713bea7782ae3bf227d89bf88662ce4bd90d7d516cd,outputs/fault-experiments-v2-2-n10/attempt-057/reviews/trial-9b8686ac21174b94.json
trial-55475f2f91cab37f,case-d02,P02,2,upstream_fault,D_repeat_rank_scoped_by_source,job_upstream_demand_provenance,job_1,reduce_source_repeats,True,True,True,False,job_1,reduce_source_repeats,True,True,True,False,False,,1,58593,11648,915,59508,21.10153177399843,sha256:762f5d4b28b85f5ee55843bc8a6a9b0f133ddc120c579205dc03490f3a5e123b,sha256:187d9fb87b11f209ea15d828511617d1da3a5386df7996917a9d911d8ecde6fa,sha256:c09deae27d4a5752b1da24fb3fbf72148a154252f3e6bcf6b746c5f38b7e43e7,outputs/fault-experiments-v2-2-n10/attempt-057/reviews/trial-55475f2f91cab37f.json
trial-68410941e69b87c2,case-d02,P02,3,upstream_fault,D_repeat_rank_scoped_by_source,job_upstream_demand_provenance,job_1,reduce_source_repeats,True,True,True,False,job_1,reduce_source_repeats,True,True,True,False,False,,1,58590,11648,1706,60296,35.41671964899979,sha256:762f5d4b28b85f5ee55843bc8a6a9b0f133ddc120c579205dc03490f3a5e123b,sha256:9465f0fc1d30c0d488937873dd1fd591587ee74d36ee65c4e3ef9c5a1b4c3407,sha256:cc24cfdfdd965f0eb8c9a4baf371e484aadbcc4e3bc755ddab8ff0f627f784e6,outputs/fault-experiments-v2-2-n10/attempt-057/reviews/trial-68410941e69b87c2.json
trial-700e8a37f5d02c38,case-d02,P03,1,upstream_fault,D_repeat_rank_scoped_by_source,job_upstream_demand_provenance,job_1,reduce_source_repeats,True,True,True,False,job_1,reduce_source_repeats,True,True,True,False,False,,1,59648,11648,809,60457,19.065346235000106,sha256:57db6ddff2896bf0008b3b059008119aea2fe154eb7cf60b81e0d4f0c40c6ad5,sha256:7cbda890cfbe8f1f15b34d2cea800cad27a441095d18167983216c470189675b,sha256:3ab856068866b77ea26fc69d199fb109602674574b99f721c513067cfa4e4c5f,outputs/fault-experiments-v2-2-n10/attempt-057/reviews/trial-700e8a37f5d02c38.json
trial-7b85a0186b3c5401,case-d02,P03,2,upstream_fault,D_repeat_rank_scoped_by_source,job_upstream_demand_provenance,job_1,reduce_source_repeats,True,True,True,False,job_1,reduce_source_repeats,True,True,True,False,False,,1,59647,11648,843,60490,19.32802228899982,sha256:57db6ddff2896bf0008b3b059008119aea2fe154eb7cf60b81e0d4f0c40c6ad5,sha256:79e1b9cb48b992d164a0f12c3443db66d3311ac32759badc400a9ba143b5f514,sha256:e0b24712822c063700e7cef57c91c171e9e3a457f8bce5631786f9cb31b72eb0,outputs/fault-experiments-v2-2-n10/attempt-057/reviews/trial-7b85a0186b3c5401.json
trial-d2fba51fe38f545c,case-d02,P03,3,upstream_fault,D_repeat_rank_scoped_by_source,job_upstream_demand_provenance,job_1,reduce_source_repeats,True,True,True,False,job_1,reduce_source_repeats,True,True,True,False,False,,1,59647,11648,845,60492,19.22624293300032,sha256:57db6ddff2896bf0008b3b059008119aea2fe154eb7cf60b81e0d4f0c40c6ad5,sha256:ab055317a746288e4ab5a136cc87d842ff87c3613c807177cbf24ce66babcd93,sha256:afcd172004faa2057c49a7ede7fe75215f8d6a4e8d8eb6385a45423a054d58f5,outputs/fault-experiments-v2-2-n10/attempt-057/reviews/trial-d2fba51fe38f545c.json
trial-a9b43130e729858c,case-d02,P04,1,upstream_fault,D_repeat_rank_scoped_by_source,job_upstream_demand_provenance,job_1,reduce_source_repeats,True,True,True,False,job_1,reduce_source_repeats,True,True,True,False,False,art-f4a90226e4f183fb,3,185152,34944,1833,186985,45.996078944004694,sha256:de8845495bd4fcef6acb4acfd6d4acfe4cf89a3db1d602447f5b941ec8d2e273,sha256:f2ee35e624e0205c1b30679edcd7bd0c2d3fd2b6d1a430e26ec89a3e6db578c3,sha256:99bcef0efd5f3800b64dd126095c6665f1c3464f70f3be0915f658063f9ed20e,outputs/fault-experiments-v2-2-n10/attempt-057/reviews/trial-a9b43130e729858c.json
trial-3c1b0e76d2ef2e43,case-d02,P04,2,upstream_fault,D_repeat_rank_scoped_by_source,job_upstream_demand_provenance,job_1,reduce_source_repeats,True,True,True,False,job_1,reduce_source_repeats,True,True,True,False,True,art-be706d81dc28979f,3,184746,24704,1958,186704,48.13562044600258,sha256:de8845495bd4fcef6acb4acfd6d4acfe4cf89a3db1d602447f5b941ec8d2e273,sha256:96585f76a02613b6b7a1abe0421a476bc24715a56a3ca61edfb3869de643966f,sha256:469d84315876a822a0940b09fff7fec9122a0ba095e86f7942d67bc5195439a3,outputs/fault-experiments-v2-2-n10/attempt-057/reviews/trial-3c1b0e76d2ef2e43.json
trial-4966e0702c5ff8cb,case-d02,P04,3,upstream_fault,D_repeat_rank_scoped_by_source,job_upstream_demand_provenance,job_1,reduce_source_repeats,True,True,True,False,job_1,reduce_source_repeats,True,True,True,False,True,art-be706d81dc28979f,3,184633,14464,2036,186669,52.14189884500047,sha256:de8845495bd4fcef6acb4acfd6d4acfe4cf89a3db1d602447f5b941ec8d2e273,sha256:72bf7b95ce58b69dd0295ccb100622d52118f66a17ffb2d202afe3350d440ff7,sha256:36e87aa5f58ac0366bb1bfaafa71f61f429403793154eb71995990237f5fe8d5,outputs/fault-experiments-v2-2-n10/attempt-057/reviews/trial-4966e0702c5ff8cb.json
trial-14018ff9aea5a230,case-d02,P05,1,upstream_fault,D_repeat_rank_scoped_by_source,job_upstream_demand_provenance,job_1,reduce_source_repeats,True,True,True,False,job_1,reduce_source_repeats,True,True,True,False,True,art-be706d81dc28979f,3,187803,34944,1941,189744,47.74775703100022,sha256:967ff51109d702f0a6445477dc312887ae2f3137bb655a741ccec1ad377497e9,sha256:1633ef7ef1737ee7c18029322d5456fbdf874a84b0a6e271fa117cefde48da67,sha256:505cd3aef3a117ddc809594485c8e9064cea120ee417352c769db61157a69a11,outputs/fault-experiments-v2-2-n10/attempt-057/reviews/trial-14018ff9aea5a230.json
trial-9c39ca55e0bb3c4f,case-d02,P05,2,upstream_fault,D_repeat_rank_scoped_by_source,job_upstream_demand_provenance,job_1,reduce_source_repeats,True,True,True,False,job_1,reduce_source_repeats,True,True,True,False,True,art-be706d81dc28979f,3,187739,34944,1997,189736,49.54821200000151,sha256:967ff51109d702f0a6445477dc312887ae2f3137bb655a741ccec1ad377497e9,sha256:ec0c7e9ffba492d37ec84973a84057f144787bd0d49c94c81e9b4af1d017562d,sha256:649f63c194e2837f74ad4f652e087fe8ea2e9745f6a38b239ad8dd84d510851b,outputs/fault-experiments-v2-2-n10/attempt-057/reviews/trial-9c39ca55e0bb3c4f.json
trial-d18ecf33952cc70d,case-d02,P05,3,upstream_fault,D_repeat_rank_scoped_by_source,job_upstream_demand_provenance,job_1,reduce_source_repeats,True,True,True,False,job_1,reduce_source_repeats,True,True,True,False,True,art-be706d81dc28979f,3,187634,34944,2519,190153,59.085540982003295,sha256:967ff51109d702f0a6445477dc312887ae2f3137bb655a741ccec1ad377497e9,sha256:4934e86a7f0760f3b69b3cd0e0adb116aed0af9bacb24b3712d6e616d648fdee,sha256:1c606b7bf6bec08803242fd93726e58c7af2f0d8c039718bdb9620c7b8a29c42,outputs/fault-experiments-v2-2-n10/attempt-057/reviews/trial-d18ecf33952cc70d.json
trial-3f7a191e03a1cf33,case-d02,P06,1,upstream_fault,D_repeat_rank_scoped_by_source,job_upstream_demand_provenance,job_1,reduce_source_repeats,True,True,True,False,job_1,reduce_source_repeats,True,True,True,False,False,,3,175983,34944,2265,178248,52.62108053699558,sha256:2c431de81d3ba3fa48816f9aa5346f0545f8838a7f94017e91c909171d2678b3,sha256:25df75cdb35ecb5e910e3c282943222d8fb71825cd2744a81db5964ef096ce93,sha256:c89abd524d28217ae4e3491226e91a4ca227de52dd2dd8ddaf0895cf19999bc5,outputs/fault-experiments-v2-2-n10/attempt-057/reviews/trial-3f7a191e03a1cf33.json
trial-d1852990920e78f1,case-d02,P06,2,upstream_fault,D_repeat_rank_scoped_by_source,job_upstream_demand_provenance,job_1,reduce_source_repeats,True,True,True,False,job_1,reduce_source_repeats,True,True,True,False,False,,3,175984,34944,3209,179193,69.72911682399717,sha256:2c431de81d3ba3fa48816f9aa5346f0545f8838a7f94017e91c909171d2678b3,sha256:b5f0a9873cca23e4bd83775e649e7766761ba536909c147fa0d4f694dca1b8b5,sha256:90eb15f201e86aab4117c0dbcac1b4a464211c5eb730333dbcf7d76e4293577b,outputs/fault-experiments-v2-2-n10/attempt-057/reviews/trial-d1852990920e78f1.json
trial-24aa32298f4eba77,case-d02,P06,3,upstream_fault,D_repeat_rank_scoped_by_source,job_upstream_demand_provenance,job_1,reduce_source_repeats,True,True,True,False,job_1,reduce_source_repeats,True,True,True,False,False,,3,175980,34944,5575,181555,113.27390333399671,sha256:2c431de81d3ba3fa48816f9aa5346f0545f8838a7f94017e91c909171d2678b3,sha256:a7ebeb8c90c4796b4c8d4320e9a8bff4ec676b763bc54e27026bd117a1830689,sha256:e83d1684e3eca8db429fcc80e7445b090ff5f3f00ec20687cea43a6bc709520c,outputs/fault-experiments-v2-2-n10/attempt-057/reviews/trial-24aa32298f4eba77.json
trial-a27e0201aa0f4c86,case-c01,P01,1,upstream_fault,C_non_cumulative_channel_cap,job_campaign_portfolio_generation,job_3,allocate_campaign_budget,True,True,True,False,job_3,allocate_campaign_budget,True,False,False,True,False,,1,27226,11648,1175,28401,26.041001461000633,sha256:ddc601ebb1470547bd10d8e75b310f8172f9b9f7ca6f87ada8375e552f1893f5,sha256:1ca7dbc315771de08eaed80e1d5262347c2c06d97470c918ae92593dda392b00,sha256:4197815ccb0ff5bc6e54bd9eab96085df8cf75cf232265a0d0d17eb41586931f,outputs/fault-experiments-v2-2-n10/attempt-057/reviews/trial-a27e0201aa0f4c86.json
trial-68085810ee48d7a4,case-c01,P01,2,upstream_fault,C_non_cumulative_channel_cap,job_campaign_portfolio_generation,job_3,allocate_campaign_budget,True,True,True,False,job_3,allocate_campaign_budget,True,False,False,True,False,,1,27226,1408,501,27727,12.994434397998702,sha256:ddc601ebb1470547bd10d8e75b310f8172f9b9f7ca6f87ada8375e552f1893f5,sha256:992265deae701e5be8dc3edd471c419eaa31d95a35e7a915ac5a0b8ad97053bf,sha256:04f4fdb75ced3fa1c5db8659f6ea889346cc0cd935a3f4a951239b88bf86a990,outputs/fault-experiments-v2-2-n10/attempt-057/reviews/trial-68085810ee48d7a4.json
trial-03d1ee5333791212,case-c01,P01,3,upstream_fault,C_non_cumulative_channel_cap,job_campaign_portfolio_generation,job_3,allocate_campaign_budget,True,True,True,False,job_3,allocate_campaign_budget,True,False,False,True,False,,1,27226,11648,1002,28228,22.274230278999312,sha256:ddc601ebb1470547bd10d8e75b310f8172f9b9f7ca6f87ada8375e552f1893f5,sha256:5c5252c74b8044760bf050fcb5bb287bec6be50697da56c2840fa413abc124b4,sha256:92607d39565876ef5108d6f2ff6ba4b2eb5f8c0240726f51f8e08680262bdc3b,outputs/fault-experiments-v2-2-n10/attempt-057/reviews/trial-03d1ee5333791212.json
trial-ab2d82f5b8f3a6d2,case-c01,P02,1,upstream_fault,C_non_cumulative_channel_cap,job_campaign_portfolio_generation,job_3,allocate_campaign_budget,True,True,True,False,job_3,allocate_campaign_budget,True,False,False,True,False,,1,59084,11648,769,59853,18.374189351001405,sha256:17f884a84dfb760014571a78b2e00f771d58a6d45c1286d69f3ce6a88ed16f25,sha256:c95d445ed61226a1f37e76a59d5a645a1140ab47d649c83cbc5fe2ae98a35146,sha256:669d3dbecd277b9f861799ce6241b68db7b35838efe9c6c72889b829e2206e0f,outputs/fault-experiments-v2-2-n10/attempt-057/reviews/trial-ab2d82f5b8f3a6d2.json
trial-2b7e1fabc4311fe7,case-c01,P02,2,upstream_fault,C_non_cumulative_channel_cap,job_campaign_portfolio_generation,job_3,allocate_campaign_budget,True,True,True,False,job_3,allocate_campaign_budget,True,False,False,True,False,,1,59084,11648,1023,60107,23.04150744800063,sha256:17f884a84dfb760014571a78b2e00f771d58a6d45c1286d69f3ce6a88ed16f25,sha256:17ef6e146aead7fa940dedf58acc1b8c185b43ae2cd9ff9739ca782baa66a054,sha256:33e4a2362261491959142dcf40742c16d4ced122afabb4e6e936a072593c91ff,outputs/fault-experiments-v2-2-n10/attempt-057/reviews/trial-2b7e1fabc4311fe7.json
trial-83b76070bcc3b922,case-c01,P02,3,upstream_fault,C_non_cumulative_channel_cap,job_campaign_portfolio_generation,job_3,allocate_campaign_budget,True,True,True,False,job_3,allocate_campaign_budget,True,False,False,True,False,,1,59085,11648,775,59860,18.19071201100087,sha256:17f884a84dfb760014571a78b2e00f771d58a6d45c1286d69f3ce6a88ed16f25,sha256:86205099f503f2c657fd3f102f96db010c58a8120fc0c5136130a4fce9d5a8e0,sha256:a5728e260735980d6d2f4fbd8eb827b061b14499dde3db628b79744d3f224391,outputs/fault-experiments-v2-2-n10/attempt-057/reviews/trial-83b76070bcc3b922.json
trial-50762c0607e6f29c,case-c01,P03,1,upstream_fault,C_non_cumulative_channel_cap,job_campaign_portfolio_generation,job_3,allocate_campaign_budget,True,True,True,False,job_3,allocate_campaign_budget,True,False,False,True,False,,1,60139,11648,815,60954,18.935787321001044,sha256:5e6c8f9eb7eb6c45261b264cadc5228b442f2989bb019148dd01677fd7e252c3,sha256:29896ab545c99e6d22bdd09c6d9fc8d8e4aa6f6c53d10ac19baf1204f1a85c40,sha256:5712f9c7707a47564d962b12ca2572e527052f5662ff1c6efd3f975de4ad1ff0,outputs/fault-experiments-v2-2-n10/attempt-057/reviews/trial-50762c0607e6f29c.json
trial-6aa88b522d06be09,case-c01,P03,2,upstream_fault,C_non_cumulative_channel_cap,job_campaign_portfolio_generation,job_3,allocate_campaign_budget,True,True,True,False,job_3,allocate_campaign_budget,True,False,False,True,False,,1,60140,11648,768,60908,17.797159666999505,sha256:5e6c8f9eb7eb6c45261b264cadc5228b442f2989bb019148dd01677fd7e252c3,sha256:5326b31a15a84f68faca0f048634466f9bb4ff494caf03c95b4079a8dc468c09,sha256:cd20141c59667cf92223b76f4558c425d7407efd23a796b42143e95417db7118,outputs/fault-experiments-v2-2-n10/attempt-057/reviews/trial-6aa88b522d06be09.json
trial-e4c1a492aee2210f,case-c01,P03,3,upstream_fault,C_non_cumulative_channel_cap,job_campaign_portfolio_generation,job_3,allocate_campaign_budget,True,True,True,False,job_3,allocate_campaign_budget,True,False,False,True,False,,1,60141,11648,568,60709,15.627101772002788,sha256:5e6c8f9eb7eb6c45261b264cadc5228b442f2989bb019148dd01677fd7e252c3,sha256:7970ebeea454306bf206bc77a8ae67983f51cc18e703d731fd4ae810ee4b3038,sha256:26ecd5889c2e540c9945d87a1877a7c03803bb401b7f92eed1de1d1805bee011,outputs/fault-experiments-v2-2-n10/attempt-057/reviews/trial-e4c1a492aee2210f.json
trial-f3b66e89af75c4af,case-c01,P04,1,upstream_fault,C_non_cumulative_channel_cap,job_campaign_portfolio_generation,job_3,allocate_campaign_budget,True,True,True,False,job_3,allocate_campaign_budget,True,False,False,True,False,art-7a17afe077e15b82,3,181826,34944,1639,183465,42.13308564199906,sha256:48bca6a00ce2d8b3169581f24ec137eb21fda41afa4d864be478cb8dea768f90,sha256:59559f0a7f7c3a27899a27fe83109ab8e8d001876d7ae709b2a45c0f9c4597e1,sha256:7f4b45f142aab2d875b3010348849196c15b2a1133a23593f22b09ff247ee7a7,outputs/fault-experiments-v2-2-n10/attempt-057/reviews/trial-f3b66e89af75c4af.json
trial-8c9e0f784a129938,case-c01,P04,2,upstream_fault,C_non_cumulative_channel_cap,job_campaign_portfolio_generation,job_3,allocate_campaign_budget,True,True,True,False,job_3,allocate_campaign_budget,True,False,False,True,False,art-7a17afe077e15b82,3,181753,34944,1990,183743,50.292523897996944,sha256:48bca6a00ce2d8b3169581f24ec137eb21fda41afa4d864be478cb8dea768f90,sha256:32fdee2979285e24a727c32d343a5232e649206f00367dabd1f04303fe4c4684,sha256:7be765b72df13dc51f4ca6ff96f9ae03f9e3b5457c05624b55d86391867b13fc,outputs/fault-experiments-v2-2-n10/attempt-057/reviews/trial-8c9e0f784a129938.json
trial-3ad7ba2881c8a417,case-c01,P04,3,upstream_fault,C_non_cumulative_channel_cap,job_campaign_portfolio_generation,job_3,allocate_campaign_budget,True,True,True,False,job_3,allocate_campaign_budget,True,False,False,True,False,art-7a17afe077e15b82,3,181829,34944,1702,183531,44.29316331800146,sha256:48bca6a00ce2d8b3169581f24ec137eb21fda41afa4d864be478cb8dea768f90,sha256:d90da952180d206ee123ee6b9369b9d4241097764de793c5475d0cd8222ce123,sha256:7918e57fd9029fa52ebf0489e514f65076759caebf32fb7e64888d1006efc53d,outputs/fault-experiments-v2-2-n10/attempt-057/reviews/trial-3ad7ba2881c8a417.json
trial-e983afbc4b6e5070,case-c01,P05,1,upstream_fault,C_non_cumulative_channel_cap,job_campaign_portfolio_generation,job_3,allocate_campaign_budget,True,True,True,False,job_3,allocate_campaign_budget,True,False,False,True,False,art-7a17afe077e15b82,3,184918,34944,2075,186993,49.06735548399956,sha256:32f4aca238b2bb41969922adb3fb9222f2fb3ffcba854d04545ad1312127bf7b,sha256:db3f380af62665d9b46900a2a3cdbfee1a4c98ab37540f038f8674deb2bf2b65,sha256:6f019fa36dafb092146485d29f2113b7876cf6e67b9f7e6df7c014c44037a0fa,outputs/fault-experiments-v2-2-n10/attempt-057/reviews/trial-e983afbc4b6e5070.json
trial-cbf89c22acbccfbf,case-c01,P05,2,upstream_fault,C_non_cumulative_channel_cap,job_campaign_portfolio_generation,job_3,allocate_campaign_budget,True,True,True,False,job_3,allocate_campaign_budget,True,False,False,True,False,art-8aeb6e9cb4f3e12f,3,184992,34944,1985,186977,50.94368124100038,sha256:32f4aca238b2bb41969922adb3fb9222f2fb3ffcba854d04545ad1312127bf7b,sha256:3928528144b814ed18ed629c749ff752454be2736e837edd8848b2d047e83d5d,sha256:ff35674cd16048f773009063b3de40b076d464a3b9d23a15b80ce89a03e90d82,outputs/fault-experiments-v2-2-n10/attempt-057/reviews/trial-cbf89c22acbccfbf.json
trial-6e0aa812f35fd976,case-c01,P05,3,upstream_fault,C_non_cumulative_channel_cap,job_campaign_portfolio_generation,job_3,allocate_campaign_budget,True,True,True,False,job_3,allocate_campaign_budget,True,False,False,True,False,art-8aeb6e9cb4f3e12f,3,185177,32896,1694,186871,45.55977979100135,sha256:32f4aca238b2bb41969922adb3fb9222f2fb3ffcba854d04545ad1312127bf7b,sha256:2000da7864e17576b870d64c0ba3b93d09ac4989c1b62dea3523d97e953feb4c,sha256:d34f2360febd4ce30af918cf901b527f9a7819d7b27085dec028a8e73e0aff1b,outputs/fault-experiments-v2-2-n10/attempt-057/reviews/trial-6e0aa812f35fd976.json
trial-e581825741ef45c9,case-c01,P06,1,upstream_fault,C_non_cumulative_channel_cap,job_campaign_portfolio_generation,job_3,allocate_campaign_budget,True,True,True,False,job_3,allocate_campaign_budget,True,False,False,True,False,,3,177460,34944,2634,180094,62.121522115001426,sha256:c28ff167da11873e169714c431dfff36e7542fe5402e624a9ed52700729de48e,sha256:b05cd7661cbc5cd7978ad0fee78ad89c697e73f4c3e90162a725115360c0e791,sha256:aed4bf02e91d90514613dcafec10bd8a9eb739846adfa163a5adc468ed284374,outputs/fault-experiments-v2-2-n10/attempt-057/reviews/trial-e581825741ef45c9.json
trial-bfdecd4d10d24355,case-c01,P06,2,upstream_fault,C_non_cumulative_channel_cap,job_campaign_portfolio_generation,job_3,allocate_campaign_budget,True,True,True,False,job_3,allocate_campaign_budget,True,False,False,True,False,,3,177461,24704,3341,180802,75.44177665900133,sha256:c28ff167da11873e169714c431dfff36e7542fe5402e624a9ed52700729de48e,sha256:3cdf50105b1509889a0ccf1fe3565b855eb7d75cf844665fe88d10ac0e936b80,sha256:45cb805f2e6f8055a8d01294a4b2adc6ed24c6e5e2d4db884075b8cdb7707e7e,outputs/fault-experiments-v2-2-n10/attempt-057/reviews/trial-bfdecd4d10d24355.json
trial-9158af7b01f5c99d,case-c01,P06,3,upstream_fault,C_non_cumulative_channel_cap,job_campaign_portfolio_generation,job_3,allocate_campaign_budget,True,True,True,False,job_3,allocate_campaign_budget,True,False,False,True,False,,3,177458,34944,2533,179991,58.06342404499992,sha256:c28ff167da11873e169714c431dfff36e7542fe5402e624a9ed52700729de48e,sha256:938014d3d633e2a7c7a71a61cdd9c0799521239ef23594202d043d623c07bf53,sha256:6d9a80807cc5a246a12281f8ab451bd9e748e8364eca24a71cd517fc5f4ac5db,outputs/fault-experiments-v2-2-n10/attempt-057/reviews/trial-9158af7b01f5c99d.json
trial-384b9e587b456f95,case-c02,P01,1,upstream_fault,C_non_cumulative_channel_cap,job_campaign_portfolio_generation,job_3,allocate_campaign_budget,True,True,True,False,job_3,allocate_campaign_budget,True,False,False,True,False,,1,27230,11648,764,27994,18.576079251999545,sha256:ce1c13beeb88071477224a709e9f47fa47ac46e3a3071f287e907d4de64f7f7f,sha256:886c2369ec4740753fc90213a9788739422670573eebc160671b09ed36b50ca1,sha256:f0a4fbb7c47be5aceb01094037e616c9064cae6d0205e2cdfd4b8d3aec389b53,outputs/fault-experiments-v2-2-n10/attempt-057/reviews/trial-384b9e587b456f95.json
trial-aa4cdb04be4694e1,case-c02,P01,2,upstream_fault,C_non_cumulative_channel_cap,job_campaign_portfolio_generation,job_3,allocate_campaign_budget,True,True,True,False,job_3,allocate_campaign_budget,True,False,False,True,False,,1,27231,11648,1240,28471,25.99753431699901,sha256:ce1c13beeb88071477224a709e9f47fa47ac46e3a3071f287e907d4de64f7f7f,sha256:b35bcdb462ec3b68f3ca8f4b93a0f1831a93f4ee5d2b0927653008f0bc49f4c4,sha256:c4a47d3b9607a2c7372c079c27746c7052d5b3dae16990628da0e29556e7f892,outputs/fault-experiments-v2-2-n10/attempt-057/reviews/trial-aa4cdb04be4694e1.json
trial-19259755d503fc96,case-c02,P01,3,upstream_fault,C_non_cumulative_channel_cap,job_campaign_portfolio_generation,job_3,allocate_campaign_budget,True,True,True,False,job_3,allocate_campaign_budget,True,False,False,True,False,,1,27230,11648,741,27971,17.32342501600033,sha256:ce1c13beeb88071477224a709e9f47fa47ac46e3a3071f287e907d4de64f7f7f,sha256:0cabb7c11b3b26ffd96615f75e6ad401a1eaccf4659753ebea680b3866428223,sha256:1858da6de33dd6913a0e7f04f3a968abb3e429b3f5540a96742c2240bc5294d0,outputs/fault-experiments-v2-2-n10/attempt-057/reviews/trial-19259755d503fc96.json
trial-d6387137b9f1889f,case-c02,P02,1,upstream_fault,C_non_cumulative_channel_cap,job_campaign_portfolio_generation,job_3,allocate_campaign_budget,True,True,True,False,job_3,allocate_campaign_budget,True,False,False,True,False,,1,59062,11648,762,59824,17.91549948300053,sha256:e1f0cf9ce4ba7461dbe7ae776a216d563b1caafa9c69919b3dc51dd99d8f6065,sha256:c576949a8454046632726d9a6d98fc659dd349f55638e2ec331c7259ba121ef1,sha256:d2c228e972bd16de7193c457916d51fb18c9a63485e490dfcfdcba6eb380e61c,outputs/fault-experiments-v2-2-n10/attempt-057/reviews/trial-d6387137b9f1889f.json
trial-33ceae08f6095835,case-c02,P02,2,upstream_fault,C_non_cumulative_channel_cap,job_campaign_portfolio_generation,job_3,allocate_campaign_budget,True,True,True,False,job_3,allocate_campaign_budget,True,False,False,True,False,,1,59060,11648,713,59773,16.84006295799918,sha256:e1f0cf9ce4ba7461dbe7ae776a216d563b1caafa9c69919b3dc51dd99d8f6065,sha256:3e587921e33c51b7cf07d0703187c999af48259b5115752d5e2cd6b3d4af40cc,sha256:c3881cdc6b67e75be5db48cd8864a9855ab5bb5c11647ad85c746c17aaf7b099,outputs/fault-experiments-v2-2-n10/attempt-057/reviews/trial-33ceae08f6095835.json
trial-c6706e2f0d38588f,case-c02,P02,3,upstream_fault,C_non_cumulative_channel_cap,job_campaign_portfolio_generation,job_3,allocate_campaign_budget,True,True,True,False,job_3,allocate_campaign_budget,True,False,False,True,False,,1,59060,11648,592,59652,16.289420658999916,sha256:e1f0cf9ce4ba7461dbe7ae776a216d563b1caafa9c69919b3dc51dd99d8f6065,sha256:126ee3000c1bf6acf54bcf8e04391a1859fc53297d4f3d3adc3e4ce4f63093d3,sha256:d5130ea91a5a0f521fbdbf46537f73725159b1bd9b5288e6cb4599d2484d034f,outputs/fault-experiments-v2-2-n10/attempt-057/reviews/trial-c6706e2f0d38588f.json
trial-49f8d3b7c08b1aff,case-c02,P03,1,upstream_fault,C_non_cumulative_channel_cap,job_campaign_portfolio_generation,job_3,allocate_campaign_budget,True,True,True,False,job_3,allocate_campaign_budget,True,False,False,True,False,,1,60117,11648,1064,61181,23.434892793997278,sha256:8b2ea3cce79cae69a9e0298a5f2bd0ee15ff4af89ac564ca93aae302010d6c7e,sha256:a6a4ec3a38e86eb875c9e1a2c8725ed206a1925de2711d57054839b485dd3bc5,sha256:cc0c301ab766acae549d15c8edf6aefa2366e22ed312006e6c8387f9ba6e6aef,outputs/fault-experiments-v2-2-n10/attempt-057/reviews/trial-49f8d3b7c08b1aff.json
trial-fa0fa8eb65f31633,case-c02,P03,2,upstream_fault,C_non_cumulative_channel_cap,job_campaign_portfolio_generation,job_3,allocate_campaign_budget,True,True,True,False,job_3,allocate_campaign_budget,True,False,False,True,False,,1,60118,11648,789,60907,18.539121910001995,sha256:8b2ea3cce79cae69a9e0298a5f2bd0ee15ff4af89ac564ca93aae302010d6c7e,sha256:1c3825f4628d24c96031f252ef5d83ae7aa5a54ccf3b2705eca29e48fb4c63e1,sha256:10d60ee0e98a319e0f2ed0e7340213c4ef6357b91b97f9ef04d32d2ecc935037,outputs/fault-experiments-v2-2-n10/attempt-057/reviews/trial-fa0fa8eb65f31633.json
trial-5c54ff88eb742775,case-c02,P03,3,upstream_fault,C_non_cumulative_channel_cap,job_campaign_portfolio_generation,job_3,allocate_campaign_budget,True,True,True,False,job_3,allocate_campaign_budget,True,False,False,True,False,,1,60117,11648,771,60888,17.96117036999931,sha256:8b2ea3cce79cae69a9e0298a5f2bd0ee15ff4af89ac564ca93aae302010d6c7e,sha256:62777347b7c1aef05bb125a7ce0c10a7cb782f6b17e0a26adc630e30a1276aff,sha256:5602fac2ad4dbef6bc0e9bc2adebc47848060be50fc9d46b9ed76a18eac6ba1f,outputs/fault-experiments-v2-2-n10/attempt-057/reviews/trial-5c54ff88eb742775.json
trial-a9e6e486c7f9166c,case-c02,P04,1,upstream_fault,C_non_cumulative_channel_cap,job_campaign_portfolio_generation,job_3,allocate_campaign_budget,True,True,True,False,job_3,allocate_campaign_budget,True,False,False,True,False,art-fa0ced0fbf4b7c52,3,181752,34944,1956,183708,46.53161819700472,sha256:c563e294dba7babd5e4379ce2aa72490851984f45f14a91420a9ea8820368b99,sha256:74f395d4ae67b02c25bfe4f505c1756eecb84ac81d135353fdb092e5013e0b9d,sha256:336664357b015815c47fbdc1a56064f0b3fbd8e0bafc0e21116ae6e6dcc8aaae,outputs/fault-experiments-v2-2-n10/attempt-057/reviews/trial-a9e6e486c7f9166c.json
trial-694a9854569febd7,case-c02,P04,2,upstream_fault,C_non_cumulative_channel_cap,job_campaign_portfolio_generation,job_3,allocate_campaign_budget,True,True,True,False,job_3,allocate_campaign_budget,True,False,False,True,False,art-fa0ced0fbf4b7c52,3,181668,24704,1955,183623,47.69273432799946,sha256:c563e294dba7babd5e4379ce2aa72490851984f45f14a91420a9ea8820368b99,sha256:3d332d99a88146631ed8876da3ab29f31686e4a5556b95e572f912c0d320c90e,sha256:badde418708768a1e2f181f10592e6abd50297dcdf19a7be729ca008e71cad56,outputs/fault-experiments-v2-2-n10/attempt-057/reviews/trial-694a9854569febd7.json
trial-6a5a2f46d0df87a8,case-c02,P04,3,upstream_fault,C_non_cumulative_channel_cap,job_campaign_portfolio_generation,job_3,allocate_campaign_budget,True,True,True,False,job_3,allocate_campaign_budget,True,False,False,True,False,art-fa0ced0fbf4b7c52,3,181743,34944,1470,183213,43.71823200200015,sha256:c563e294dba7babd5e4379ce2aa72490851984f45f14a91420a9ea8820368b99,sha256:ba9b6599687b9543fe7c13b1abaed44834f47635643a017762c5b32d648f939a,sha256:d9bd836cc19cb1427fec7ea41a708145c88802b31e8611756dfc5939d2e6eb9d,outputs/fault-experiments-v2-2-n10/attempt-057/reviews/trial-6a5a2f46d0df87a8.json
trial-eb890aab70e27400,case-c02,P05,1,upstream_fault,C_non_cumulative_channel_cap,job_campaign_portfolio_generation,job_3,allocate_campaign_budget,True,True,True,False,job_3,allocate_campaign_budget,True,False,False,True,False,art-fa0ced0fbf4b7c52,3,184876,34944,1654,186530,42.18662716099789,sha256:e5d22f2bd2b36cd9ffc2fb98c0c804aa3ec875272fcfb342f0af1cf2babc54fb,sha256:407e376c8520ff0c0deb226439c595838e35e5905bddbee332382c3e06029030,sha256:d2090b24ec296dee53396b7e85ee2c9d8ba653ff2400169f37bcfac02d9285a4,outputs/fault-experiments-v2-2-n10/attempt-057/reviews/trial-eb890aab70e27400.json
trial-76c16ca309b69b8d,case-c02,P05,2,upstream_fault,C_non_cumulative_channel_cap,job_campaign_portfolio_generation,job_3,allocate_campaign_budget,True,True,True,False,job_3,allocate_campaign_budget,True,False,False,True,False,art-abd413afe73004cc,3,184864,34944,1956,186820,48.49160325000412,sha256:e5d22f2bd2b36cd9ffc2fb98c0c804aa3ec875272fcfb342f0af1cf2babc54fb,sha256:c849b28231df22c662960d85803071864cda2dde8a54774a03b2efdb4a0e2cb3,sha256:cfd3e65eca32fd94361cc3bca643b160f3087c01f5f4b384eabf6dbfaaca9c5b,outputs/fault-experiments-v2-2-n10/attempt-057/reviews/trial-76c16ca309b69b8d.json
trial-3a4a0f226771e6dc,case-c02,P05,3,upstream_fault,C_non_cumulative_channel_cap,job_campaign_portfolio_generation,job_3,allocate_campaign_budget,True,True,True,False,job_3,allocate_campaign_budget,True,False,False,True,False,art-fa0ced0fbf4b7c52,3,184837,34944,2497,187334,58.07067883799755,sha256:e5d22f2bd2b36cd9ffc2fb98c0c804aa3ec875272fcfb342f0af1cf2babc54fb,sha256:c06c016c1e9553e14bdc6c9fd04d9c530fbb2f64af12941c326b3655fd4399bb,sha256:1cf056609f9bfe22299f881aa92e8332ceefc063e1e4e17f21ebbd5962cb5f4c,outputs/fault-experiments-v2-2-n10/attempt-057/reviews/trial-3a4a0f226771e6dc.json
trial-6d09a71b9abf31f9,case-c02,P06,1,upstream_fault,C_non_cumulative_channel_cap,job_campaign_portfolio_generation,job_3,allocate_campaign_budget,True,True,True,False,job_3,allocate_campaign_budget,True,False,False,True,False,,3,177390,14464,2323,179713,54.72553301000153,sha256:62929ae67fa03eb6535fa4ed36204dcb47714a1bf83f4dd703167394d327da1a,sha256:8ef826a252622b59a37ad33d66035edc3a3d2294a854914980cab468b5d98814,sha256:682c339d838becd0af2bef3d03729b3b92956d1cf327ca1d1300c18810474b43,outputs/fault-experiments-v2-2-n10/attempt-057/reviews/trial-6d09a71b9abf31f9.json
trial-a61aab90d699a078,case-c02,P06,2,upstream_fault,C_non_cumulative_channel_cap,job_campaign_portfolio_generation,job_3,allocate_campaign_budget,True,True,True,False,job_3,allocate_campaign_budget,True,False,False,True,False,,3,177394,34944,2201,179595,52.05543227899943,sha256:62929ae67fa03eb6535fa4ed36204dcb47714a1bf83f4dd703167394d327da1a,sha256:79fe58c2b469482f5629fca3b5fa8f4a376007f3da770b99cf4e2c3129cc43cf,sha256:972116654e4b2fadd9005b3dea1d9703207e8998e761ee0a29790d10ddc149cc,outputs/fault-experiments-v2-2-n10/attempt-057/reviews/trial-a61aab90d699a078.json
trial-fc81866953ed12fc,case-c02,P06,3,upstream_fault,C_non_cumulative_channel_cap,job_campaign_portfolio_generation,job_3,allocate_campaign_budget,True,True,True,False,job_3,allocate_campaign_budget,True,False,False,True,False,,3,177392,34944,2731,180123,61.01101621000271,sha256:62929ae67fa03eb6535fa4ed36204dcb47714a1bf83f4dd703167394d327da1a,sha256:04ca6c02b9c9202ea9c49e423be3e069843fd783b785ea19de3491a2e753e612,sha256:10a8442857213cce8476fffeacd9c37a05b35f25e82dbac6ba13ddf0481d6f4f,outputs/fault-experiments-v2-2-n10/attempt-057/reviews/trial-fc81866953ed12fc.json
