trial_id,instance_id,cell_id,mode,repetition,pre_fault_detected,pre_suspect_job,pre_suspect_function,fault_detected,suspect_job,suspect_function,requested_groups,disclosed_nodes,operation_diagnostics
trial-7de794d572a1fe32,select_threshold_omission,C06-S0-B0,C06,1,True,job_1,select_demand,True,job_1,select_demand,"[""grp-9f1f5c0739652038""]","[[""capture-attempt-000-3f9e8ad27c5311ce:function:000004"", ""capture-attempt-000-3f9e8ad27c5311ce:state:000004"", ""capture-attempt-000-3f9e8ad27c5311ce:state:000005"", ""capture-attempt-000-3f9e8ad27c5311ce:state:000006"", ""capture-attempt-000-3f9e8ad27c5311ce:state:000007"", ""capture-attempt-000-3f9e8ad27c5311ce:state:000008"", ""capture-attempt-000-3f9e8ad27c5311ce:state:000009"", ""capture-attempt-000-3f9e8ad27c5311ce:state:000010""]]",[]
trial-54fae306f6b76ef0,select_threshold_omission,C06-S0-B1,C06,1,False,,,False,,,"[""grp-5f6906f7cf435c5f""]","[[""capture-attempt-000-e639e66fd73f8790:function:000014"", ""capture-attempt-000-e639e66fd73f8790:state:000016"", ""capture-attempt-000-e639e66fd73f8790:state:000017"", ""capture-attempt-000-e639e66fd73f8790:state:000018"", ""capture-attempt-000-e639e66fd73f8790:state:000019"", ""capture-attempt-000-e639e66fd73f8790:state:000020"", ""capture-attempt-000-e639e66fd73f8790:state:000021"", ""capture-attempt-000-e639e66fd73f8790:state:000022""]]",[]
trial-c42b4864ce24dd19,select_threshold_omission,C06-S1-B0,C06,1,False,,,True,job_1,select_demand,"[""grp-9f1f5c0739652038""]","[[""capture-attempt-000-3f9e8ad27c5311ce:function:000004"", ""capture-attempt-000-3f9e8ad27c5311ce:state:000004"", ""capture-attempt-000-3f9e8ad27c5311ce:state:000005"", ""capture-attempt-000-3f9e8ad27c5311ce:state:000006"", ""capture-attempt-000-3f9e8ad27c5311ce:state:000007"", ""capture-attempt-000-3f9e8ad27c5311ce:state:000008"", ""capture-attempt-000-3f9e8ad27c5311ce:state:000009"", ""capture-attempt-000-3f9e8ad27c5311ce:state:000010""]]",[]
trial-129cc978ca9c9486,select_threshold_omission,C06-S1-B1,C06,1,False,,,True,job_1,select_demand,"[""grp-5f6906f7cf435c5f""]","[[""capture-attempt-000-e639e66fd73f8790:function:000014"", ""capture-attempt-000-e639e66fd73f8790:state:000016"", ""capture-attempt-000-e639e66fd73f8790:state:000017"", ""capture-attempt-000-e639e66fd73f8790:state:000018"", ""capture-attempt-000-e639e66fd73f8790:state:000019"", ""capture-attempt-000-e639e66fd73f8790:state:000020"", ""capture-attempt-000-e639e66fd73f8790:state:000021"", ""capture-attempt-000-e639e66fd73f8790:state:000022""]]",[]
trial-5c06d4abec5e77ea,select_threshold_omission,C07-S0-B0,C07,1,True,job_1,select_demand,True,job_1,select_demand,[],[[]],[]
trial-bc325cfc2be22db0,select_threshold_omission,C07-S0-B1,C07,1,False,,,False,,,[],[[]],[]
trial-3f4e8da465c2f4cf,select_threshold_omission,C07-S1-B0,C07,1,True,job_1,select_demand,True,job_1,select_demand,[],[[]],[]
trial-10957ab2d6d8d10d,select_threshold_omission,C07-S1-B1,C07,1,False,,,False,,,[],[[]],[]
trial-45499db89ea80b3f,select_threshold_omission,D05-S0-B0,D05,1,True,job_1,select_demand,True,job_1,select_demand,[],[],[]
trial-a76267e9ecad6f52,select_threshold_omission,D05-S0-B1,D05,1,False,,,False,,,[],[],[]
trial-cbb3b9acb39b5886,select_threshold_omission,D06-S0-B0,D06,1,True,job_1,select_demand,True,job_1,select_demand,[],[],[]
trial-970d0663123063c0,select_threshold_omission,D06-S0-B1,D06,1,False,,,False,,,[],[],[]
trial-0439eda37b6147fc,select_threshold_omission,D07-S0-B0,D07,1,True,job_1,select_demand,True,job_1,select_demand,[],[],[]
trial-dce8f1a46fd2bf2a,select_threshold_omission,D07-S0-B1,D07,1,False,,,False,,,[],[],[]
trial-fedc0b018dfbbd2f,select_threshold_omission,D08-S0-B0,D08,1,False,,,False,,,[],[],[]
trial-67bba9f9d4ffe944,select_threshold_omission,D08-S0-B1,D08,1,False,,,False,,,[],[],[]
trial-fc7f2313acf53307,select_threshold_omission,D09-S0-B0,D09,1,True,job_1,select_demand,True,job_1,select_demand,[],[],[]
trial-7b56c4fde0838b8a,select_threshold_omission,D09-S0-B1,D09,1,False,,,False,,,[],[],[]
trial-2ad8c34398db8b4f,select_threshold_omission,D11-S0-B0,D11,1,False,,,False,,,[],[],[]
trial-8d6f8f5c4e39e12c,select_threshold_omission,D11-S0-B1,D11,1,False,,,False,,,[],[],[]
trial-ce78c470a487e03e,select_threshold_omission,D12-S0-B0,D12,1,True,job_1,select_demand,True,job_1,select_demand,"[""grp-9f1f5c0739652038""]","[[""capture-attempt-000-3f9e8ad27c5311ce:function:000004"", ""capture-attempt-000-3f9e8ad27c5311ce:state:000004"", ""capture-attempt-000-3f9e8ad27c5311ce:state:000005"", ""capture-attempt-000-3f9e8ad27c5311ce:state:000006"", ""capture-attempt-000-3f9e8ad27c5311ce:state:000007"", ""capture-attempt-000-3f9e8ad27c5311ce:state:000008"", ""capture-attempt-000-3f9e8ad27c5311ce:state:000009"", ""capture-attempt-000-3f9e8ad27c5311ce:state:000010""]]",[]
trial-e2f0325c9fe97525,select_threshold_omission,D12-S0-B1,D12,1,False,,,False,,,"[""grp-5f6906f7cf435c5f""]","[[""capture-attempt-000-e639e66fd73f8790:function:000014"", ""capture-attempt-000-e639e66fd73f8790:state:000016"", ""capture-attempt-000-e639e66fd73f8790:state:000017"", ""capture-attempt-000-e639e66fd73f8790:state:000018"", ""capture-attempt-000-e639e66fd73f8790:state:000019"", ""capture-attempt-000-e639e66fd73f8790:state:000020"", ""capture-attempt-000-e639e66fd73f8790:state:000021"", ""capture-attempt-000-e639e66fd73f8790:state:000022""]]",[]
trial-27a75b154ec693b9,select_wrong_source_weight,C06-S0-B0,C06,1,True,job_1,select_demand,True,job_1,select_demand,"[""grp-e76b4ea2e97a5f32""]","[[""capture-attempt-001-556fa8c403ae9860:function:000004"", ""capture-attempt-001-556fa8c403ae9860:state:000004"", ""capture-attempt-001-556fa8c403ae9860:state:000005"", ""capture-attempt-001-556fa8c403ae9860:state:000006"", ""capture-attempt-001-556fa8c403ae9860:state:000007"", ""capture-attempt-001-556fa8c403ae9860:state:000008"", ""capture-attempt-001-556fa8c403ae9860:state:000009"", ""capture-attempt-001-556fa8c403ae9860:state:000010"", ""capture-attempt-001-556fa8c403ae9860:state:000011""]]",[]
trial-bba3be7a53a7c5c2,select_wrong_source_weight,C06-S0-B1,C06,1,True,job_1,select_demand,True,job_1,select_demand,"[""grp-e76b4ea2e97a5f32""]","[[""capture-attempt-001-556fa8c403ae9860:function:000004"", ""capture-attempt-001-556fa8c403ae9860:state:000004"", ""capture-attempt-001-556fa8c403ae9860:state:000005"", ""capture-attempt-001-556fa8c403ae9860:state:000006"", ""capture-attempt-001-556fa8c403ae9860:state:000007"", ""capture-attempt-001-556fa8c403ae9860:state:000008"", ""capture-attempt-001-556fa8c403ae9860:state:000009"", ""capture-attempt-001-556fa8c403ae9860:state:000010"", ""capture-attempt-001-556fa8c403ae9860:state:000011""]]",[]
trial-18426743f96009e2,select_wrong_source_weight,C06-S1-B0,C06,1,True,job_1,select_demand,True,job_1,select_demand,"[""grp-e76b4ea2e97a5f32""]","[[""capture-attempt-001-556fa8c403ae9860:function:000004"", ""capture-attempt-001-556fa8c403ae9860:state:000004"", ""capture-attempt-001-556fa8c403ae9860:state:000005"", ""capture-attempt-001-556fa8c403ae9860:state:000006"", ""capture-attempt-001-556fa8c403ae9860:state:000007"", ""capture-attempt-001-556fa8c403ae9860:state:000008"", ""capture-attempt-001-556fa8c403ae9860:state:000009"", ""capture-attempt-001-556fa8c403ae9860:state:000010"", ""capture-attempt-001-556fa8c403ae9860:state:000011""]]",[]
trial-6892356071461e15,select_wrong_source_weight,C06-S1-B1,C06,1,True,job_1,select_demand,True,job_1,select_demand,"[""grp-e76b4ea2e97a5f32""]","[[""capture-attempt-001-556fa8c403ae9860:function:000004"", ""capture-attempt-001-556fa8c403ae9860:state:000004"", ""capture-attempt-001-556fa8c403ae9860:state:000005"", ""capture-attempt-001-556fa8c403ae9860:state:000006"", ""capture-attempt-001-556fa8c403ae9860:state:000007"", ""capture-attempt-001-556fa8c403ae9860:state:000008"", ""capture-attempt-001-556fa8c403ae9860:state:000009"", ""capture-attempt-001-556fa8c403ae9860:state:000010"", ""capture-attempt-001-556fa8c403ae9860:state:000011""]]",[]
trial-38aec6ff9b27ac30,select_wrong_source_weight,C07-S0-B0,C07,1,True,job_1,select_demand,True,job_1,select_demand,[],[[]],[]
trial-74ddc86a6e437d5c,select_wrong_source_weight,C07-S0-B1,C07,1,True,job_1,select_demand,True,job_1,select_demand,[],[[]],[]
trial-82421462929bec7d,select_wrong_source_weight,C07-S1-B0,C07,1,True,job_1,select_demand,True,job_1,select_demand,[],[[]],[]
trial-d1b247d2cd639dd6,select_wrong_source_weight,C07-S1-B1,C07,1,True,job_1,select_demand,True,job_1,select_demand,[],[[]],[]
trial-ea5c6fa6e71f5062,select_wrong_source_weight,D05-S0-B0,D05,1,True,job_1,select_demand,True,job_1,select_demand,[],[],[]
trial-0148e956a5b67568,select_wrong_source_weight,D05-S0-B1,D05,1,True,job_1,select_demand,True,job_1,select_demand,[],[],[]
trial-42a9ca979361f38f,select_wrong_source_weight,D06-S0-B0,D06,1,True,job_1,select_demand,True,job_1,select_demand,[],[],[]
trial-74cdf94165350d70,select_wrong_source_weight,D06-S0-B1,D06,1,True,job_1,select_demand,True,job_1,select_demand,[],[],[]
trial-272effcfc36bf42a,select_wrong_source_weight,D07-S0-B0,D07,1,True,job_1,select_demand,True,job_1,select_demand,[],[],[]
trial-fa8eb04d149a1b56,select_wrong_source_weight,D07-S0-B1,D07,1,True,job_1,select_demand,True,job_1,select_demand,[],[],[]
trial-37d894583eb0cb6e,select_wrong_source_weight,D08-S0-B0,D08,1,True,job_1,select_demand,True,job_1,select_demand,[],[],[]
trial-cd1d98fb73f9c69c,select_wrong_source_weight,D08-S0-B1,D08,1,True,job_1,select_demand,True,job_1,select_demand,[],[],[]
trial-af068dac10bf269e,select_wrong_source_weight,D09-S0-B0,D09,1,True,job_1,select_demand,True,job_1,select_demand,[],[],[]
trial-79f78b619ce464a6,select_wrong_source_weight,D09-S0-B1,D09,1,True,job_1,select_demand,True,job_1,select_demand,[],[],[]
trial-86d6088c05d941dc,select_wrong_source_weight,D11-S0-B0,D11,1,True,job_1,select_demand,True,job_1,select_demand,[],[],[]
trial-8a0b076fd21d422f,select_wrong_source_weight,D11-S0-B1,D11,1,True,job_1,select_demand,True,job_1,select_demand,[],[],[]
trial-d64c9b31a64f6dd5,select_wrong_source_weight,D12-S0-B0,D12,1,True,job_1,select_demand,True,job_1,select_demand,"[""grp-e76b4ea2e97a5f32""]","[[""capture-attempt-001-556fa8c403ae9860:function:000004"", ""capture-attempt-001-556fa8c403ae9860:state:000004"", ""capture-attempt-001-556fa8c403ae9860:state:000005"", ""capture-attempt-001-556fa8c403ae9860:state:000006"", ""capture-attempt-001-556fa8c403ae9860:state:000007"", ""capture-attempt-001-556fa8c403ae9860:state:000008"", ""capture-attempt-001-556fa8c403ae9860:state:000009"", ""capture-attempt-001-556fa8c403ae9860:state:000010"", ""capture-attempt-001-556fa8c403ae9860:state:000011""]]",[]
trial-96c264addb28313b,select_wrong_source_weight,D12-S0-B1,D12,1,True,job_1,select_demand,True,job_1,select_demand,"[""grp-e76b4ea2e97a5f32""]","[[""capture-attempt-001-556fa8c403ae9860:function:000004"", ""capture-attempt-001-556fa8c403ae9860:state:000004"", ""capture-attempt-001-556fa8c403ae9860:state:000005"", ""capture-attempt-001-556fa8c403ae9860:state:000006"", ""capture-attempt-001-556fa8c403ae9860:state:000007"", ""capture-attempt-001-556fa8c403ae9860:state:000008"", ""capture-attempt-001-556fa8c403ae9860:state:000009"", ""capture-attempt-001-556fa8c403ae9860:state:000010"", ""capture-attempt-001-556fa8c403ae9860:state:000011""]]",[]
trial-ae6d526472b5ab3d,normalize_top_record_omission,C06-S0-B0,C06,1,True,job_1,normalize,True,job_1,normalize,"[""grp-1106ab4fc782bccd""]","[[""capture-attempt-002-6b948ba24036af32:function:000015"", ""capture-attempt-002-6b948ba24036af32:state:000016"", ""capture-attempt-002-6b948ba24036af32:state:000017"", ""capture-attempt-002-6b948ba24036af32:state:000018"", ""capture-attempt-002-6b948ba24036af32:state:000019"", ""capture-attempt-002-6b948ba24036af32:state:000020"", ""capture-attempt-002-6b948ba24036af32:state:000021"", ""capture-attempt-002-6b948ba24036af32:state:000022"", ""capture-attempt-002-6b948ba24036af32:state:000023""]]",[]
trial-61593ffa71f996c3,normalize_top_record_omission,C06-S0-B1,C06,1,True,job_1,normalize,True,job_1,normalize,"[""grp-1106ab4fc782bccd""]","[[""capture-attempt-002-6b948ba24036af32:function:000015"", ""capture-attempt-002-6b948ba24036af32:state:000016"", ""capture-attempt-002-6b948ba24036af32:state:000017"", ""capture-attempt-002-6b948ba24036af32:state:000018"", ""capture-attempt-002-6b948ba24036af32:state:000019"", ""capture-attempt-002-6b948ba24036af32:state:000020"", ""capture-attempt-002-6b948ba24036af32:state:000021"", ""capture-attempt-002-6b948ba24036af32:state:000022"", ""capture-attempt-002-6b948ba24036af32:state:000023""]]",[]
trial-c5e2321818aee2cc,normalize_top_record_omission,C06-S1-B0,C06,1,True,job_1,normalize,True,job_1,normalize,"[""grp-1106ab4fc782bccd""]","[[""capture-attempt-002-6b948ba24036af32:function:000015"", ""capture-attempt-002-6b948ba24036af32:state:000016"", ""capture-attempt-002-6b948ba24036af32:state:000017"", ""capture-attempt-002-6b948ba24036af32:state:000018"", ""capture-attempt-002-6b948ba24036af32:state:000019"", ""capture-attempt-002-6b948ba24036af32:state:000020"", ""capture-attempt-002-6b948ba24036af32:state:000021"", ""capture-attempt-002-6b948ba24036af32:state:000022"", ""capture-attempt-002-6b948ba24036af32:state:000023""]]",[]
trial-e7ac372e327694a0,normalize_top_record_omission,C06-S1-B1,C06,1,False,,,True,job_1,normalize,"[""grp-65d02469d47f51ad""]","[[""capture-attempt-002-81b16ce34c456bc8:function:000014"", ""capture-attempt-002-81b16ce34c456bc8:state:000016"", ""capture-attempt-002-81b16ce34c456bc8:state:000017"", ""capture-attempt-002-81b16ce34c456bc8:state:000018"", ""capture-attempt-002-81b16ce34c456bc8:state:000019"", ""capture-attempt-002-81b16ce34c456bc8:state:000020"", ""capture-attempt-002-81b16ce34c456bc8:state:000021"", ""capture-attempt-002-81b16ce34c456bc8:state:000022""]]",[]
trial-d1f6f67f9d4b917c,normalize_top_record_omission,C07-S0-B0,C07,1,True,job_1,normalize,True,job_1,normalize,[],[[]],[]
trial-43d1e356a2375105,normalize_top_record_omission,C07-S0-B1,C07,1,True,job_1,normalize,True,job_1,normalize,[],[[]],[]
trial-b4d50f87dd289d8d,normalize_top_record_omission,C07-S1-B0,C07,1,True,job_1,normalize,True,job_1,normalize,[],[[]],[]
trial-981d14eaf94a835b,normalize_top_record_omission,C07-S1-B1,C07,1,True,job_1,normalize,True,job_1,normalize,[],[[]],[]
trial-e1fca5121a11b57f,normalize_top_record_omission,D05-S0-B0,D05,1,True,job_1,normalize,True,job_1,normalize,[],[],[]
trial-402ae9ef31a5c868,normalize_top_record_omission,D05-S0-B1,D05,1,True,job_1,normalize,True,job_1,normalize,[],[],[]
trial-7854aea5d9b110c8,normalize_top_record_omission,D06-S0-B0,D06,1,True,job_1,normalize,True,job_1,normalize,[],[],[]
trial-67277a623bd43fd7,normalize_top_record_omission,D06-S0-B1,D06,1,True,job_1,normalize,True,job_1,normalize,[],[],[]
trial-0d040556c2c8f980,normalize_top_record_omission,D07-S0-B0,D07,1,True,job_1,normalize,True,job_1,normalize,[],[],[]
trial-675a9c25b56fb052,normalize_top_record_omission,D07-S0-B1,D07,1,True,job_1,normalize,True,job_1,normalize,[],[],[]
trial-718050df7ccd023f,normalize_top_record_omission,D08-S0-B0,D08,1,True,job_1,normalize,True,job_1,normalize,[],[],[]
trial-4d0aa9cc35ca5deb,normalize_top_record_omission,D08-S0-B1,D08,1,True,job_1,normalize,True,job_1,normalize,[],[],[]
trial-eb4a513a67935c78,normalize_top_record_omission,D09-S0-B0,D09,1,True,job_1,normalize,True,job_1,normalize,[],[],[]
trial-653ed8668ff06e81,normalize_top_record_omission,D09-S0-B1,D09,1,True,job_1,normalize,True,job_1,normalize,[],[],[]
trial-58f95aed9922be57,normalize_top_record_omission,D11-S0-B0,D11,1,True,job_1,normalize,True,job_1,normalize,[],[],[]
trial-8c0244f447a422c9,normalize_top_record_omission,D11-S0-B1,D11,1,True,job_1,normalize,True,job_1,normalize,[],[],[]
trial-4b388e2962efc408,normalize_top_record_omission,D12-S0-B0,D12,1,True,job_1,normalize,True,job_1,normalize,"[""grp-1106ab4fc782bccd""]","[[""capture-attempt-002-6b948ba24036af32:function:000015"", ""capture-attempt-002-6b948ba24036af32:state:000016"", ""capture-attempt-002-6b948ba24036af32:state:000017"", ""capture-attempt-002-6b948ba24036af32:state:000018"", ""capture-attempt-002-6b948ba24036af32:state:000019"", ""capture-attempt-002-6b948ba24036af32:state:000020"", ""capture-attempt-002-6b948ba24036af32:state:000021"", ""capture-attempt-002-6b948ba24036af32:state:000022"", ""capture-attempt-002-6b948ba24036af32:state:000023""]]",[]
trial-06baf3aeb8230334,normalize_top_record_omission,D12-S0-B1,D12,1,True,job_1,normalize,True,job_1,normalize,"[""grp-1106ab4fc782bccd""]","[[""capture-attempt-002-6b948ba24036af32:function:000015"", ""capture-attempt-002-6b948ba24036af32:state:000016"", ""capture-attempt-002-6b948ba24036af32:state:000017"", ""capture-attempt-002-6b948ba24036af32:state:000018"", ""capture-attempt-002-6b948ba24036af32:state:000019"", ""capture-attempt-002-6b948ba24036af32:state:000020"", ""capture-attempt-002-6b948ba24036af32:state:000021"", ""capture-attempt-002-6b948ba24036af32:state:000022"", ""capture-attempt-002-6b948ba24036af32:state:000023""]]",[]
trial-8445616c19df4a13,normalize_middle_record_omission,C06-S0-B0,C06,1,True,job_1,normalize,True,job_1,normalize,"[""grp-f72abea51ad809e3""]","[[""capture-attempt-003-1023991357291ecc:function:000004"", ""capture-attempt-003-1023991357291ecc:state:000004"", ""capture-attempt-003-1023991357291ecc:state:000005"", ""capture-attempt-003-1023991357291ecc:state:000006"", ""capture-attempt-003-1023991357291ecc:state:000007"", ""capture-attempt-003-1023991357291ecc:state:000008"", ""capture-attempt-003-1023991357291ecc:state:000009"", ""capture-attempt-003-1023991357291ecc:state:000010"", ""capture-attempt-003-1023991357291ecc:state:000011""]]",[]
trial-cd4d57503c8ea4be,normalize_middle_record_omission,C06-S0-B1,C06,1,True,job_1,normalize,True,job_1,normalize,"[""grp-f72abea51ad809e3""]","[[""capture-attempt-003-1023991357291ecc:function:000004"", ""capture-attempt-003-1023991357291ecc:state:000004"", ""capture-attempt-003-1023991357291ecc:state:000005"", ""capture-attempt-003-1023991357291ecc:state:000006"", ""capture-attempt-003-1023991357291ecc:state:000007"", ""capture-attempt-003-1023991357291ecc:state:000008"", ""capture-attempt-003-1023991357291ecc:state:000009"", ""capture-attempt-003-1023991357291ecc:state:000010"", ""capture-attempt-003-1023991357291ecc:state:000011""]]",[]
trial-26b3c3a3da015be8,normalize_middle_record_omission,C06-S1-B0,C06,1,True,job_1,normalize,True,job_1,normalize,"[""grp-f72abea51ad809e3""]","[[""capture-attempt-003-1023991357291ecc:function:000004"", ""capture-attempt-003-1023991357291ecc:state:000004"", ""capture-attempt-003-1023991357291ecc:state:000005"", ""capture-attempt-003-1023991357291ecc:state:000006"", ""capture-attempt-003-1023991357291ecc:state:000007"", ""capture-attempt-003-1023991357291ecc:state:000008"", ""capture-attempt-003-1023991357291ecc:state:000009"", ""capture-attempt-003-1023991357291ecc:state:000010"", ""capture-attempt-003-1023991357291ecc:state:000011""]]",[]
trial-a28bac12117a8d0a,normalize_middle_record_omission,C06-S1-B1,C06,1,True,job_1,normalize,True,job_1,normalize,"[""grp-f72abea51ad809e3""]","[[""capture-attempt-003-1023991357291ecc:function:000004"", ""capture-attempt-003-1023991357291ecc:state:000004"", ""capture-attempt-003-1023991357291ecc:state:000005"", ""capture-attempt-003-1023991357291ecc:state:000006"", ""capture-attempt-003-1023991357291ecc:state:000007"", ""capture-attempt-003-1023991357291ecc:state:000008"", ""capture-attempt-003-1023991357291ecc:state:000009"", ""capture-attempt-003-1023991357291ecc:state:000010"", ""capture-attempt-003-1023991357291ecc:state:000011""]]",[]
trial-801d000286beed37,normalize_middle_record_omission,C07-S0-B0,C07,1,True,job_1,normalize,True,job_1,normalize,[],[[]],[]
trial-e626e81b8fa31183,normalize_middle_record_omission,C07-S0-B1,C07,1,True,job_1,normalize,True,job_1,normalize,[],[[]],[]
trial-39b134cb5b588a16,normalize_middle_record_omission,C07-S1-B0,C07,1,True,job_1,normalize,True,job_1,normalize,[],[[]],[]
trial-0e3fdf9ee78a182e,normalize_middle_record_omission,C07-S1-B1,C07,1,True,job_1,normalize,True,job_1,normalize,[],[[]],[]
trial-f242f2280765939a,normalize_middle_record_omission,D05-S0-B0,D05,1,True,job_1,normalize,True,job_1,normalize,[],[],[]
trial-c3203826c8d5dff7,normalize_middle_record_omission,D05-S0-B1,D05,1,True,job_1,normalize,True,job_1,normalize,[],[],[]
trial-629778c709fe433a,normalize_middle_record_omission,D06-S0-B0,D06,1,True,job_1,normalize,True,job_1,normalize,[],[],[]
trial-70fbc9dd0096d8e1,normalize_middle_record_omission,D06-S0-B1,D06,1,True,job_1,normalize,True,job_1,normalize,[],[],[]
trial-4d7f69964b9359d3,normalize_middle_record_omission,D07-S0-B0,D07,1,True,job_1,normalize,True,job_1,normalize,[],[],[]
trial-492ed281f929cb72,normalize_middle_record_omission,D07-S0-B1,D07,1,True,job_1,normalize,True,job_1,normalize,[],[],[]
trial-2a4214a9b54941dd,normalize_middle_record_omission,D08-S0-B0,D08,1,True,job_1,normalize,True,job_1,normalize,[],[],[]
trial-4a7c50f712938575,normalize_middle_record_omission,D08-S0-B1,D08,1,True,job_1,normalize,True,job_1,normalize,[],[],[]
trial-18bbc24e27fe7d97,normalize_middle_record_omission,D09-S0-B0,D09,1,True,job_1,normalize,True,job_1,normalize,[],[],[]
trial-7619aa8585109f0c,normalize_middle_record_omission,D09-S0-B1,D09,1,True,job_1,normalize,True,job_1,normalize,[],[],[]
trial-c722250316a8681b,normalize_middle_record_omission,D11-S0-B0,D11,1,True,job_1,normalize,True,job_1,normalize,[],[],[]
trial-56d1919aa354aafb,normalize_middle_record_omission,D11-S0-B1,D11,1,True,job_1,normalize,True,job_1,normalize,[],[],[]
trial-82821393130c3cc6,normalize_middle_record_omission,D12-S0-B0,D12,1,True,job_1,normalize,True,job_1,normalize,"[""grp-f72abea51ad809e3""]","[[""capture-attempt-003-1023991357291ecc:function:000004"", ""capture-attempt-003-1023991357291ecc:state:000004"", ""capture-attempt-003-1023991357291ecc:state:000005"", ""capture-attempt-003-1023991357291ecc:state:000006"", ""capture-attempt-003-1023991357291ecc:state:000007"", ""capture-attempt-003-1023991357291ecc:state:000008"", ""capture-attempt-003-1023991357291ecc:state:000009"", ""capture-attempt-003-1023991357291ecc:state:000010"", ""capture-attempt-003-1023991357291ecc:state:000011""]]",[]
trial-c32b08d9f47ae7e1,normalize_middle_record_omission,D12-S0-B1,D12,1,True,job_1,normalize,True,job_1,normalize,"[""grp-f72abea51ad809e3""]","[[""capture-attempt-003-1023991357291ecc:function:000004"", ""capture-attempt-003-1023991357291ecc:state:000004"", ""capture-attempt-003-1023991357291ecc:state:000005"", ""capture-attempt-003-1023991357291ecc:state:000006"", ""capture-attempt-003-1023991357291ecc:state:000007"", ""capture-attempt-003-1023991357291ecc:state:000008"", ""capture-attempt-003-1023991357291ecc:state:000009"", ""capture-attempt-003-1023991357291ecc:state:000010"", ""capture-attempt-003-1023991357291ecc:state:000011""]]",[]
trial-f00af844e3024385,provenance_ranking_reversal,C06-S0-B0,C06,1,True,job_1,assemble_provenance,True,job_1,assemble_provenance,"[""grp-6eea33f30da0cad2""]","[[""capture-attempt-004-4511de5d77cf4cd0:function:000004"", ""capture-attempt-004-4511de5d77cf4cd0:state:000004"", ""capture-attempt-004-4511de5d77cf4cd0:state:000005"", ""capture-attempt-004-4511de5d77cf4cd0:state:000006"", ""capture-attempt-004-4511de5d77cf4cd0:state:000007"", ""capture-attempt-004-4511de5d77cf4cd0:state:000008"", ""capture-attempt-004-4511de5d77cf4cd0:state:000009"", ""capture-attempt-004-4511de5d77cf4cd0:state:000010"", ""capture-attempt-004-4511de5d77cf4cd0:state:000011""]]",[]
trial-13c6416640d4d266,provenance_ranking_reversal,C06-S0-B1,C06,1,True,job_1,assemble_provenance,True,job_1,assemble_provenance,"[""grp-6eea33f30da0cad2""]","[[""capture-attempt-004-4511de5d77cf4cd0:function:000004"", ""capture-attempt-004-4511de5d77cf4cd0:state:000004"", ""capture-attempt-004-4511de5d77cf4cd0:state:000005"", ""capture-attempt-004-4511de5d77cf4cd0:state:000006"", ""capture-attempt-004-4511de5d77cf4cd0:state:000007"", ""capture-attempt-004-4511de5d77cf4cd0:state:000008"", ""capture-attempt-004-4511de5d77cf4cd0:state:000009"", ""capture-attempt-004-4511de5d77cf4cd0:state:000010"", ""capture-attempt-004-4511de5d77cf4cd0:state:000011""]]",[]
trial-7947fa253e680b74,provenance_ranking_reversal,C06-S1-B0,C06,1,True,job_1,assemble_provenance,True,job_1,assemble_provenance,"[""grp-6eea33f30da0cad2""]","[[""capture-attempt-004-4511de5d77cf4cd0:function:000004"", ""capture-attempt-004-4511de5d77cf4cd0:state:000004"", ""capture-attempt-004-4511de5d77cf4cd0:state:000005"", ""capture-attempt-004-4511de5d77cf4cd0:state:000006"", ""capture-attempt-004-4511de5d77cf4cd0:state:000007"", ""capture-attempt-004-4511de5d77cf4cd0:state:000008"", ""capture-attempt-004-4511de5d77cf4cd0:state:000009"", ""capture-attempt-004-4511de5d77cf4cd0:state:000010"", ""capture-attempt-004-4511de5d77cf4cd0:state:000011""]]",[]
trial-6280ab30cbdcfffb,provenance_ranking_reversal,C06-S1-B1,C06,1,True,job_1,assemble_provenance,True,job_1,assemble_provenance,"[""grp-6eea33f30da0cad2""]","[[""capture-attempt-004-4511de5d77cf4cd0:function:000004"", ""capture-attempt-004-4511de5d77cf4cd0:state:000004"", ""capture-attempt-004-4511de5d77cf4cd0:state:000005"", ""capture-attempt-004-4511de5d77cf4cd0:state:000006"", ""capture-attempt-004-4511de5d77cf4cd0:state:000007"", ""capture-attempt-004-4511de5d77cf4cd0:state:000008"", ""capture-attempt-004-4511de5d77cf4cd0:state:000009"", ""capture-attempt-004-4511de5d77cf4cd0:state:000010"", ""capture-attempt-004-4511de5d77cf4cd0:state:000011""]]",[]
trial-cf679e955c6c098c,provenance_ranking_reversal,C07-S0-B0,C07,1,True,job_1,assemble_provenance,True,job_1,assemble_provenance,[],[[]],[]
trial-e12987c98e1ec67d,provenance_ranking_reversal,C07-S0-B1,C07,1,True,job_1,assemble_provenance,True,job_1,assemble_provenance,[],[[]],[]
trial-1f5dd96732b88314,provenance_ranking_reversal,C07-S1-B0,C07,1,True,job_1,assemble_provenance,True,job_1,assemble_provenance,[],[[]],[]
trial-aaf77147dec2fe30,provenance_ranking_reversal,C07-S1-B1,C07,1,True,job_1,assemble_provenance,True,job_1,assemble_provenance,[],[[]],[]
trial-1cecbbfa53959e36,provenance_ranking_reversal,D05-S0-B0,D05,1,True,job_1,assemble_provenance,True,job_1,assemble_provenance,[],[],[]
trial-e7556528bab5b757,provenance_ranking_reversal,D05-S0-B1,D05,1,True,job_1,assemble_provenance,True,job_1,assemble_provenance,[],[],[]
trial-d7657e17ae7689fe,provenance_ranking_reversal,D06-S0-B0,D06,1,True,job_1,assemble_provenance,True,job_1,assemble_provenance,[],[],[]
trial-75a0b5bd21efa5ff,provenance_ranking_reversal,D06-S0-B1,D06,1,True,job_1,assemble_provenance,True,job_1,assemble_provenance,[],[],[]
trial-16b18b84f913f451,provenance_ranking_reversal,D07-S0-B0,D07,1,True,job_1,assemble_provenance,True,job_1,assemble_provenance,[],[],[]
trial-4cc8ea81ac76a47f,provenance_ranking_reversal,D07-S0-B1,D07,1,True,job_1,assemble_provenance,True,job_1,assemble_provenance,[],[],[]
trial-04d69263eaea47e3,provenance_ranking_reversal,D08-S0-B0,D08,1,True,job_1,assemble_provenance,True,job_1,assemble_provenance,[],[],[]
trial-6cd7b54ec5adc127,provenance_ranking_reversal,D08-S0-B1,D08,1,True,job_1,assemble_provenance,True,job_1,assemble_provenance,[],[],[]
trial-f51937c614fb4e8b,provenance_ranking_reversal,D09-S0-B0,D09,1,True,job_1,assemble_provenance,True,job_1,assemble_provenance,[],[],[]
trial-b1a6db05d3030e59,provenance_ranking_reversal,D09-S0-B1,D09,1,True,job_1,assemble_provenance,True,job_1,assemble_provenance,[],[],[]
trial-de4c081846e6e605,provenance_ranking_reversal,D11-S0-B0,D11,1,True,job_1,assemble_provenance,True,job_1,assemble_provenance,[],[],[]
trial-b749fc3b2f65907c,provenance_ranking_reversal,D11-S0-B1,D11,1,True,job_1,assemble_provenance,True,job_1,assemble_provenance,[],[],[]
trial-70c7782b0b9280dc,provenance_ranking_reversal,D12-S0-B0,D12,1,True,job_1,assemble_provenance,True,job_1,assemble_provenance,"[""grp-6eea33f30da0cad2""]","[[""capture-attempt-004-4511de5d77cf4cd0:function:000004"", ""capture-attempt-004-4511de5d77cf4cd0:state:000004"", ""capture-attempt-004-4511de5d77cf4cd0:state:000005"", ""capture-attempt-004-4511de5d77cf4cd0:state:000006"", ""capture-attempt-004-4511de5d77cf4cd0:state:000007"", ""capture-attempt-004-4511de5d77cf4cd0:state:000008"", ""capture-attempt-004-4511de5d77cf4cd0:state:000009"", ""capture-attempt-004-4511de5d77cf4cd0:state:000010"", ""capture-attempt-004-4511de5d77cf4cd0:state:000011""]]",[]
trial-0de941f095a77aca,provenance_ranking_reversal,D12-S0-B1,D12,1,True,job_1,assemble_provenance,True,job_1,assemble_provenance,"[""grp-6eea33f30da0cad2""]","[[""capture-attempt-004-4511de5d77cf4cd0:function:000004"", ""capture-attempt-004-4511de5d77cf4cd0:state:000004"", ""capture-attempt-004-4511de5d77cf4cd0:state:000005"", ""capture-attempt-004-4511de5d77cf4cd0:state:000006"", ""capture-attempt-004-4511de5d77cf4cd0:state:000007"", ""capture-attempt-004-4511de5d77cf4cd0:state:000008"", ""capture-attempt-004-4511de5d77cf4cd0:state:000009"", ""capture-attempt-004-4511de5d77cf4cd0:state:000010"", ""capture-attempt-004-4511de5d77cf4cd0:state:000011""]]",[]
trial-a71d4fc7ae8aee0f,provenance_join_identity,C06-S0-B0,C06,1,True,job_1,assemble_provenance,True,job_1,assemble_provenance,"[""grp-f25c568f0b27e483""]","[[""capture-attempt-005-2e42c304afc79786:function:000015"", ""capture-attempt-005-2e42c304afc79786:state:000016"", ""capture-attempt-005-2e42c304afc79786:state:000017"", ""capture-attempt-005-2e42c304afc79786:state:000018"", ""capture-attempt-005-2e42c304afc79786:state:000019"", ""capture-attempt-005-2e42c304afc79786:state:000020"", ""capture-attempt-005-2e42c304afc79786:state:000021"", ""capture-attempt-005-2e42c304afc79786:state:000022"", ""capture-attempt-005-2e42c304afc79786:state:000023""]]",[]
trial-22acb141318f605c,provenance_join_identity,C06-S0-B1,C06,1,True,job_1,assemble_provenance,True,job_1,assemble_provenance,"[""grp-f25c568f0b27e483""]","[[""capture-attempt-005-2e42c304afc79786:function:000015"", ""capture-attempt-005-2e42c304afc79786:state:000016"", ""capture-attempt-005-2e42c304afc79786:state:000017"", ""capture-attempt-005-2e42c304afc79786:state:000018"", ""capture-attempt-005-2e42c304afc79786:state:000019"", ""capture-attempt-005-2e42c304afc79786:state:000020"", ""capture-attempt-005-2e42c304afc79786:state:000021"", ""capture-attempt-005-2e42c304afc79786:state:000022"", ""capture-attempt-005-2e42c304afc79786:state:000023""]]",[]
trial-4ebd3a58a86c9f0b,provenance_join_identity,C06-S1-B0,C06,1,True,job_1,assemble_provenance,True,job_1,assemble_provenance,"[""grp-f25c568f0b27e483""]","[[""capture-attempt-005-2e42c304afc79786:function:000015"", ""capture-attempt-005-2e42c304afc79786:state:000016"", ""capture-attempt-005-2e42c304afc79786:state:000017"", ""capture-attempt-005-2e42c304afc79786:state:000018"", ""capture-attempt-005-2e42c304afc79786:state:000019"", ""capture-attempt-005-2e42c304afc79786:state:000020"", ""capture-attempt-005-2e42c304afc79786:state:000021"", ""capture-attempt-005-2e42c304afc79786:state:000022"", ""capture-attempt-005-2e42c304afc79786:state:000023""]]",[]
trial-fd8907063bed2898,provenance_join_identity,C06-S1-B1,C06,1,True,job_1,assemble_provenance,True,job_1,assemble_provenance,"[""grp-f25c568f0b27e483""]","[[""capture-attempt-005-2e42c304afc79786:function:000015"", ""capture-attempt-005-2e42c304afc79786:state:000016"", ""capture-attempt-005-2e42c304afc79786:state:000017"", ""capture-attempt-005-2e42c304afc79786:state:000018"", ""capture-attempt-005-2e42c304afc79786:state:000019"", ""capture-attempt-005-2e42c304afc79786:state:000020"", ""capture-attempt-005-2e42c304afc79786:state:000021"", ""capture-attempt-005-2e42c304afc79786:state:000022"", ""capture-attempt-005-2e42c304afc79786:state:000023""]]",[]
trial-f7a7648c019125cd,provenance_join_identity,C07-S0-B0,C07,1,True,job_1,assemble_provenance,True,job_1,assemble_provenance,[],[[]],[]
trial-96bc701efdd4a31b,provenance_join_identity,C07-S0-B1,C07,1,True,job_1,assemble_provenance,True,job_1,assemble_provenance,[],[[]],[]
trial-b86a8970dae8824f,provenance_join_identity,C07-S1-B0,C07,1,True,job_1,assemble_provenance,True,job_1,assemble_provenance,[],[[]],[]
trial-50e01a70a16ad556,provenance_join_identity,C07-S1-B1,C07,1,True,job_1,assemble_provenance,True,job_1,assemble_provenance,[],[[]],[]
trial-1dcf9eb0d20ee72f,provenance_join_identity,D05-S0-B0,D05,1,True,job_1,assemble_provenance,True,job_1,assemble_provenance,[],[],[]
trial-6f15139bdd251024,provenance_join_identity,D05-S0-B1,D05,1,True,job_1,assemble_provenance,True,job_1,assemble_provenance,[],[],[]
trial-7a29395cb3cb98b5,provenance_join_identity,D06-S0-B0,D06,1,True,job_1,assemble_provenance,True,job_1,assemble_provenance,[],[],[]
trial-d172c601bff0864f,provenance_join_identity,D06-S0-B1,D06,1,True,job_1,assemble_provenance,True,job_1,assemble_provenance,[],[],[]
trial-51b1ec64b4d98b62,provenance_join_identity,D07-S0-B0,D07,1,True,job_1,assemble_provenance,True,job_1,assemble_provenance,[],[],[]
trial-395353602ea053a4,provenance_join_identity,D07-S0-B1,D07,1,True,job_1,assemble_provenance,True,job_1,assemble_provenance,[],[],[]
trial-0eb55ae6f54cad05,provenance_join_identity,D08-S0-B0,D08,1,True,job_1,assemble_provenance,True,job_1,assemble_provenance,[],[],[]
trial-80f9fe9c11ec1fd6,provenance_join_identity,D08-S0-B1,D08,1,True,job_1,assemble_provenance,True,job_1,assemble_provenance,[],[],[]
trial-4c2d6c564f85be26,provenance_join_identity,D09-S0-B0,D09,1,True,job_1,assemble_provenance,True,job_1,assemble_provenance,[],[],[]
trial-3c1aa539494e8189,provenance_join_identity,D09-S0-B1,D09,1,True,job_1,assemble_provenance,True,job_1,assemble_provenance,[],[],[]
trial-d31e771f3d70ddc4,provenance_join_identity,D11-S0-B0,D11,1,True,job_1,assemble_provenance,True,job_1,assemble_provenance,[],[],[]
trial-a7eeda29f6120126,provenance_join_identity,D11-S0-B1,D11,1,True,job_1,assemble_provenance,True,job_1,assemble_provenance,[],[],[]
trial-6a5843e7765b27c4,provenance_join_identity,D12-S0-B0,D12,1,True,job_1,assemble_provenance,True,job_1,assemble_provenance,"[""grp-f25c568f0b27e483""]","[[""capture-attempt-005-2e42c304afc79786:function:000015"", ""capture-attempt-005-2e42c304afc79786:state:000016"", ""capture-attempt-005-2e42c304afc79786:state:000017"", ""capture-attempt-005-2e42c304afc79786:state:000018"", ""capture-attempt-005-2e42c304afc79786:state:000019"", ""capture-attempt-005-2e42c304afc79786:state:000020"", ""capture-attempt-005-2e42c304afc79786:state:000021"", ""capture-attempt-005-2e42c304afc79786:state:000022"", ""capture-attempt-005-2e42c304afc79786:state:000023""]]",[]
trial-326da94e112475a4,provenance_join_identity,D12-S0-B1,D12,1,True,job_1,assemble_provenance,True,job_1,assemble_provenance,"[""grp-f25c568f0b27e483""]","[[""capture-attempt-005-2e42c304afc79786:function:000015"", ""capture-attempt-005-2e42c304afc79786:state:000016"", ""capture-attempt-005-2e42c304afc79786:state:000017"", ""capture-attempt-005-2e42c304afc79786:state:000018"", ""capture-attempt-005-2e42c304afc79786:state:000019"", ""capture-attempt-005-2e42c304afc79786:state:000020"", ""capture-attempt-005-2e42c304afc79786:state:000021"", ""capture-attempt-005-2e42c304afc79786:state:000022"", ""capture-attempt-005-2e42c304afc79786:state:000023""]]",[]
trial-337abfb9a9654379,n16-clean-control,C06-S0-B0,C06,1,False,,,False,,,"[""grp-aceb9d84ebd21b02""]","[[""capture-attempt-001-70a94eef39796caa:function:000015"", ""capture-attempt-001-70a94eef39796caa:state:000016"", ""capture-attempt-001-70a94eef39796caa:state:000017"", ""capture-attempt-001-70a94eef39796caa:state:000018"", ""capture-attempt-001-70a94eef39796caa:state:000019"", ""capture-attempt-001-70a94eef39796caa:state:000020"", ""capture-attempt-001-70a94eef39796caa:state:000021"", ""capture-attempt-001-70a94eef39796caa:state:000022"", ""capture-attempt-001-70a94eef39796caa:state:000023""]]",[]
trial-0117c6205b5e10af,n16-clean-control,C06-S0-B1,C06,1,False,,,False,,,"[""grp-fd57ac6176182355""]","[[""capture-attempt-001-270a4bf9ce9de3cc:function:000006"", ""capture-attempt-001-270a4bf9ce9de3cc:state:000007"", ""capture-attempt-001-270a4bf9ce9de3cc:state:000008"", ""capture-attempt-001-270a4bf9ce9de3cc:state:000009"", ""capture-attempt-001-270a4bf9ce9de3cc:state:000010"", ""capture-attempt-001-270a4bf9ce9de3cc:state:000011"", ""capture-attempt-001-270a4bf9ce9de3cc:state:000012"", ""capture-attempt-001-270a4bf9ce9de3cc:state:000013"", ""capture-attempt-001-270a4bf9ce9de3cc:state:000014""]]",[]
trial-6fc2b5dacc64d23a,n16-clean-control,C06-S1-B0,C06,1,False,,,False,,,"[""grp-aceb9d84ebd21b02""]","[[""capture-attempt-001-70a94eef39796caa:function:000015"", ""capture-attempt-001-70a94eef39796caa:state:000016"", ""capture-attempt-001-70a94eef39796caa:state:000017"", ""capture-attempt-001-70a94eef39796caa:state:000018"", ""capture-attempt-001-70a94eef39796caa:state:000019"", ""capture-attempt-001-70a94eef39796caa:state:000020"", ""capture-attempt-001-70a94eef39796caa:state:000021"", ""capture-attempt-001-70a94eef39796caa:state:000022"", ""capture-attempt-001-70a94eef39796caa:state:000023""]]",[]
trial-750a07292ceab9f7,n16-clean-control,C06-S1-B1,C06,1,False,,,False,,,"[""grp-fd57ac6176182355""]","[[""capture-attempt-001-270a4bf9ce9de3cc:function:000006"", ""capture-attempt-001-270a4bf9ce9de3cc:state:000007"", ""capture-attempt-001-270a4bf9ce9de3cc:state:000008"", ""capture-attempt-001-270a4bf9ce9de3cc:state:000009"", ""capture-attempt-001-270a4bf9ce9de3cc:state:000010"", ""capture-attempt-001-270a4bf9ce9de3cc:state:000011"", ""capture-attempt-001-270a4bf9ce9de3cc:state:000012"", ""capture-attempt-001-270a4bf9ce9de3cc:state:000013"", ""capture-attempt-001-270a4bf9ce9de3cc:state:000014""]]",[]
trial-1b28e85e948f28cf,n16-clean-control,C07-S0-B0,C07,1,False,,,False,,,[],[[]],[]
trial-4993a94a4bed5ac5,n16-clean-control,C07-S0-B1,C07,1,False,,,False,,,[],[[]],[]
trial-57f35d6d72246d5b,n16-clean-control,C07-S1-B0,C07,1,False,,,False,,,[],[[]],[]
trial-a7d807288c6958d2,n16-clean-control,C07-S1-B1,C07,1,False,,,False,,,[],[[]],[]
trial-87fe4952e120bfd6,n16-clean-control,D05-S0-B0,D05,1,False,,,False,,,[],[],[]
trial-506dbf2e7ef7eb7b,n16-clean-control,D05-S0-B1,D05,1,False,,,False,,,[],[],[]
trial-5989527d250f31d0,n16-clean-control,D06-S0-B0,D06,1,False,,,False,,,[],[],[]
trial-1f3b7d9930804681,n16-clean-control,D06-S0-B1,D06,1,False,,,False,,,[],[],[]
trial-3bc8aad9d49323bb,n16-clean-control,D07-S0-B0,D07,1,False,,,False,,,[],[],[]
trial-b89e62213b22258e,n16-clean-control,D07-S0-B1,D07,1,False,,,False,,,[],[],[]
trial-2f8df5f9b8a03f69,n16-clean-control,D08-S0-B0,D08,1,False,,,False,,,[],[],[]
trial-0d5c657ef9efe946,n16-clean-control,D08-S0-B1,D08,1,False,,,False,,,[],[],[]
trial-2f9037496ba9fa12,n16-clean-control,D09-S0-B0,D09,1,False,,,False,,,[],[],[]
trial-0582de6aef02c6a1,n16-clean-control,D09-S0-B1,D09,1,False,,,False,,,[],[],[]
trial-590f7432505610ff,n16-clean-control,D11-S0-B0,D11,1,False,,,False,,,[],[],[]
trial-8cfc35d2680941d3,n16-clean-control,D11-S0-B1,D11,1,False,,,False,,,[],[],[]
trial-20d9d8e0537b3c6c,n16-clean-control,D12-S0-B0,D12,1,False,,,False,,,"[""grp-fd57ac6176182355""]","[[""capture-attempt-001-270a4bf9ce9de3cc:function:000006"", ""capture-attempt-001-270a4bf9ce9de3cc:state:000007"", ""capture-attempt-001-270a4bf9ce9de3cc:state:000008"", ""capture-attempt-001-270a4bf9ce9de3cc:state:000009"", ""capture-attempt-001-270a4bf9ce9de3cc:state:000010"", ""capture-attempt-001-270a4bf9ce9de3cc:state:000011"", ""capture-attempt-001-270a4bf9ce9de3cc:state:000012"", ""capture-attempt-001-270a4bf9ce9de3cc:state:000013"", ""capture-attempt-001-270a4bf9ce9de3cc:state:000014""]]",[]
trial-9cdd052104272e3e,n16-clean-control,D12-S0-B1,D12,1,False,,,False,,,"[""grp-fd57ac6176182355""]","[[""capture-attempt-001-270a4bf9ce9de3cc:function:000006"", ""capture-attempt-001-270a4bf9ce9de3cc:state:000007"", ""capture-attempt-001-270a4bf9ce9de3cc:state:000008"", ""capture-attempt-001-270a4bf9ce9de3cc:state:000009"", ""capture-attempt-001-270a4bf9ce9de3cc:state:000010"", ""capture-attempt-001-270a4bf9ce9de3cc:state:000011"", ""capture-attempt-001-270a4bf9ce9de3cc:state:000012"", ""capture-attempt-001-270a4bf9ce9de3cc:state:000013"", ""capture-attempt-001-270a4bf9ce9de3cc:state:000014""]]",[]
trial-59964ff296f94a4a,select_wrong_source_weight,C06-S0-B0,C06,2,True,job_1,select_demand,True,job_1,select_demand,"[""grp-e76b4ea2e97a5f32""]","[[""capture-attempt-001-556fa8c403ae9860:function:000004"", ""capture-attempt-001-556fa8c403ae9860:state:000004"", ""capture-attempt-001-556fa8c403ae9860:state:000005"", ""capture-attempt-001-556fa8c403ae9860:state:000006"", ""capture-attempt-001-556fa8c403ae9860:state:000007"", ""capture-attempt-001-556fa8c403ae9860:state:000008"", ""capture-attempt-001-556fa8c403ae9860:state:000009"", ""capture-attempt-001-556fa8c403ae9860:state:000010"", ""capture-attempt-001-556fa8c403ae9860:state:000011""]]",[]
trial-6a90b5be252a9c52,select_wrong_source_weight,C06-S0-B1,C06,2,True,job_1,select_demand,True,job_1,select_demand,"[""grp-e76b4ea2e97a5f32""]","[[""capture-attempt-001-556fa8c403ae9860:function:000004"", ""capture-attempt-001-556fa8c403ae9860:state:000004"", ""capture-attempt-001-556fa8c403ae9860:state:000005"", ""capture-attempt-001-556fa8c403ae9860:state:000006"", ""capture-attempt-001-556fa8c403ae9860:state:000007"", ""capture-attempt-001-556fa8c403ae9860:state:000008"", ""capture-attempt-001-556fa8c403ae9860:state:000009"", ""capture-attempt-001-556fa8c403ae9860:state:000010"", ""capture-attempt-001-556fa8c403ae9860:state:000011""]]",[]
trial-6494166d82023ff2,select_wrong_source_weight,C06-S1-B0,C06,2,True,job_1,select_demand,True,job_1,select_demand,"[""grp-e76b4ea2e97a5f32""]","[[""capture-attempt-001-556fa8c403ae9860:function:000004"", ""capture-attempt-001-556fa8c403ae9860:state:000004"", ""capture-attempt-001-556fa8c403ae9860:state:000005"", ""capture-attempt-001-556fa8c403ae9860:state:000006"", ""capture-attempt-001-556fa8c403ae9860:state:000007"", ""capture-attempt-001-556fa8c403ae9860:state:000008"", ""capture-attempt-001-556fa8c403ae9860:state:000009"", ""capture-attempt-001-556fa8c403ae9860:state:000010"", ""capture-attempt-001-556fa8c403ae9860:state:000011""]]",[]
trial-93b1b1fbb3db5615,select_wrong_source_weight,C06-S1-B1,C06,2,False,,,True,job_1,select_demand,"[""grp-e76b4ea2e97a5f32""]","[[""capture-attempt-001-556fa8c403ae9860:function:000004"", ""capture-attempt-001-556fa8c403ae9860:state:000004"", ""capture-attempt-001-556fa8c403ae9860:state:000005"", ""capture-attempt-001-556fa8c403ae9860:state:000006"", ""capture-attempt-001-556fa8c403ae9860:state:000007"", ""capture-attempt-001-556fa8c403ae9860:state:000008"", ""capture-attempt-001-556fa8c403ae9860:state:000009"", ""capture-attempt-001-556fa8c403ae9860:state:000010"", ""capture-attempt-001-556fa8c403ae9860:state:000011""]]",[]
trial-5df8809e05565865,select_wrong_source_weight,C07-S0-B0,C07,2,True,job_1,select_demand,True,job_1,select_demand,[],[[]],[]
trial-751637067433c5a6,select_wrong_source_weight,C07-S0-B1,C07,2,True,job_1,select_demand,True,job_1,select_demand,[],[[]],[]
trial-9210127610a4506f,select_wrong_source_weight,C07-S1-B0,C07,2,True,job_1,select_demand,True,job_1,select_demand,[],[[]],[]
trial-5317ee01151f6d2f,select_wrong_source_weight,C07-S1-B1,C07,2,True,job_1,select_demand,True,job_1,select_demand,[],[[]],[]
trial-d3e5f4afc8928a7d,select_wrong_source_weight,D05-S0-B0,D05,2,True,job_1,select_demand,True,job_1,select_demand,[],[],[]
trial-d9d09f31b5c9281f,select_wrong_source_weight,D05-S0-B1,D05,2,True,job_1,select_demand,True,job_1,select_demand,[],[],[]
trial-f31df2dbc0c389ca,select_wrong_source_weight,D06-S0-B0,D06,2,True,job_1,select_demand,True,job_1,select_demand,[],[],[]
trial-9ae15e9ca81bc9e9,select_wrong_source_weight,D06-S0-B1,D06,2,True,job_1,select_demand,True,job_1,select_demand,[],[],[]
trial-dbfedc026bcd80a3,select_wrong_source_weight,D07-S0-B0,D07,2,True,job_1,select_demand,True,job_1,select_demand,[],[],[]
trial-8edfea217c4e87db,select_wrong_source_weight,D07-S0-B1,D07,2,True,job_1,select_demand,True,job_1,select_demand,[],[],[]
trial-b546ebb57af2a8e9,select_wrong_source_weight,D08-S0-B0,D08,2,True,job_1,select_demand,True,job_1,select_demand,[],[],[]
trial-98581047cefe6d20,select_wrong_source_weight,D08-S0-B1,D08,2,True,job_1,select_demand,True,job_1,select_demand,[],[],[]
trial-3e2d4c9fab70ca1b,select_wrong_source_weight,D09-S0-B0,D09,2,True,job_1,select_demand,True,job_1,select_demand,[],[],[]
trial-3a66e791983aecb6,select_wrong_source_weight,D09-S0-B1,D09,2,True,job_1,select_demand,True,job_1,select_demand,[],[],[]
trial-b2064b050b466144,select_wrong_source_weight,D11-S0-B0,D11,2,True,job_1,select_demand,True,job_1,select_demand,[],[],[]
trial-bf81ff9d36e83824,select_wrong_source_weight,D11-S0-B1,D11,2,True,job_1,select_demand,True,job_1,select_demand,[],[],[]
trial-549a7dbe478a679b,select_wrong_source_weight,D12-S0-B0,D12,2,False,,,True,job_1,select_demand,"[""grp-e76b4ea2e97a5f32""]","[[""capture-attempt-001-556fa8c403ae9860:function:000004"", ""capture-attempt-001-556fa8c403ae9860:state:000004"", ""capture-attempt-001-556fa8c403ae9860:state:000005"", ""capture-attempt-001-556fa8c403ae9860:state:000006"", ""capture-attempt-001-556fa8c403ae9860:state:000007"", ""capture-attempt-001-556fa8c403ae9860:state:000008"", ""capture-attempt-001-556fa8c403ae9860:state:000009"", ""capture-attempt-001-556fa8c403ae9860:state:000010"", ""capture-attempt-001-556fa8c403ae9860:state:000011""]]",[]
trial-877e850322351986,select_wrong_source_weight,D12-S0-B1,D12,2,True,job_1,select_demand,True,job_1,select_demand,"[""grp-e76b4ea2e97a5f32""]","[[""capture-attempt-001-556fa8c403ae9860:function:000004"", ""capture-attempt-001-556fa8c403ae9860:state:000004"", ""capture-attempt-001-556fa8c403ae9860:state:000005"", ""capture-attempt-001-556fa8c403ae9860:state:000006"", ""capture-attempt-001-556fa8c403ae9860:state:000007"", ""capture-attempt-001-556fa8c403ae9860:state:000008"", ""capture-attempt-001-556fa8c403ae9860:state:000009"", ""capture-attempt-001-556fa8c403ae9860:state:000010"", ""capture-attempt-001-556fa8c403ae9860:state:000011""]]",[]
trial-f4e21a92549b8e8d,normalize_top_record_omission,C06-S0-B0,C06,2,True,job_1,normalize,True,job_1,normalize,"[""grp-1106ab4fc782bccd""]","[[""capture-attempt-002-6b948ba24036af32:function:000015"", ""capture-attempt-002-6b948ba24036af32:state:000016"", ""capture-attempt-002-6b948ba24036af32:state:000017"", ""capture-attempt-002-6b948ba24036af32:state:000018"", ""capture-attempt-002-6b948ba24036af32:state:000019"", ""capture-attempt-002-6b948ba24036af32:state:000020"", ""capture-attempt-002-6b948ba24036af32:state:000021"", ""capture-attempt-002-6b948ba24036af32:state:000022"", ""capture-attempt-002-6b948ba24036af32:state:000023""]]",[]
trial-72de5acab6f3305e,normalize_top_record_omission,C06-S0-B1,C06,2,True,job_1,normalize,True,job_1,normalize,"[""grp-1106ab4fc782bccd""]","[[""capture-attempt-002-6b948ba24036af32:function:000015"", ""capture-attempt-002-6b948ba24036af32:state:000016"", ""capture-attempt-002-6b948ba24036af32:state:000017"", ""capture-attempt-002-6b948ba24036af32:state:000018"", ""capture-attempt-002-6b948ba24036af32:state:000019"", ""capture-attempt-002-6b948ba24036af32:state:000020"", ""capture-attempt-002-6b948ba24036af32:state:000021"", ""capture-attempt-002-6b948ba24036af32:state:000022"", ""capture-attempt-002-6b948ba24036af32:state:000023""]]",[]
trial-bae63d5dee3fc824,normalize_top_record_omission,C06-S1-B0,C06,2,False,,,True,job_1,normalize,"[""grp-1106ab4fc782bccd""]","[[""capture-attempt-002-6b948ba24036af32:function:000015"", ""capture-attempt-002-6b948ba24036af32:state:000016"", ""capture-attempt-002-6b948ba24036af32:state:000017"", ""capture-attempt-002-6b948ba24036af32:state:000018"", ""capture-attempt-002-6b948ba24036af32:state:000019"", ""capture-attempt-002-6b948ba24036af32:state:000020"", ""capture-attempt-002-6b948ba24036af32:state:000021"", ""capture-attempt-002-6b948ba24036af32:state:000022"", ""capture-attempt-002-6b948ba24036af32:state:000023""]]",[]
trial-eb8f632a7c55d62d,normalize_top_record_omission,C06-S1-B1,C06,2,True,job_1,normalize,True,job_1,normalize,"[""grp-1106ab4fc782bccd""]","[[""capture-attempt-002-6b948ba24036af32:function:000015"", ""capture-attempt-002-6b948ba24036af32:state:000016"", ""capture-attempt-002-6b948ba24036af32:state:000017"", ""capture-attempt-002-6b948ba24036af32:state:000018"", ""capture-attempt-002-6b948ba24036af32:state:000019"", ""capture-attempt-002-6b948ba24036af32:state:000020"", ""capture-attempt-002-6b948ba24036af32:state:000021"", ""capture-attempt-002-6b948ba24036af32:state:000022"", ""capture-attempt-002-6b948ba24036af32:state:000023""]]",[]
trial-11db4e6524323e07,normalize_top_record_omission,C07-S0-B0,C07,2,True,job_1,normalize,True,job_1,normalize,[],[[]],[]
trial-8538b8eeec64e8ae,normalize_top_record_omission,C07-S0-B1,C07,2,True,job_1,normalize,True,job_1,normalize,[],[[]],[]
trial-f06e343ee9b18d7c,normalize_top_record_omission,C07-S1-B0,C07,2,True,job_1,normalize,True,job_1,normalize,[],[[]],[]
trial-ec469bfd32d44a2c,normalize_top_record_omission,C07-S1-B1,C07,2,True,job_1,normalize,True,job_1,normalize,[],[[]],[]
trial-cff0aa7d0de214e7,normalize_top_record_omission,D05-S0-B0,D05,2,True,job_1,normalize,True,job_1,normalize,[],[],[]
trial-b1d36de89462a24a,normalize_top_record_omission,D05-S0-B1,D05,2,True,job_1,normalize,True,job_1,normalize,[],[],[]
trial-009023f52c132b15,normalize_top_record_omission,D06-S0-B0,D06,2,True,job_1,normalize,True,job_1,normalize,[],[],[]
trial-96497a2acf82a8c7,normalize_top_record_omission,D06-S0-B1,D06,2,True,job_1,normalize,True,job_1,normalize,[],[],[]
trial-94425d16d81a5326,normalize_top_record_omission,D07-S0-B0,D07,2,True,job_1,normalize,True,job_1,normalize,[],[],[]
trial-345fc108e2043924,normalize_top_record_omission,D07-S0-B1,D07,2,True,job_1,normalize,True,job_1,normalize,[],[],[]
trial-d1248b20e1e40246,normalize_top_record_omission,D08-S0-B0,D08,2,True,job_1,normalize,True,job_1,normalize,[],[],[]
trial-28a669ece14dafc4,normalize_top_record_omission,D08-S0-B1,D08,2,True,job_1,normalize,True,job_1,normalize,[],[],[]
trial-8f6e86651a98cbdd,normalize_top_record_omission,D09-S0-B0,D09,2,True,job_1,normalize,True,job_1,normalize,[],[],[]
trial-637a6d18ee951924,normalize_top_record_omission,D09-S0-B1,D09,2,True,job_1,normalize,True,job_1,normalize,[],[],[]
trial-e60b3d20365e38fa,normalize_top_record_omission,D11-S0-B0,D11,2,True,job_1,normalize,True,job_1,normalize,[],[],[]
trial-08c8f0828993b906,normalize_top_record_omission,D11-S0-B1,D11,2,True,job_1,normalize,True,job_1,normalize,[],[],[]
trial-7ca755ab5f9f19f7,normalize_top_record_omission,D12-S0-B0,D12,2,True,job_1,normalize,True,job_1,normalize,"[""grp-1106ab4fc782bccd""]","[[""capture-attempt-002-6b948ba24036af32:function:000015"", ""capture-attempt-002-6b948ba24036af32:state:000016"", ""capture-attempt-002-6b948ba24036af32:state:000017"", ""capture-attempt-002-6b948ba24036af32:state:000018"", ""capture-attempt-002-6b948ba24036af32:state:000019"", ""capture-attempt-002-6b948ba24036af32:state:000020"", ""capture-attempt-002-6b948ba24036af32:state:000021"", ""capture-attempt-002-6b948ba24036af32:state:000022"", ""capture-attempt-002-6b948ba24036af32:state:000023""]]",[]
trial-4edf9366f65f679d,normalize_top_record_omission,D12-S0-B1,D12,2,True,job_1,normalize,True,job_1,normalize,"[""grp-1106ab4fc782bccd""]","[[""capture-attempt-002-6b948ba24036af32:function:000015"", ""capture-attempt-002-6b948ba24036af32:state:000016"", ""capture-attempt-002-6b948ba24036af32:state:000017"", ""capture-attempt-002-6b948ba24036af32:state:000018"", ""capture-attempt-002-6b948ba24036af32:state:000019"", ""capture-attempt-002-6b948ba24036af32:state:000020"", ""capture-attempt-002-6b948ba24036af32:state:000021"", ""capture-attempt-002-6b948ba24036af32:state:000022"", ""capture-attempt-002-6b948ba24036af32:state:000023""]]",[]
trial-0c423d69e264ce73,normalize_middle_record_omission,C06-S0-B0,C06,2,True,job_1,normalize,True,job_1,normalize,"[""grp-f72abea51ad809e3""]","[[""capture-attempt-003-1023991357291ecc:function:000004"", ""capture-attempt-003-1023991357291ecc:state:000004"", ""capture-attempt-003-1023991357291ecc:state:000005"", ""capture-attempt-003-1023991357291ecc:state:000006"", ""capture-attempt-003-1023991357291ecc:state:000007"", ""capture-attempt-003-1023991357291ecc:state:000008"", ""capture-attempt-003-1023991357291ecc:state:000009"", ""capture-attempt-003-1023991357291ecc:state:000010"", ""capture-attempt-003-1023991357291ecc:state:000011""]]",[]
trial-f6a24778039805f9,normalize_middle_record_omission,C06-S0-B1,C06,2,True,job_1,normalize,True,job_1,normalize,"[""grp-f72abea51ad809e3""]","[[""capture-attempt-003-1023991357291ecc:function:000004"", ""capture-attempt-003-1023991357291ecc:state:000004"", ""capture-attempt-003-1023991357291ecc:state:000005"", ""capture-attempt-003-1023991357291ecc:state:000006"", ""capture-attempt-003-1023991357291ecc:state:000007"", ""capture-attempt-003-1023991357291ecc:state:000008"", ""capture-attempt-003-1023991357291ecc:state:000009"", ""capture-attempt-003-1023991357291ecc:state:000010"", ""capture-attempt-003-1023991357291ecc:state:000011""]]",[]
trial-3d889178c63a0ec3,normalize_middle_record_omission,C06-S1-B0,C06,2,True,job_1,normalize,True,job_1,normalize,"[""grp-f72abea51ad809e3""]","[[""capture-attempt-003-1023991357291ecc:function:000004"", ""capture-attempt-003-1023991357291ecc:state:000004"", ""capture-attempt-003-1023991357291ecc:state:000005"", ""capture-attempt-003-1023991357291ecc:state:000006"", ""capture-attempt-003-1023991357291ecc:state:000007"", ""capture-attempt-003-1023991357291ecc:state:000008"", ""capture-attempt-003-1023991357291ecc:state:000009"", ""capture-attempt-003-1023991357291ecc:state:000010"", ""capture-attempt-003-1023991357291ecc:state:000011""]]",[]
trial-b7cc2910fbc3fc9b,normalize_middle_record_omission,C06-S1-B1,C06,2,True,job_1,normalize,True,job_1,normalize,"[""grp-f72abea51ad809e3""]","[[""capture-attempt-003-1023991357291ecc:function:000004"", ""capture-attempt-003-1023991357291ecc:state:000004"", ""capture-attempt-003-1023991357291ecc:state:000005"", ""capture-attempt-003-1023991357291ecc:state:000006"", ""capture-attempt-003-1023991357291ecc:state:000007"", ""capture-attempt-003-1023991357291ecc:state:000008"", ""capture-attempt-003-1023991357291ecc:state:000009"", ""capture-attempt-003-1023991357291ecc:state:000010"", ""capture-attempt-003-1023991357291ecc:state:000011""]]",[]
trial-62709f953fc475f2,normalize_middle_record_omission,C07-S0-B0,C07,2,True,job_1,normalize,True,job_1,normalize,[],[[]],[]
trial-ece1f8fcfea8446e,normalize_middle_record_omission,C07-S0-B1,C07,2,True,job_1,normalize,True,job_1,normalize,[],[[]],[]
trial-254033b8f1d48eda,normalize_middle_record_omission,C07-S1-B0,C07,2,True,job_1,normalize,True,job_1,normalize,[],[[]],[]
trial-c0df3e0a6a93806a,normalize_middle_record_omission,C07-S1-B1,C07,2,True,job_1,normalize,True,job_1,normalize,[],[[]],[]
trial-3011d4695360eced,normalize_middle_record_omission,D05-S0-B0,D05,2,True,job_1,normalize,True,job_1,normalize,[],[],[]
trial-2d0cd2adc751ecaf,normalize_middle_record_omission,D05-S0-B1,D05,2,True,job_1,normalize,True,job_1,normalize,[],[],[]
trial-1ad9a779b09f56e6,normalize_middle_record_omission,D06-S0-B0,D06,2,True,job_1,normalize,True,job_1,normalize,[],[],[]
trial-b61ea49a16caf413,normalize_middle_record_omission,D06-S0-B1,D06,2,True,job_1,normalize,True,job_1,normalize,[],[],[]
trial-e63cb126e53d7199,normalize_middle_record_omission,D07-S0-B0,D07,2,True,job_1,normalize,True,job_1,normalize,[],[],[]
trial-a62be023899664e8,normalize_middle_record_omission,D07-S0-B1,D07,2,True,job_1,normalize,True,job_1,normalize,[],[],[]
trial-3eb3000ee61b9ad0,normalize_middle_record_omission,D08-S0-B0,D08,2,True,job_1,normalize,True,job_1,normalize,[],[],[]
trial-e3d16720d0c7a9d1,normalize_middle_record_omission,D08-S0-B1,D08,2,True,job_1,normalize,True,job_1,normalize,[],[],[]
trial-b67910681c58b4d0,normalize_middle_record_omission,D09-S0-B0,D09,2,True,job_1,normalize,True,job_1,normalize,[],[],[]
trial-99f18824dbec6f83,normalize_middle_record_omission,D09-S0-B1,D09,2,True,job_1,normalize,True,job_1,normalize,[],[],[]
trial-267972817bb26699,normalize_middle_record_omission,D11-S0-B0,D11,2,True,job_1,normalize,True,job_1,normalize,[],[],[]
trial-79e89dcb1319b973,normalize_middle_record_omission,D11-S0-B1,D11,2,True,job_1,normalize,True,job_1,normalize,[],[],[]
trial-fa783e43ea73526b,normalize_middle_record_omission,D12-S0-B0,D12,2,True,job_1,normalize,True,job_1,normalize,"[""grp-f72abea51ad809e3""]","[[""capture-attempt-003-1023991357291ecc:function:000004"", ""capture-attempt-003-1023991357291ecc:state:000004"", ""capture-attempt-003-1023991357291ecc:state:000005"", ""capture-attempt-003-1023991357291ecc:state:000006"", ""capture-attempt-003-1023991357291ecc:state:000007"", ""capture-attempt-003-1023991357291ecc:state:000008"", ""capture-attempt-003-1023991357291ecc:state:000009"", ""capture-attempt-003-1023991357291ecc:state:000010"", ""capture-attempt-003-1023991357291ecc:state:000011""]]",[]
trial-67654f5ce82d057a,normalize_middle_record_omission,D12-S0-B1,D12,2,True,job_1,normalize,True,job_1,normalize,"[""grp-f72abea51ad809e3""]","[[""capture-attempt-003-1023991357291ecc:function:000004"", ""capture-attempt-003-1023991357291ecc:state:000004"", ""capture-attempt-003-1023991357291ecc:state:000005"", ""capture-attempt-003-1023991357291ecc:state:000006"", ""capture-attempt-003-1023991357291ecc:state:000007"", ""capture-attempt-003-1023991357291ecc:state:000008"", ""capture-attempt-003-1023991357291ecc:state:000009"", ""capture-attempt-003-1023991357291ecc:state:000010"", ""capture-attempt-003-1023991357291ecc:state:000011""]]",[]
trial-eae8ad83dbbb2147,provenance_ranking_reversal,C06-S0-B0,C06,2,True,job_1,assemble_provenance,True,job_1,assemble_provenance,"[""grp-6eea33f30da0cad2""]","[[""capture-attempt-004-4511de5d77cf4cd0:function:000004"", ""capture-attempt-004-4511de5d77cf4cd0:state:000004"", ""capture-attempt-004-4511de5d77cf4cd0:state:000005"", ""capture-attempt-004-4511de5d77cf4cd0:state:000006"", ""capture-attempt-004-4511de5d77cf4cd0:state:000007"", ""capture-attempt-004-4511de5d77cf4cd0:state:000008"", ""capture-attempt-004-4511de5d77cf4cd0:state:000009"", ""capture-attempt-004-4511de5d77cf4cd0:state:000010"", ""capture-attempt-004-4511de5d77cf4cd0:state:000011""]]",[]
trial-c5c4d806f85c067a,provenance_ranking_reversal,C06-S0-B1,C06,2,True,job_1,assemble_provenance,True,job_1,assemble_provenance,"[""grp-6eea33f30da0cad2""]","[[""capture-attempt-004-4511de5d77cf4cd0:function:000004"", ""capture-attempt-004-4511de5d77cf4cd0:state:000004"", ""capture-attempt-004-4511de5d77cf4cd0:state:000005"", ""capture-attempt-004-4511de5d77cf4cd0:state:000006"", ""capture-attempt-004-4511de5d77cf4cd0:state:000007"", ""capture-attempt-004-4511de5d77cf4cd0:state:000008"", ""capture-attempt-004-4511de5d77cf4cd0:state:000009"", ""capture-attempt-004-4511de5d77cf4cd0:state:000010"", ""capture-attempt-004-4511de5d77cf4cd0:state:000011""]]",[]
trial-81d19c66a6d830a5,provenance_ranking_reversal,C06-S1-B0,C06,2,True,job_1,assemble_provenance,True,job_1,assemble_provenance,"[""grp-6eea33f30da0cad2""]","[[""capture-attempt-004-4511de5d77cf4cd0:function:000004"", ""capture-attempt-004-4511de5d77cf4cd0:state:000004"", ""capture-attempt-004-4511de5d77cf4cd0:state:000005"", ""capture-attempt-004-4511de5d77cf4cd0:state:000006"", ""capture-attempt-004-4511de5d77cf4cd0:state:000007"", ""capture-attempt-004-4511de5d77cf4cd0:state:000008"", ""capture-attempt-004-4511de5d77cf4cd0:state:000009"", ""capture-attempt-004-4511de5d77cf4cd0:state:000010"", ""capture-attempt-004-4511de5d77cf4cd0:state:000011""]]",[]
trial-acb8326a0321e4c1,provenance_ranking_reversal,C06-S1-B1,C06,2,True,job_1,assemble_provenance,True,job_1,assemble_provenance,"[""grp-6eea33f30da0cad2""]","[[""capture-attempt-004-4511de5d77cf4cd0:function:000004"", ""capture-attempt-004-4511de5d77cf4cd0:state:000004"", ""capture-attempt-004-4511de5d77cf4cd0:state:000005"", ""capture-attempt-004-4511de5d77cf4cd0:state:000006"", ""capture-attempt-004-4511de5d77cf4cd0:state:000007"", ""capture-attempt-004-4511de5d77cf4cd0:state:000008"", ""capture-attempt-004-4511de5d77cf4cd0:state:000009"", ""capture-attempt-004-4511de5d77cf4cd0:state:000010"", ""capture-attempt-004-4511de5d77cf4cd0:state:000011""]]",[]
trial-303ea3e87b7c187a,provenance_ranking_reversal,C07-S0-B0,C07,2,True,job_1,assemble_provenance,True,job_1,assemble_provenance,[],[[]],[]
trial-68d7757a67fda7a4,provenance_ranking_reversal,C07-S0-B1,C07,2,True,job_1,assemble_provenance,True,job_1,assemble_provenance,[],[[]],[]
trial-ba7937346e833f13,provenance_ranking_reversal,C07-S1-B0,C07,2,True,job_1,assemble_provenance,True,job_1,assemble_provenance,[],[[]],[]
trial-fc1aed09290a1a87,provenance_ranking_reversal,C07-S1-B1,C07,2,True,job_1,assemble_provenance,True,job_1,assemble_provenance,[],[[]],[]
trial-a6952b76a44a905b,provenance_ranking_reversal,D05-S0-B0,D05,2,True,job_1,assemble_provenance,True,job_1,assemble_provenance,[],[],[]
trial-5ba711ce46369e4d,provenance_ranking_reversal,D05-S0-B1,D05,2,True,job_1,assemble_provenance,True,job_1,assemble_provenance,[],[],[]
trial-00a359e63c5b1019,provenance_ranking_reversal,D06-S0-B0,D06,2,True,job_1,assemble_provenance,True,job_1,assemble_provenance,[],[],[]
trial-dd9e33dde68db5c8,provenance_ranking_reversal,D06-S0-B1,D06,2,True,job_1,assemble_provenance,True,job_1,assemble_provenance,[],[],[]
trial-da82f336b8a28a1b,provenance_ranking_reversal,D07-S0-B0,D07,2,True,job_1,assemble_provenance,True,job_1,assemble_provenance,[],[],[]
trial-92b9198996d78d2f,provenance_ranking_reversal,D07-S0-B1,D07,2,True,job_1,assemble_provenance,True,job_1,assemble_provenance,[],[],[]
trial-e942e2a5481b89d0,provenance_ranking_reversal,D08-S0-B0,D08,2,True,job_1,assemble_provenance,True,job_1,assemble_provenance,[],[],[]
trial-1872fcc7ec2b11fa,provenance_ranking_reversal,D08-S0-B1,D08,2,True,job_1,assemble_provenance,True,job_1,assemble_provenance,[],[],[]
trial-7b7fc8e30348c44d,provenance_ranking_reversal,D09-S0-B0,D09,2,True,job_1,assemble_provenance,True,job_1,assemble_provenance,[],[],[]
trial-c28871edb5e8fd1b,provenance_ranking_reversal,D09-S0-B1,D09,2,True,job_1,assemble_provenance,True,job_1,assemble_provenance,[],[],[]
trial-f47871d73c25d899,provenance_ranking_reversal,D11-S0-B0,D11,2,True,job_1,assemble_provenance,True,job_1,assemble_provenance,[],[],[]
trial-1924ed43a99a3883,provenance_ranking_reversal,D11-S0-B1,D11,2,True,job_1,assemble_provenance,True,job_1,assemble_provenance,[],[],[]
trial-c557adc5d9ffc86c,provenance_ranking_reversal,D12-S0-B0,D12,2,True,job_1,assemble_provenance,True,job_1,assemble_provenance,"[""grp-6eea33f30da0cad2""]","[[""capture-attempt-004-4511de5d77cf4cd0:function:000004"", ""capture-attempt-004-4511de5d77cf4cd0:state:000004"", ""capture-attempt-004-4511de5d77cf4cd0:state:000005"", ""capture-attempt-004-4511de5d77cf4cd0:state:000006"", ""capture-attempt-004-4511de5d77cf4cd0:state:000007"", ""capture-attempt-004-4511de5d77cf4cd0:state:000008"", ""capture-attempt-004-4511de5d77cf4cd0:state:000009"", ""capture-attempt-004-4511de5d77cf4cd0:state:000010"", ""capture-attempt-004-4511de5d77cf4cd0:state:000011""]]",[]
trial-32b11b9cba3c5a58,provenance_ranking_reversal,D12-S0-B1,D12,2,True,job_1,assemble_provenance,True,job_1,assemble_provenance,"[""grp-6eea33f30da0cad2""]","[[""capture-attempt-004-4511de5d77cf4cd0:function:000004"", ""capture-attempt-004-4511de5d77cf4cd0:state:000004"", ""capture-attempt-004-4511de5d77cf4cd0:state:000005"", ""capture-attempt-004-4511de5d77cf4cd0:state:000006"", ""capture-attempt-004-4511de5d77cf4cd0:state:000007"", ""capture-attempt-004-4511de5d77cf4cd0:state:000008"", ""capture-attempt-004-4511de5d77cf4cd0:state:000009"", ""capture-attempt-004-4511de5d77cf4cd0:state:000010"", ""capture-attempt-004-4511de5d77cf4cd0:state:000011""]]",[]
trial-75b3f54622fbdd96,provenance_join_identity,C06-S0-B0,C06,2,True,job_1,assemble_provenance,True,job_1,assemble_provenance,"[""grp-f25c568f0b27e483""]","[[""capture-attempt-005-2e42c304afc79786:function:000015"", ""capture-attempt-005-2e42c304afc79786:state:000016"", ""capture-attempt-005-2e42c304afc79786:state:000017"", ""capture-attempt-005-2e42c304afc79786:state:000018"", ""capture-attempt-005-2e42c304afc79786:state:000019"", ""capture-attempt-005-2e42c304afc79786:state:000020"", ""capture-attempt-005-2e42c304afc79786:state:000021"", ""capture-attempt-005-2e42c304afc79786:state:000022"", ""capture-attempt-005-2e42c304afc79786:state:000023""]]",[]
trial-3e59fd2dcc3203bf,provenance_join_identity,C06-S0-B1,C06,2,True,job_1,assemble_provenance,True,job_1,assemble_provenance,"[""grp-f25c568f0b27e483""]","[[""capture-attempt-005-2e42c304afc79786:function:000015"", ""capture-attempt-005-2e42c304afc79786:state:000016"", ""capture-attempt-005-2e42c304afc79786:state:000017"", ""capture-attempt-005-2e42c304afc79786:state:000018"", ""capture-attempt-005-2e42c304afc79786:state:000019"", ""capture-attempt-005-2e42c304afc79786:state:000020"", ""capture-attempt-005-2e42c304afc79786:state:000021"", ""capture-attempt-005-2e42c304afc79786:state:000022"", ""capture-attempt-005-2e42c304afc79786:state:000023""]]",[]
trial-ae6b1306265bbe74,provenance_join_identity,C06-S1-B0,C06,2,True,job_1,assemble_provenance,True,job_1,assemble_provenance,"[""grp-f25c568f0b27e483""]","[[""capture-attempt-005-2e42c304afc79786:function:000015"", ""capture-attempt-005-2e42c304afc79786:state:000016"", ""capture-attempt-005-2e42c304afc79786:state:000017"", ""capture-attempt-005-2e42c304afc79786:state:000018"", ""capture-attempt-005-2e42c304afc79786:state:000019"", ""capture-attempt-005-2e42c304afc79786:state:000020"", ""capture-attempt-005-2e42c304afc79786:state:000021"", ""capture-attempt-005-2e42c304afc79786:state:000022"", ""capture-attempt-005-2e42c304afc79786:state:000023""]]",[]
trial-b3418b92fc9d0a54,provenance_join_identity,C06-S1-B1,C06,2,True,job_1,assemble_provenance,True,job_1,assemble_provenance,"[""grp-f25c568f0b27e483""]","[[""capture-attempt-005-2e42c304afc79786:function:000015"", ""capture-attempt-005-2e42c304afc79786:state:000016"", ""capture-attempt-005-2e42c304afc79786:state:000017"", ""capture-attempt-005-2e42c304afc79786:state:000018"", ""capture-attempt-005-2e42c304afc79786:state:000019"", ""capture-attempt-005-2e42c304afc79786:state:000020"", ""capture-attempt-005-2e42c304afc79786:state:000021"", ""capture-attempt-005-2e42c304afc79786:state:000022"", ""capture-attempt-005-2e42c304afc79786:state:000023""]]",[]
trial-7d169f2417eb8186,provenance_join_identity,C07-S0-B0,C07,2,True,job_1,assemble_provenance,True,job_1,assemble_provenance,[],[[]],[]
trial-ea4800d4dce32e9e,provenance_join_identity,C07-S0-B1,C07,2,True,job_1,assemble_provenance,True,job_1,assemble_provenance,[],[[]],[]
trial-bb2a7c9ed6d6e84a,provenance_join_identity,C07-S1-B0,C07,2,True,job_1,assemble_provenance,True,job_1,assemble_provenance,[],[[]],[]
trial-ebe0c57fadf724d8,provenance_join_identity,C07-S1-B1,C07,2,True,job_1,assemble_provenance,True,job_1,assemble_provenance,[],[[]],[]
trial-4b13813dfb3b3544,provenance_join_identity,D05-S0-B0,D05,2,True,job_1,assemble_provenance,True,job_1,assemble_provenance,[],[],[]
trial-cc6d228a3d5b0921,provenance_join_identity,D05-S0-B1,D05,2,True,job_1,assemble_provenance,True,job_1,assemble_provenance,[],[],[]
trial-aa63ff915f383e19,provenance_join_identity,D06-S0-B0,D06,2,True,job_1,assemble_provenance,True,job_1,assemble_provenance,[],[],[]
trial-28157819f7e89717,provenance_join_identity,D06-S0-B1,D06,2,True,job_1,assemble_provenance,True,job_1,assemble_provenance,[],[],[]
trial-e2e898146d34dea1,provenance_join_identity,D07-S0-B0,D07,2,True,job_1,assemble_provenance,True,job_1,assemble_provenance,[],[],[]
trial-2ddb040ff31e4c77,provenance_join_identity,D07-S0-B1,D07,2,True,job_1,assemble_provenance,True,job_1,assemble_provenance,[],[],[]
trial-ce0d9f990df5caf4,provenance_join_identity,D08-S0-B0,D08,2,True,job_1,assemble_provenance,True,job_1,assemble_provenance,[],[],[]
trial-c1f0adf02b4bfd7a,provenance_join_identity,D08-S0-B1,D08,2,True,job_1,assemble_provenance,True,job_1,assemble_provenance,[],[],[]
trial-d5b7eb9e72da2e30,provenance_join_identity,D09-S0-B0,D09,2,True,job_1,assemble_provenance,True,job_1,assemble_provenance,[],[],[]
trial-c9f90e801fb2fe3c,provenance_join_identity,D09-S0-B1,D09,2,True,job_1,assemble_provenance,True,job_1,assemble_provenance,[],[],[]
trial-7caa28979aab7675,provenance_join_identity,D11-S0-B0,D11,2,True,job_1,assemble_provenance,True,job_1,assemble_provenance,[],[],[]
trial-5238df2399a20d72,provenance_join_identity,D11-S0-B1,D11,2,True,job_1,assemble_provenance,True,job_1,assemble_provenance,[],[],[]
trial-f1d81d8d4e075a04,provenance_join_identity,D12-S0-B0,D12,2,True,job_1,assemble_provenance,True,job_1,assemble_provenance,"[""grp-f25c568f0b27e483""]","[[""capture-attempt-005-2e42c304afc79786:function:000015"", ""capture-attempt-005-2e42c304afc79786:state:000016"", ""capture-attempt-005-2e42c304afc79786:state:000017"", ""capture-attempt-005-2e42c304afc79786:state:000018"", ""capture-attempt-005-2e42c304afc79786:state:000019"", ""capture-attempt-005-2e42c304afc79786:state:000020"", ""capture-attempt-005-2e42c304afc79786:state:000021"", ""capture-attempt-005-2e42c304afc79786:state:000022"", ""capture-attempt-005-2e42c304afc79786:state:000023""]]",[]
trial-090e5fc5d0325a4b,provenance_join_identity,D12-S0-B1,D12,2,True,job_1,assemble_provenance,True,job_1,assemble_provenance,"[""grp-f25c568f0b27e483""]","[[""capture-attempt-005-2e42c304afc79786:function:000015"", ""capture-attempt-005-2e42c304afc79786:state:000016"", ""capture-attempt-005-2e42c304afc79786:state:000017"", ""capture-attempt-005-2e42c304afc79786:state:000018"", ""capture-attempt-005-2e42c304afc79786:state:000019"", ""capture-attempt-005-2e42c304afc79786:state:000020"", ""capture-attempt-005-2e42c304afc79786:state:000021"", ""capture-attempt-005-2e42c304afc79786:state:000022"", ""capture-attempt-005-2e42c304afc79786:state:000023""]]",[]
trial-53278475e894c4cf,n16-clean-control,C06-S0-B0,C06,2,False,,,False,,,"[""grp-fd57ac6176182355""]","[[""capture-attempt-001-270a4bf9ce9de3cc:function:000006"", ""capture-attempt-001-270a4bf9ce9de3cc:state:000007"", ""capture-attempt-001-270a4bf9ce9de3cc:state:000008"", ""capture-attempt-001-270a4bf9ce9de3cc:state:000009"", ""capture-attempt-001-270a4bf9ce9de3cc:state:000010"", ""capture-attempt-001-270a4bf9ce9de3cc:state:000011"", ""capture-attempt-001-270a4bf9ce9de3cc:state:000012"", ""capture-attempt-001-270a4bf9ce9de3cc:state:000013"", ""capture-attempt-001-270a4bf9ce9de3cc:state:000014""]]",[]
trial-ca9880bc79bc2c79,n16-clean-control,C06-S0-B1,C06,2,False,,,False,,,"[""grp-fd57ac6176182355""]","[[""capture-attempt-001-270a4bf9ce9de3cc:function:000006"", ""capture-attempt-001-270a4bf9ce9de3cc:state:000007"", ""capture-attempt-001-270a4bf9ce9de3cc:state:000008"", ""capture-attempt-001-270a4bf9ce9de3cc:state:000009"", ""capture-attempt-001-270a4bf9ce9de3cc:state:000010"", ""capture-attempt-001-270a4bf9ce9de3cc:state:000011"", ""capture-attempt-001-270a4bf9ce9de3cc:state:000012"", ""capture-attempt-001-270a4bf9ce9de3cc:state:000013"", ""capture-attempt-001-270a4bf9ce9de3cc:state:000014""]]",[]
trial-a0520cba9a3db70c,n16-clean-control,C06-S1-B0,C06,2,False,,,False,,,"[""grp-aceb9d84ebd21b02""]","[[""capture-attempt-001-70a94eef39796caa:function:000015"", ""capture-attempt-001-70a94eef39796caa:state:000016"", ""capture-attempt-001-70a94eef39796caa:state:000017"", ""capture-attempt-001-70a94eef39796caa:state:000018"", ""capture-attempt-001-70a94eef39796caa:state:000019"", ""capture-attempt-001-70a94eef39796caa:state:000020"", ""capture-attempt-001-70a94eef39796caa:state:000021"", ""capture-attempt-001-70a94eef39796caa:state:000022"", ""capture-attempt-001-70a94eef39796caa:state:000023""]]",[]
trial-5b513a64cc98afbf,n16-clean-control,C06-S1-B1,C06,2,False,,,False,,,"[""grp-fd57ac6176182355""]","[[""capture-attempt-001-270a4bf9ce9de3cc:function:000006"", ""capture-attempt-001-270a4bf9ce9de3cc:state:000007"", ""capture-attempt-001-270a4bf9ce9de3cc:state:000008"", ""capture-attempt-001-270a4bf9ce9de3cc:state:000009"", ""capture-attempt-001-270a4bf9ce9de3cc:state:000010"", ""capture-attempt-001-270a4bf9ce9de3cc:state:000011"", ""capture-attempt-001-270a4bf9ce9de3cc:state:000012"", ""capture-attempt-001-270a4bf9ce9de3cc:state:000013"", ""capture-attempt-001-270a4bf9ce9de3cc:state:000014""]]",[]
trial-70e5f28793bad13d,n16-clean-control,C07-S0-B0,C07,2,False,,,False,,,[],[[]],[]
trial-5baf1321b96ee0ef,n16-clean-control,C07-S0-B1,C07,2,False,,,False,,,[],[[]],[]
trial-85a0863ce8008056,n16-clean-control,C07-S1-B0,C07,2,False,,,False,,,[],[[]],[]
trial-cc0466f11cb82fb2,n16-clean-control,C07-S1-B1,C07,2,False,,,False,,,[],[[]],[]
trial-e70edf5c213025f9,n16-clean-control,D05-S0-B0,D05,2,False,,,False,,,[],[],[]
trial-672fa039bf3940cf,n16-clean-control,D05-S0-B1,D05,2,False,,,False,,,[],[],[]
trial-2bcd77c6eb3536a9,n16-clean-control,D06-S0-B0,D06,2,False,,,False,,,[],[],[]
trial-e2f1da2dc11bc79f,n16-clean-control,D06-S0-B1,D06,2,False,,,False,,,[],[],[]
trial-6c93b390b7793f9a,n16-clean-control,D07-S0-B0,D07,2,False,,,False,,,[],[],[]
trial-7a3f644efef7e698,n16-clean-control,D07-S0-B1,D07,2,False,,,False,,,[],[],[]
trial-38406e43845b6498,n16-clean-control,D08-S0-B0,D08,2,False,,,False,,,[],[],[]
trial-19f33a0646ec21ad,n16-clean-control,D08-S0-B1,D08,2,False,,,False,,,[],[],[]
trial-0e38a7dcf5923851,n16-clean-control,D09-S0-B0,D09,2,False,,,False,,,[],[],[]
trial-8d80889e1dbb2cd5,n16-clean-control,D09-S0-B1,D09,2,False,,,False,,,[],[],[]
trial-cbc5f02bb9fb5697,n16-clean-control,D11-S0-B0,D11,2,False,,,False,,,[],[],[]
trial-3f359ec9256c03c3,n16-clean-control,D11-S0-B1,D11,2,False,,,False,,,[],[],[]
trial-78b2f6bef8c34e2a,n16-clean-control,D12-S0-B0,D12,2,False,,,False,,,"[""grp-aceb9d84ebd21b02""]","[[""capture-attempt-001-70a94eef39796caa:function:000015"", ""capture-attempt-001-70a94eef39796caa:state:000016"", ""capture-attempt-001-70a94eef39796caa:state:000017"", ""capture-attempt-001-70a94eef39796caa:state:000018"", ""capture-attempt-001-70a94eef39796caa:state:000019"", ""capture-attempt-001-70a94eef39796caa:state:000020"", ""capture-attempt-001-70a94eef39796caa:state:000021"", ""capture-attempt-001-70a94eef39796caa:state:000022"", ""capture-attempt-001-70a94eef39796caa:state:000023""]]",[]
trial-958f013f197a4678,n16-clean-control,D12-S0-B1,D12,2,False,,,False,,,"[""grp-fd57ac6176182355""]","[[""capture-attempt-001-270a4bf9ce9de3cc:function:000006"", ""capture-attempt-001-270a4bf9ce9de3cc:state:000007"", ""capture-attempt-001-270a4bf9ce9de3cc:state:000008"", ""capture-attempt-001-270a4bf9ce9de3cc:state:000009"", ""capture-attempt-001-270a4bf9ce9de3cc:state:000010"", ""capture-attempt-001-270a4bf9ce9de3cc:state:000011"", ""capture-attempt-001-270a4bf9ce9de3cc:state:000012"", ""capture-attempt-001-270a4bf9ce9de3cc:state:000013"", ""capture-attempt-001-270a4bf9ce9de3cc:state:000014""]]",[]
trial-f325797108f0aa9b,select_threshold_omission,C06-S0-B0,C06,2,True,job_1,select_demand,True,job_1,select_demand,"[""grp-9f1f5c0739652038""]","[[""capture-attempt-000-3f9e8ad27c5311ce:function:000004"", ""capture-attempt-000-3f9e8ad27c5311ce:state:000004"", ""capture-attempt-000-3f9e8ad27c5311ce:state:000005"", ""capture-attempt-000-3f9e8ad27c5311ce:state:000006"", ""capture-attempt-000-3f9e8ad27c5311ce:state:000007"", ""capture-attempt-000-3f9e8ad27c5311ce:state:000008"", ""capture-attempt-000-3f9e8ad27c5311ce:state:000009"", ""capture-attempt-000-3f9e8ad27c5311ce:state:000010""]]",[]
trial-59bc5f1d14e63b1b,select_threshold_omission,C06-S0-B1,C06,2,False,,,True,job_1,select_demand,"[""grp-9f1f5c0739652038""]","[[""capture-attempt-000-3f9e8ad27c5311ce:function:000004"", ""capture-attempt-000-3f9e8ad27c5311ce:state:000004"", ""capture-attempt-000-3f9e8ad27c5311ce:state:000005"", ""capture-attempt-000-3f9e8ad27c5311ce:state:000006"", ""capture-attempt-000-3f9e8ad27c5311ce:state:000007"", ""capture-attempt-000-3f9e8ad27c5311ce:state:000008"", ""capture-attempt-000-3f9e8ad27c5311ce:state:000009"", ""capture-attempt-000-3f9e8ad27c5311ce:state:000010""]]",[]
trial-4808af8653b4f043,select_threshold_omission,C06-S1-B0,C06,2,False,,,True,job_1,select_demand,"[""grp-9f1f5c0739652038""]","[[""capture-attempt-000-3f9e8ad27c5311ce:function:000004"", ""capture-attempt-000-3f9e8ad27c5311ce:state:000004"", ""capture-attempt-000-3f9e8ad27c5311ce:state:000005"", ""capture-attempt-000-3f9e8ad27c5311ce:state:000006"", ""capture-attempt-000-3f9e8ad27c5311ce:state:000007"", ""capture-attempt-000-3f9e8ad27c5311ce:state:000008"", ""capture-attempt-000-3f9e8ad27c5311ce:state:000009"", ""capture-attempt-000-3f9e8ad27c5311ce:state:000010""]]",[]
trial-fa395432dcb6b2d8,select_threshold_omission,C06-S1-B1,C06,2,False,,,False,,,"[""grp-5f6906f7cf435c5f""]","[[""capture-attempt-000-e639e66fd73f8790:function:000014"", ""capture-attempt-000-e639e66fd73f8790:state:000016"", ""capture-attempt-000-e639e66fd73f8790:state:000017"", ""capture-attempt-000-e639e66fd73f8790:state:000018"", ""capture-attempt-000-e639e66fd73f8790:state:000019"", ""capture-attempt-000-e639e66fd73f8790:state:000020"", ""capture-attempt-000-e639e66fd73f8790:state:000021"", ""capture-attempt-000-e639e66fd73f8790:state:000022""]]",[]
trial-70ac5c1becda1438,select_threshold_omission,C07-S0-B0,C07,2,True,job_1,select_demand,True,job_1,select_demand,[],[[]],[]
trial-154af0798c4fefda,select_threshold_omission,C07-S0-B1,C07,2,False,,,False,,,[],[[]],[]
trial-3974531fcd9fe3f9,select_threshold_omission,C07-S1-B0,C07,2,True,job_1,select_demand,True,job_1,select_demand,[],[[]],[]
trial-fc9fb1aaa9b177a3,select_threshold_omission,C07-S1-B1,C07,2,False,,,True,job_1,select_demand,[],[[]],[]
trial-5220ee10582c9933,select_threshold_omission,D05-S0-B0,D05,2,False,,,False,,,[],[],[]
trial-c8909341c5be3d02,select_threshold_omission,D05-S0-B1,D05,2,False,,,False,,,[],[],[]
trial-46a31400e0a0266f,select_threshold_omission,D06-S0-B0,D06,2,True,job_1,select_demand,True,job_1,select_demand,[],[],[]
trial-306a0fa23e1a1757,select_threshold_omission,D06-S0-B1,D06,2,False,,,False,,,[],[],[]
trial-e07e7c3a2b22f502,select_threshold_omission,D07-S0-B0,D07,2,False,,,False,,,[],[],[]
trial-0fe26f538a3a69d7,select_threshold_omission,D07-S0-B1,D07,2,False,,,False,,,[],[],[]
trial-b6ab5ee9b0e8ef51,select_threshold_omission,D08-S0-B0,D08,2,False,,,False,,,[],[],[]
trial-3b3922fd18fbf9e9,select_threshold_omission,D08-S0-B1,D08,2,False,,,False,,,[],[],[]
trial-65807b799f89cd72,select_threshold_omission,D09-S0-B0,D09,2,True,job_1,select_demand,True,job_1,select_demand,[],[],[]
trial-48f44ad64dc40825,select_threshold_omission,D09-S0-B1,D09,2,False,,,False,,,[],[],[]
trial-11acf7b85cfa165d,select_threshold_omission,D11-S0-B0,D11,2,False,,,False,,,[],[],[]
trial-17877097f32f810d,select_threshold_omission,D11-S0-B1,D11,2,False,,,False,,,[],[],[]
trial-7e3c70eafcea836f,select_threshold_omission,D12-S0-B0,D12,2,False,,,False,,,"[""grp-9f1f5c0739652038""]","[[""capture-attempt-000-3f9e8ad27c5311ce:function:000004"", ""capture-attempt-000-3f9e8ad27c5311ce:state:000004"", ""capture-attempt-000-3f9e8ad27c5311ce:state:000005"", ""capture-attempt-000-3f9e8ad27c5311ce:state:000006"", ""capture-attempt-000-3f9e8ad27c5311ce:state:000007"", ""capture-attempt-000-3f9e8ad27c5311ce:state:000008"", ""capture-attempt-000-3f9e8ad27c5311ce:state:000009"", ""capture-attempt-000-3f9e8ad27c5311ce:state:000010""]]",[]
trial-26c9c34e99333dc2,select_threshold_omission,D12-S0-B1,D12,2,False,,,False,,,"[""grp-5f6906f7cf435c5f""]","[[""capture-attempt-000-e639e66fd73f8790:function:000014"", ""capture-attempt-000-e639e66fd73f8790:state:000016"", ""capture-attempt-000-e639e66fd73f8790:state:000017"", ""capture-attempt-000-e639e66fd73f8790:state:000018"", ""capture-attempt-000-e639e66fd73f8790:state:000019"", ""capture-attempt-000-e639e66fd73f8790:state:000020"", ""capture-attempt-000-e639e66fd73f8790:state:000021"", ""capture-attempt-000-e639e66fd73f8790:state:000022""]]",[]
trial-c5da004df18bf10c,normalize_top_record_omission,C06-S0-B0,C06,3,True,job_1,normalize,True,job_1,normalize,"[""grp-1106ab4fc782bccd""]","[[""capture-attempt-002-6b948ba24036af32:function:000015"", ""capture-attempt-002-6b948ba24036af32:state:000016"", ""capture-attempt-002-6b948ba24036af32:state:000017"", ""capture-attempt-002-6b948ba24036af32:state:000018"", ""capture-attempt-002-6b948ba24036af32:state:000019"", ""capture-attempt-002-6b948ba24036af32:state:000020"", ""capture-attempt-002-6b948ba24036af32:state:000021"", ""capture-attempt-002-6b948ba24036af32:state:000022"", ""capture-attempt-002-6b948ba24036af32:state:000023""]]",[]
trial-57121eba96c5937f,normalize_top_record_omission,C06-S0-B1,C06,3,True,job_1,normalize,True,job_1,normalize,"[""grp-1106ab4fc782bccd""]","[[""capture-attempt-002-6b948ba24036af32:function:000015"", ""capture-attempt-002-6b948ba24036af32:state:000016"", ""capture-attempt-002-6b948ba24036af32:state:000017"", ""capture-attempt-002-6b948ba24036af32:state:000018"", ""capture-attempt-002-6b948ba24036af32:state:000019"", ""capture-attempt-002-6b948ba24036af32:state:000020"", ""capture-attempt-002-6b948ba24036af32:state:000021"", ""capture-attempt-002-6b948ba24036af32:state:000022"", ""capture-attempt-002-6b948ba24036af32:state:000023""]]",[]
trial-b892b66de39753ae,normalize_top_record_omission,C06-S1-B0,C06,3,True,job_1,normalize,True,job_1,normalize,"[""grp-1106ab4fc782bccd""]","[[""capture-attempt-002-6b948ba24036af32:function:000015"", ""capture-attempt-002-6b948ba24036af32:state:000016"", ""capture-attempt-002-6b948ba24036af32:state:000017"", ""capture-attempt-002-6b948ba24036af32:state:000018"", ""capture-attempt-002-6b948ba24036af32:state:000019"", ""capture-attempt-002-6b948ba24036af32:state:000020"", ""capture-attempt-002-6b948ba24036af32:state:000021"", ""capture-attempt-002-6b948ba24036af32:state:000022"", ""capture-attempt-002-6b948ba24036af32:state:000023""]]",[]
trial-8f3880643d374202,normalize_top_record_omission,C06-S1-B1,C06,3,True,job_1,normalize,True,job_1,normalize,"[""grp-1106ab4fc782bccd""]","[[""capture-attempt-002-6b948ba24036af32:function:000015"", ""capture-attempt-002-6b948ba24036af32:state:000016"", ""capture-attempt-002-6b948ba24036af32:state:000017"", ""capture-attempt-002-6b948ba24036af32:state:000018"", ""capture-attempt-002-6b948ba24036af32:state:000019"", ""capture-attempt-002-6b948ba24036af32:state:000020"", ""capture-attempt-002-6b948ba24036af32:state:000021"", ""capture-attempt-002-6b948ba24036af32:state:000022"", ""capture-attempt-002-6b948ba24036af32:state:000023""]]",[]
trial-53c8d6641ab5605c,normalize_top_record_omission,C07-S0-B0,C07,3,True,job_1,normalize,True,job_1,normalize,[],[[]],[]
trial-8797322cbec55206,normalize_top_record_omission,C07-S0-B1,C07,3,True,job_1,normalize,True,job_1,normalize,[],[[]],[]
trial-495d325a7ed2455d,normalize_top_record_omission,C07-S1-B0,C07,3,True,job_1,normalize,True,job_1,normalize,[],[[]],[]
trial-1ae6abbf8e40c094,normalize_top_record_omission,C07-S1-B1,C07,3,True,job_1,normalize,True,job_1,normalize,[],[[]],[]
trial-1c937cc1bf99c1e8,normalize_top_record_omission,D05-S0-B0,D05,3,True,job_1,normalize,True,job_1,normalize,[],[],[]
trial-5a461b4a3f132b66,normalize_top_record_omission,D05-S0-B1,D05,3,True,job_1,normalize,True,job_1,normalize,[],[],[]
trial-3993d0b7c05fe113,normalize_top_record_omission,D06-S0-B0,D06,3,True,job_1,normalize,True,job_1,normalize,[],[],[]
trial-fe967893020aeaf5,normalize_top_record_omission,D06-S0-B1,D06,3,True,job_1,normalize,True,job_1,normalize,[],[],[]
trial-2dd5eb89fad0c6fd,normalize_top_record_omission,D07-S0-B0,D07,3,True,job_1,normalize,True,job_1,normalize,[],[],[]
trial-6c0fb40887d74f4d,normalize_top_record_omission,D07-S0-B1,D07,3,True,job_1,normalize,True,job_1,normalize,[],[],[]
trial-5cb28065913e3047,normalize_top_record_omission,D08-S0-B0,D08,3,True,job_1,normalize,True,job_1,normalize,[],[],[]
trial-336eaef2da52f5f2,normalize_top_record_omission,D08-S0-B1,D08,3,True,job_1,normalize,True,job_1,normalize,[],[],[]
trial-5368eec9fc919a7c,normalize_top_record_omission,D09-S0-B0,D09,3,True,job_1,normalize,True,job_1,normalize,[],[],[]
trial-56f1952a060e85c5,normalize_top_record_omission,D09-S0-B1,D09,3,True,job_1,normalize,True,job_1,normalize,[],[],[]
trial-ee939b8868c1a125,normalize_top_record_omission,D11-S0-B0,D11,3,True,job_1,normalize,True,job_1,normalize,[],[],[]
trial-98f49c383eb9a2ad,normalize_top_record_omission,D11-S0-B1,D11,3,True,job_1,normalize,True,job_1,normalize,[],[],[]
trial-98982d835f8a6b62,normalize_top_record_omission,D12-S0-B0,D12,3,True,job_1,normalize,True,job_1,normalize,"[""grp-1106ab4fc782bccd""]","[[""capture-attempt-002-6b948ba24036af32:function:000015"", ""capture-attempt-002-6b948ba24036af32:state:000016"", ""capture-attempt-002-6b948ba24036af32:state:000017"", ""capture-attempt-002-6b948ba24036af32:state:000018"", ""capture-attempt-002-6b948ba24036af32:state:000019"", ""capture-attempt-002-6b948ba24036af32:state:000020"", ""capture-attempt-002-6b948ba24036af32:state:000021"", ""capture-attempt-002-6b948ba24036af32:state:000022"", ""capture-attempt-002-6b948ba24036af32:state:000023""]]",[]
trial-93bbe320c482e99a,normalize_top_record_omission,D12-S0-B1,D12,3,True,job_1,normalize,True,job_1,normalize,"[""grp-1106ab4fc782bccd""]","[[""capture-attempt-002-6b948ba24036af32:function:000015"", ""capture-attempt-002-6b948ba24036af32:state:000016"", ""capture-attempt-002-6b948ba24036af32:state:000017"", ""capture-attempt-002-6b948ba24036af32:state:000018"", ""capture-attempt-002-6b948ba24036af32:state:000019"", ""capture-attempt-002-6b948ba24036af32:state:000020"", ""capture-attempt-002-6b948ba24036af32:state:000021"", ""capture-attempt-002-6b948ba24036af32:state:000022"", ""capture-attempt-002-6b948ba24036af32:state:000023""]]",[]
trial-1f0a6a8f73e553cc,normalize_middle_record_omission,C06-S0-B0,C06,3,True,job_1,normalize,True,job_1,normalize,"[""grp-f72abea51ad809e3""]","[[""capture-attempt-003-1023991357291ecc:function:000004"", ""capture-attempt-003-1023991357291ecc:state:000004"", ""capture-attempt-003-1023991357291ecc:state:000005"", ""capture-attempt-003-1023991357291ecc:state:000006"", ""capture-attempt-003-1023991357291ecc:state:000007"", ""capture-attempt-003-1023991357291ecc:state:000008"", ""capture-attempt-003-1023991357291ecc:state:000009"", ""capture-attempt-003-1023991357291ecc:state:000010"", ""capture-attempt-003-1023991357291ecc:state:000011""]]",[]
trial-9d1470706aee2ce0,normalize_middle_record_omission,C06-S0-B1,C06,3,True,job_1,normalize,True,job_1,normalize,"[""grp-f72abea51ad809e3""]","[[""capture-attempt-003-1023991357291ecc:function:000004"", ""capture-attempt-003-1023991357291ecc:state:000004"", ""capture-attempt-003-1023991357291ecc:state:000005"", ""capture-attempt-003-1023991357291ecc:state:000006"", ""capture-attempt-003-1023991357291ecc:state:000007"", ""capture-attempt-003-1023991357291ecc:state:000008"", ""capture-attempt-003-1023991357291ecc:state:000009"", ""capture-attempt-003-1023991357291ecc:state:000010"", ""capture-attempt-003-1023991357291ecc:state:000011""]]",[]
trial-009cd62fc0e1355b,normalize_middle_record_omission,C06-S1-B0,C06,3,True,job_1,normalize,True,job_1,normalize,"[""grp-f72abea51ad809e3""]","[[""capture-attempt-003-1023991357291ecc:function:000004"", ""capture-attempt-003-1023991357291ecc:state:000004"", ""capture-attempt-003-1023991357291ecc:state:000005"", ""capture-attempt-003-1023991357291ecc:state:000006"", ""capture-attempt-003-1023991357291ecc:state:000007"", ""capture-attempt-003-1023991357291ecc:state:000008"", ""capture-attempt-003-1023991357291ecc:state:000009"", ""capture-attempt-003-1023991357291ecc:state:000010"", ""capture-attempt-003-1023991357291ecc:state:000011""]]",[]
trial-bd65d09aba3a6197,normalize_middle_record_omission,C06-S1-B1,C06,3,True,job_1,normalize,True,job_1,normalize,"[""grp-f72abea51ad809e3""]","[[""capture-attempt-003-1023991357291ecc:function:000004"", ""capture-attempt-003-1023991357291ecc:state:000004"", ""capture-attempt-003-1023991357291ecc:state:000005"", ""capture-attempt-003-1023991357291ecc:state:000006"", ""capture-attempt-003-1023991357291ecc:state:000007"", ""capture-attempt-003-1023991357291ecc:state:000008"", ""capture-attempt-003-1023991357291ecc:state:000009"", ""capture-attempt-003-1023991357291ecc:state:000010"", ""capture-attempt-003-1023991357291ecc:state:000011""]]",[]
trial-864b359f1ced2ed9,normalize_middle_record_omission,C07-S0-B0,C07,3,True,job_1,normalize,True,job_1,normalize,[],[[]],[]
trial-8fe18795fab4a935,normalize_middle_record_omission,C07-S0-B1,C07,3,True,job_1,normalize,True,job_1,normalize,[],[[]],[]
trial-146c82c401a7e85b,normalize_middle_record_omission,C07-S1-B0,C07,3,True,job_1,normalize,True,job_1,normalize,[],[[]],[]
trial-53444aea70e7970f,normalize_middle_record_omission,C07-S1-B1,C07,3,True,job_1,normalize,True,job_1,normalize,[],[[]],[]
trial-6e62e951ce1368b5,normalize_middle_record_omission,D05-S0-B0,D05,3,True,job_1,normalize,True,job_1,normalize,[],[],[]
trial-71aa9dca978782f4,normalize_middle_record_omission,D05-S0-B1,D05,3,True,job_1,normalize,True,job_1,normalize,[],[],[]
trial-433de4f4c66dcfd2,normalize_middle_record_omission,D06-S0-B0,D06,3,True,job_1,normalize,True,job_1,normalize,[],[],[]
trial-e36d49a39d2727f6,normalize_middle_record_omission,D06-S0-B1,D06,3,True,job_1,normalize,True,job_1,normalize,[],[],[]
trial-a07621a87d54f4e2,normalize_middle_record_omission,D07-S0-B0,D07,3,True,job_1,normalize,True,job_1,normalize,[],[],[]
trial-0a3ec6a70e113676,normalize_middle_record_omission,D07-S0-B1,D07,3,True,job_1,normalize,True,job_1,normalize,[],[],[]
trial-6066cb900163b417,normalize_middle_record_omission,D08-S0-B0,D08,3,True,job_1,normalize,True,job_1,normalize,[],[],[]
trial-3df12d700f69cc96,normalize_middle_record_omission,D08-S0-B1,D08,3,True,job_1,normalize,True,job_1,normalize,[],[],[]
trial-66a1dca582dde9b2,normalize_middle_record_omission,D09-S0-B0,D09,3,True,job_1,normalize,True,job_1,normalize,[],[],[]
trial-33a6abc68736a97e,normalize_middle_record_omission,D09-S0-B1,D09,3,True,job_1,normalize,True,job_1,normalize,[],[],[]
trial-b2834ae789608f27,normalize_middle_record_omission,D11-S0-B0,D11,3,True,job_1,normalize,True,job_1,normalize,[],[],[]
trial-1af7a5871ce86eaa,normalize_middle_record_omission,D11-S0-B1,D11,3,True,job_1,normalize,True,job_1,normalize,[],[],[]
trial-118b9dae3cbe6af8,normalize_middle_record_omission,D12-S0-B0,D12,3,True,job_1,normalize,True,job_1,normalize,"[""grp-f72abea51ad809e3""]","[[""capture-attempt-003-1023991357291ecc:function:000004"", ""capture-attempt-003-1023991357291ecc:state:000004"", ""capture-attempt-003-1023991357291ecc:state:000005"", ""capture-attempt-003-1023991357291ecc:state:000006"", ""capture-attempt-003-1023991357291ecc:state:000007"", ""capture-attempt-003-1023991357291ecc:state:000008"", ""capture-attempt-003-1023991357291ecc:state:000009"", ""capture-attempt-003-1023991357291ecc:state:000010"", ""capture-attempt-003-1023991357291ecc:state:000011""]]",[]
trial-2f49bbcc0cbbc0c3,normalize_middle_record_omission,D12-S0-B1,D12,3,True,job_1,normalize,True,job_1,normalize,"[""grp-f72abea51ad809e3""]","[[""capture-attempt-003-1023991357291ecc:function:000004"", ""capture-attempt-003-1023991357291ecc:state:000004"", ""capture-attempt-003-1023991357291ecc:state:000005"", ""capture-attempt-003-1023991357291ecc:state:000006"", ""capture-attempt-003-1023991357291ecc:state:000007"", ""capture-attempt-003-1023991357291ecc:state:000008"", ""capture-attempt-003-1023991357291ecc:state:000009"", ""capture-attempt-003-1023991357291ecc:state:000010"", ""capture-attempt-003-1023991357291ecc:state:000011""]]",[]
trial-6e92ff62c491b832,provenance_ranking_reversal,C06-S0-B0,C06,3,True,job_1,assemble_provenance,True,job_1,assemble_provenance,"[""grp-6eea33f30da0cad2""]","[[""capture-attempt-004-4511de5d77cf4cd0:function:000004"", ""capture-attempt-004-4511de5d77cf4cd0:state:000004"", ""capture-attempt-004-4511de5d77cf4cd0:state:000005"", ""capture-attempt-004-4511de5d77cf4cd0:state:000006"", ""capture-attempt-004-4511de5d77cf4cd0:state:000007"", ""capture-attempt-004-4511de5d77cf4cd0:state:000008"", ""capture-attempt-004-4511de5d77cf4cd0:state:000009"", ""capture-attempt-004-4511de5d77cf4cd0:state:000010"", ""capture-attempt-004-4511de5d77cf4cd0:state:000011""]]",[]
trial-011648e540abb6d0,provenance_ranking_reversal,C06-S0-B1,C06,3,True,job_1,assemble_provenance,True,job_1,assemble_provenance,"[""grp-6eea33f30da0cad2""]","[[""capture-attempt-004-4511de5d77cf4cd0:function:000004"", ""capture-attempt-004-4511de5d77cf4cd0:state:000004"", ""capture-attempt-004-4511de5d77cf4cd0:state:000005"", ""capture-attempt-004-4511de5d77cf4cd0:state:000006"", ""capture-attempt-004-4511de5d77cf4cd0:state:000007"", ""capture-attempt-004-4511de5d77cf4cd0:state:000008"", ""capture-attempt-004-4511de5d77cf4cd0:state:000009"", ""capture-attempt-004-4511de5d77cf4cd0:state:000010"", ""capture-attempt-004-4511de5d77cf4cd0:state:000011""]]",[]
trial-eccd892f318cd604,provenance_ranking_reversal,C06-S1-B0,C06,3,True,job_1,assemble_provenance,True,job_1,assemble_provenance,"[""grp-6eea33f30da0cad2""]","[[""capture-attempt-004-4511de5d77cf4cd0:function:000004"", ""capture-attempt-004-4511de5d77cf4cd0:state:000004"", ""capture-attempt-004-4511de5d77cf4cd0:state:000005"", ""capture-attempt-004-4511de5d77cf4cd0:state:000006"", ""capture-attempt-004-4511de5d77cf4cd0:state:000007"", ""capture-attempt-004-4511de5d77cf4cd0:state:000008"", ""capture-attempt-004-4511de5d77cf4cd0:state:000009"", ""capture-attempt-004-4511de5d77cf4cd0:state:000010"", ""capture-attempt-004-4511de5d77cf4cd0:state:000011""]]",[]
trial-926da270d6ef720a,provenance_ranking_reversal,C06-S1-B1,C06,3,False,,,True,job_1,assemble_provenance,"[""grp-57994df741aac6b4""]","[[""capture-attempt-004-b0aac4eb51fc2034:function:000006"", ""capture-attempt-004-b0aac4eb51fc2034:state:000007"", ""capture-attempt-004-b0aac4eb51fc2034:state:000008"", ""capture-attempt-004-b0aac4eb51fc2034:state:000009"", ""capture-attempt-004-b0aac4eb51fc2034:state:000010"", ""capture-attempt-004-b0aac4eb51fc2034:state:000011"", ""capture-attempt-004-b0aac4eb51fc2034:state:000012"", ""capture-attempt-004-b0aac4eb51fc2034:state:000013"", ""capture-attempt-004-b0aac4eb51fc2034:state:000014""]]",[]
trial-a20e827e3219f06d,provenance_ranking_reversal,C07-S0-B0,C07,3,True,job_1,assemble_provenance,True,job_1,assemble_provenance,[],[[]],[]
trial-1551f8b9c8d85b94,provenance_ranking_reversal,C07-S0-B1,C07,3,True,job_1,assemble_provenance,True,job_1,assemble_provenance,[],[[]],[]
trial-c9c00aba3fd4f50e,provenance_ranking_reversal,C07-S1-B0,C07,3,True,job_1,assemble_provenance,True,job_1,assemble_provenance,[],[[]],[]
trial-0633f3a7f02a58c7,provenance_ranking_reversal,C07-S1-B1,C07,3,True,job_1,assemble_provenance,True,job_1,assemble_provenance,[],[[]],[]
trial-ecbf7050d3794838,provenance_ranking_reversal,D05-S0-B0,D05,3,True,job_1,assemble_provenance,True,job_1,assemble_provenance,[],[],[]
trial-b4f3c72e87bdd027,provenance_ranking_reversal,D05-S0-B1,D05,3,True,job_1,assemble_provenance,True,job_1,assemble_provenance,[],[],[]
trial-935420a3796bd4ed,provenance_ranking_reversal,D06-S0-B0,D06,3,True,job_1,assemble_provenance,True,job_1,assemble_provenance,[],[],[]
trial-0047551e0c2b3345,provenance_ranking_reversal,D06-S0-B1,D06,3,True,job_1,assemble_provenance,True,job_1,assemble_provenance,[],[],[]
trial-9c44e1d6a3153dac,provenance_ranking_reversal,D07-S0-B0,D07,3,True,job_1,assemble_provenance,True,job_1,assemble_provenance,[],[],[]
trial-3855b7f8011d1668,provenance_ranking_reversal,D07-S0-B1,D07,3,True,job_1,assemble_provenance,True,job_1,assemble_provenance,[],[],[]
trial-6200e2274edaef4b,provenance_ranking_reversal,D08-S0-B0,D08,3,True,job_1,assemble_provenance,True,job_1,assemble_provenance,[],[],[]
trial-ad8a6fd9d091a52d,provenance_ranking_reversal,D08-S0-B1,D08,3,True,job_1,assemble_provenance,True,job_1,assemble_provenance,[],[],[]
trial-9aef1a32aa4c10ac,provenance_ranking_reversal,D09-S0-B0,D09,3,True,job_1,assemble_provenance,True,job_1,assemble_provenance,[],[],[]
trial-74227073964a34ba,provenance_ranking_reversal,D09-S0-B1,D09,3,True,job_1,assemble_provenance,True,job_1,assemble_provenance,[],[],[]
trial-bcde1da13421c4b7,provenance_ranking_reversal,D11-S0-B0,D11,3,True,job_1,assemble_provenance,True,job_1,assemble_provenance,[],[],[]
trial-d852be42dea7cf24,provenance_ranking_reversal,D11-S0-B1,D11,3,True,job_1,assemble_provenance,True,job_1,assemble_provenance,[],[],[]
trial-89b9224a1cd02056,provenance_ranking_reversal,D12-S0-B0,D12,3,True,job_1,assemble_provenance,True,job_1,assemble_provenance,"[""grp-6eea33f30da0cad2""]","[[""capture-attempt-004-4511de5d77cf4cd0:function:000004"", ""capture-attempt-004-4511de5d77cf4cd0:state:000004"", ""capture-attempt-004-4511de5d77cf4cd0:state:000005"", ""capture-attempt-004-4511de5d77cf4cd0:state:000006"", ""capture-attempt-004-4511de5d77cf4cd0:state:000007"", ""capture-attempt-004-4511de5d77cf4cd0:state:000008"", ""capture-attempt-004-4511de5d77cf4cd0:state:000009"", ""capture-attempt-004-4511de5d77cf4cd0:state:000010"", ""capture-attempt-004-4511de5d77cf4cd0:state:000011""]]",[]
trial-4c2ab52f336ed245,provenance_ranking_reversal,D12-S0-B1,D12,3,True,job_1,assemble_provenance,True,job_1,assemble_provenance,"[""grp-6eea33f30da0cad2""]","[[""capture-attempt-004-4511de5d77cf4cd0:function:000004"", ""capture-attempt-004-4511de5d77cf4cd0:state:000004"", ""capture-attempt-004-4511de5d77cf4cd0:state:000005"", ""capture-attempt-004-4511de5d77cf4cd0:state:000006"", ""capture-attempt-004-4511de5d77cf4cd0:state:000007"", ""capture-attempt-004-4511de5d77cf4cd0:state:000008"", ""capture-attempt-004-4511de5d77cf4cd0:state:000009"", ""capture-attempt-004-4511de5d77cf4cd0:state:000010"", ""capture-attempt-004-4511de5d77cf4cd0:state:000011""]]",[]
trial-45d334c25eae9832,provenance_join_identity,C06-S0-B0,C06,3,True,job_1,assemble_provenance,True,job_1,assemble_provenance,"[""grp-f25c568f0b27e483""]","[[""capture-attempt-005-2e42c304afc79786:function:000015"", ""capture-attempt-005-2e42c304afc79786:state:000016"", ""capture-attempt-005-2e42c304afc79786:state:000017"", ""capture-attempt-005-2e42c304afc79786:state:000018"", ""capture-attempt-005-2e42c304afc79786:state:000019"", ""capture-attempt-005-2e42c304afc79786:state:000020"", ""capture-attempt-005-2e42c304afc79786:state:000021"", ""capture-attempt-005-2e42c304afc79786:state:000022"", ""capture-attempt-005-2e42c304afc79786:state:000023""]]",[]
trial-0af7839176a10c91,provenance_join_identity,C06-S0-B1,C06,3,True,job_1,assemble_provenance,True,job_1,assemble_provenance,"[""grp-f25c568f0b27e483""]","[[""capture-attempt-005-2e42c304afc79786:function:000015"", ""capture-attempt-005-2e42c304afc79786:state:000016"", ""capture-attempt-005-2e42c304afc79786:state:000017"", ""capture-attempt-005-2e42c304afc79786:state:000018"", ""capture-attempt-005-2e42c304afc79786:state:000019"", ""capture-attempt-005-2e42c304afc79786:state:000020"", ""capture-attempt-005-2e42c304afc79786:state:000021"", ""capture-attempt-005-2e42c304afc79786:state:000022"", ""capture-attempt-005-2e42c304afc79786:state:000023""]]",[]
trial-43709bb06ff172c5,provenance_join_identity,C06-S1-B0,C06,3,True,job_1,assemble_provenance,True,job_1,assemble_provenance,"[""grp-f25c568f0b27e483""]","[[""capture-attempt-005-2e42c304afc79786:function:000015"", ""capture-attempt-005-2e42c304afc79786:state:000016"", ""capture-attempt-005-2e42c304afc79786:state:000017"", ""capture-attempt-005-2e42c304afc79786:state:000018"", ""capture-attempt-005-2e42c304afc79786:state:000019"", ""capture-attempt-005-2e42c304afc79786:state:000020"", ""capture-attempt-005-2e42c304afc79786:state:000021"", ""capture-attempt-005-2e42c304afc79786:state:000022"", ""capture-attempt-005-2e42c304afc79786:state:000023""]]",[]
trial-403c0983d54202df,provenance_join_identity,C06-S1-B1,C06,3,True,job_1,assemble_provenance,True,job_1,assemble_provenance,"[""grp-f25c568f0b27e483""]","[[""capture-attempt-005-2e42c304afc79786:function:000015"", ""capture-attempt-005-2e42c304afc79786:state:000016"", ""capture-attempt-005-2e42c304afc79786:state:000017"", ""capture-attempt-005-2e42c304afc79786:state:000018"", ""capture-attempt-005-2e42c304afc79786:state:000019"", ""capture-attempt-005-2e42c304afc79786:state:000020"", ""capture-attempt-005-2e42c304afc79786:state:000021"", ""capture-attempt-005-2e42c304afc79786:state:000022"", ""capture-attempt-005-2e42c304afc79786:state:000023""]]",[]
trial-a3605c835538615a,provenance_join_identity,C07-S0-B0,C07,3,True,job_1,assemble_provenance,True,job_1,assemble_provenance,[],[[]],[]
trial-44bc33961fe761da,provenance_join_identity,C07-S0-B1,C07,3,True,job_1,assemble_provenance,True,job_1,assemble_provenance,[],[[]],[]
trial-ea994495b27e98a3,provenance_join_identity,C07-S1-B0,C07,3,True,job_1,assemble_provenance,True,job_1,assemble_provenance,[],[[]],[]
trial-3efed4f4a934d4c4,provenance_join_identity,C07-S1-B1,C07,3,True,job_1,assemble_provenance,True,job_1,assemble_provenance,[],[[]],[]
trial-61c1e2f1ad4fd08f,provenance_join_identity,D05-S0-B0,D05,3,True,job_1,assemble_provenance,True,job_1,assemble_provenance,[],[],[]
trial-0ce28af50bdefd5b,provenance_join_identity,D05-S0-B1,D05,3,True,job_1,assemble_provenance,True,job_1,assemble_provenance,[],[],[]
trial-433eaa89ef2b4b07,provenance_join_identity,D06-S0-B0,D06,3,True,job_1,assemble_provenance,True,job_1,assemble_provenance,[],[],[]
trial-7d0b54e734de61dc,provenance_join_identity,D06-S0-B1,D06,3,True,job_1,assemble_provenance,True,job_1,assemble_provenance,[],[],[]
trial-5b172be8f5a5d91b,provenance_join_identity,D07-S0-B0,D07,3,True,job_1,assemble_provenance,True,job_1,assemble_provenance,[],[],[]
trial-d21c042a2f07bc03,provenance_join_identity,D07-S0-B1,D07,3,True,job_1,assemble_provenance,True,job_1,assemble_provenance,[],[],[]
trial-44afe7e8a0bf969a,provenance_join_identity,D08-S0-B0,D08,3,True,job_1,assemble_provenance,True,job_1,assemble_provenance,[],[],[]
trial-818bca92bb2fb583,provenance_join_identity,D08-S0-B1,D08,3,True,job_1,assemble_provenance,True,job_1,assemble_provenance,[],[],[]
trial-6126ebe0992207cd,provenance_join_identity,D09-S0-B0,D09,3,True,job_1,assemble_provenance,True,job_1,assemble_provenance,[],[],[]
trial-9efe149912159067,provenance_join_identity,D09-S0-B1,D09,3,True,job_1,assemble_provenance,True,job_1,assemble_provenance,[],[],[]
trial-baa2de2a19eaba7c,provenance_join_identity,D11-S0-B0,D11,3,True,job_1,assemble_provenance,True,job_1,assemble_provenance,[],[],[]
trial-9fd82f5902873a57,provenance_join_identity,D11-S0-B1,D11,3,True,job_1,assemble_provenance,True,job_1,assemble_provenance,[],[],[]
trial-370c06267e197545,provenance_join_identity,D12-S0-B0,D12,3,True,job_1,assemble_provenance,True,job_1,assemble_provenance,"[""grp-f25c568f0b27e483""]","[[""capture-attempt-005-2e42c304afc79786:function:000015"", ""capture-attempt-005-2e42c304afc79786:state:000016"", ""capture-attempt-005-2e42c304afc79786:state:000017"", ""capture-attempt-005-2e42c304afc79786:state:000018"", ""capture-attempt-005-2e42c304afc79786:state:000019"", ""capture-attempt-005-2e42c304afc79786:state:000020"", ""capture-attempt-005-2e42c304afc79786:state:000021"", ""capture-attempt-005-2e42c304afc79786:state:000022"", ""capture-attempt-005-2e42c304afc79786:state:000023""]]",[]
trial-df1359d5495ec094,provenance_join_identity,D12-S0-B1,D12,3,True,job_1,assemble_provenance,True,job_1,assemble_provenance,"[""grp-f25c568f0b27e483""]","[[""capture-attempt-005-2e42c304afc79786:function:000015"", ""capture-attempt-005-2e42c304afc79786:state:000016"", ""capture-attempt-005-2e42c304afc79786:state:000017"", ""capture-attempt-005-2e42c304afc79786:state:000018"", ""capture-attempt-005-2e42c304afc79786:state:000019"", ""capture-attempt-005-2e42c304afc79786:state:000020"", ""capture-attempt-005-2e42c304afc79786:state:000021"", ""capture-attempt-005-2e42c304afc79786:state:000022"", ""capture-attempt-005-2e42c304afc79786:state:000023""]]",[]
trial-80422f30647b6efc,n16-clean-control,C06-S0-B0,C06,3,False,,,False,,,"[""grp-fd57ac6176182355""]","[[""capture-attempt-001-270a4bf9ce9de3cc:function:000006"", ""capture-attempt-001-270a4bf9ce9de3cc:state:000007"", ""capture-attempt-001-270a4bf9ce9de3cc:state:000008"", ""capture-attempt-001-270a4bf9ce9de3cc:state:000009"", ""capture-attempt-001-270a4bf9ce9de3cc:state:000010"", ""capture-attempt-001-270a4bf9ce9de3cc:state:000011"", ""capture-attempt-001-270a4bf9ce9de3cc:state:000012"", ""capture-attempt-001-270a4bf9ce9de3cc:state:000013"", ""capture-attempt-001-270a4bf9ce9de3cc:state:000014""]]",[]
trial-223a93565520f360,n16-clean-control,C06-S0-B1,C06,3,False,,,False,,,"[""grp-fd57ac6176182355""]","[[""capture-attempt-001-270a4bf9ce9de3cc:function:000006"", ""capture-attempt-001-270a4bf9ce9de3cc:state:000007"", ""capture-attempt-001-270a4bf9ce9de3cc:state:000008"", ""capture-attempt-001-270a4bf9ce9de3cc:state:000009"", ""capture-attempt-001-270a4bf9ce9de3cc:state:000010"", ""capture-attempt-001-270a4bf9ce9de3cc:state:000011"", ""capture-attempt-001-270a4bf9ce9de3cc:state:000012"", ""capture-attempt-001-270a4bf9ce9de3cc:state:000013"", ""capture-attempt-001-270a4bf9ce9de3cc:state:000014""]]",[]
trial-071420e5804deb26,n16-clean-control,C06-S1-B0,C06,3,False,,,False,,,"[""grp-fd57ac6176182355""]","[[""capture-attempt-001-270a4bf9ce9de3cc:function:000006"", ""capture-attempt-001-270a4bf9ce9de3cc:state:000007"", ""capture-attempt-001-270a4bf9ce9de3cc:state:000008"", ""capture-attempt-001-270a4bf9ce9de3cc:state:000009"", ""capture-attempt-001-270a4bf9ce9de3cc:state:000010"", ""capture-attempt-001-270a4bf9ce9de3cc:state:000011"", ""capture-attempt-001-270a4bf9ce9de3cc:state:000012"", ""capture-attempt-001-270a4bf9ce9de3cc:state:000013"", ""capture-attempt-001-270a4bf9ce9de3cc:state:000014""]]",[]
trial-8c7e13701e036458,n16-clean-control,C06-S1-B1,C06,3,False,,,False,,,"[""grp-fd57ac6176182355""]","[[""capture-attempt-001-270a4bf9ce9de3cc:function:000006"", ""capture-attempt-001-270a4bf9ce9de3cc:state:000007"", ""capture-attempt-001-270a4bf9ce9de3cc:state:000008"", ""capture-attempt-001-270a4bf9ce9de3cc:state:000009"", ""capture-attempt-001-270a4bf9ce9de3cc:state:000010"", ""capture-attempt-001-270a4bf9ce9de3cc:state:000011"", ""capture-attempt-001-270a4bf9ce9de3cc:state:000012"", ""capture-attempt-001-270a4bf9ce9de3cc:state:000013"", ""capture-attempt-001-270a4bf9ce9de3cc:state:000014""]]",[]
trial-769bdbc9ed5050e2,n16-clean-control,C07-S0-B0,C07,3,False,,,False,,,[],[[]],[]
trial-70a50c326dee4cac,n16-clean-control,C07-S0-B1,C07,3,False,,,False,,,[],[[]],[]
trial-4bc2fe4d40da0a32,n16-clean-control,C07-S1-B0,C07,3,False,,,False,,,[],[[]],[]
trial-aeff9d0ef4ba6238,n16-clean-control,C07-S1-B1,C07,3,False,,,False,,,[],[[]],[]
trial-bb70a652d608c68f,n16-clean-control,D05-S0-B0,D05,3,False,,,False,,,[],[],[]
trial-4a85b62981fc81cd,n16-clean-control,D05-S0-B1,D05,3,False,,,False,,,[],[],[]
trial-62342b41ca0114b1,n16-clean-control,D06-S0-B0,D06,3,False,,,False,,,[],[],[]
trial-8bd0fad05d71323b,n16-clean-control,D06-S0-B1,D06,3,False,,,False,,,[],[],[]
trial-d8a08383a073501c,n16-clean-control,D07-S0-B0,D07,3,False,,,False,,,[],[],[]
trial-d0fd40a356e8fc3f,n16-clean-control,D07-S0-B1,D07,3,False,,,False,,,[],[],[]
trial-76c63ab034009e39,n16-clean-control,D08-S0-B0,D08,3,False,,,False,,,[],[],[]
trial-100c495f2a3fd71c,n16-clean-control,D08-S0-B1,D08,3,False,,,False,,,[],[],[]
trial-4b548a784ad46136,n16-clean-control,D09-S0-B0,D09,3,False,,,False,,,[],[],[]
trial-5d4441f44d7532c7,n16-clean-control,D09-S0-B1,D09,3,False,,,False,,,[],[],[]
trial-50f73d10c801d8fe,n16-clean-control,D11-S0-B0,D11,3,False,,,False,,,[],[],[]
trial-03bf6f4e360495c8,n16-clean-control,D11-S0-B1,D11,3,False,,,False,,,[],[],[]
trial-ffdc0912fa181595,n16-clean-control,D12-S0-B0,D12,3,False,,,False,,,"[""grp-fd57ac6176182355""]","[[""capture-attempt-001-270a4bf9ce9de3cc:function:000006"", ""capture-attempt-001-270a4bf9ce9de3cc:state:000007"", ""capture-attempt-001-270a4bf9ce9de3cc:state:000008"", ""capture-attempt-001-270a4bf9ce9de3cc:state:000009"", ""capture-attempt-001-270a4bf9ce9de3cc:state:000010"", ""capture-attempt-001-270a4bf9ce9de3cc:state:000011"", ""capture-attempt-001-270a4bf9ce9de3cc:state:000012"", ""capture-attempt-001-270a4bf9ce9de3cc:state:000013"", ""capture-attempt-001-270a4bf9ce9de3cc:state:000014""]]",[]
trial-342c231f9ad9f20e,n16-clean-control,D12-S0-B1,D12,3,False,,,False,,,"[""grp-fd57ac6176182355""]","[[""capture-attempt-001-270a4bf9ce9de3cc:function:000006"", ""capture-attempt-001-270a4bf9ce9de3cc:state:000007"", ""capture-attempt-001-270a4bf9ce9de3cc:state:000008"", ""capture-attempt-001-270a4bf9ce9de3cc:state:000009"", ""capture-attempt-001-270a4bf9ce9de3cc:state:000010"", ""capture-attempt-001-270a4bf9ce9de3cc:state:000011"", ""capture-attempt-001-270a4bf9ce9de3cc:state:000012"", ""capture-attempt-001-270a4bf9ce9de3cc:state:000013"", ""capture-attempt-001-270a4bf9ce9de3cc:state:000014""]]",[]
trial-93f8b77afc9522e4,select_threshold_omission,C06-S0-B0,C06,3,True,job_1,select_demand,True,job_1,select_demand,"[""grp-9f1f5c0739652038""]","[[""capture-attempt-000-3f9e8ad27c5311ce:function:000004"", ""capture-attempt-000-3f9e8ad27c5311ce:state:000004"", ""capture-attempt-000-3f9e8ad27c5311ce:state:000005"", ""capture-attempt-000-3f9e8ad27c5311ce:state:000006"", ""capture-attempt-000-3f9e8ad27c5311ce:state:000007"", ""capture-attempt-000-3f9e8ad27c5311ce:state:000008"", ""capture-attempt-000-3f9e8ad27c5311ce:state:000009"", ""capture-attempt-000-3f9e8ad27c5311ce:state:000010""]]",[]
trial-0e8d19d0a774d30e,select_threshold_omission,C06-S0-B1,C06,3,True,job_1,select_demand,False,,,"[""grp-9f1f5c0739652038""]","[[""capture-attempt-000-3f9e8ad27c5311ce:function:000004"", ""capture-attempt-000-3f9e8ad27c5311ce:state:000004"", ""capture-attempt-000-3f9e8ad27c5311ce:state:000005"", ""capture-attempt-000-3f9e8ad27c5311ce:state:000006"", ""capture-attempt-000-3f9e8ad27c5311ce:state:000007"", ""capture-attempt-000-3f9e8ad27c5311ce:state:000008"", ""capture-attempt-000-3f9e8ad27c5311ce:state:000009"", ""capture-attempt-000-3f9e8ad27c5311ce:state:000010""]]",[]
trial-616e6601bf45e3d2,select_threshold_omission,C06-S1-B0,C06,3,True,job_1,select_demand,True,job_1,select_demand,"[""grp-9f1f5c0739652038""]","[[""capture-attempt-000-3f9e8ad27c5311ce:function:000004"", ""capture-attempt-000-3f9e8ad27c5311ce:state:000004"", ""capture-attempt-000-3f9e8ad27c5311ce:state:000005"", ""capture-attempt-000-3f9e8ad27c5311ce:state:000006"", ""capture-attempt-000-3f9e8ad27c5311ce:state:000007"", ""capture-attempt-000-3f9e8ad27c5311ce:state:000008"", ""capture-attempt-000-3f9e8ad27c5311ce:state:000009"", ""capture-attempt-000-3f9e8ad27c5311ce:state:000010""]]",[]
trial-d039bb66805791fb,select_threshold_omission,C06-S1-B1,C06,3,False,,,False,,,"[""grp-5f6906f7cf435c5f""]","[[""capture-attempt-000-e639e66fd73f8790:function:000014"", ""capture-attempt-000-e639e66fd73f8790:state:000016"", ""capture-attempt-000-e639e66fd73f8790:state:000017"", ""capture-attempt-000-e639e66fd73f8790:state:000018"", ""capture-attempt-000-e639e66fd73f8790:state:000019"", ""capture-attempt-000-e639e66fd73f8790:state:000020"", ""capture-attempt-000-e639e66fd73f8790:state:000021"", ""capture-attempt-000-e639e66fd73f8790:state:000022""]]",[]
trial-ab6e6eb4b839e450,select_threshold_omission,C07-S0-B0,C07,3,False,,,True,job_1,select_demand,[],[[]],[]
trial-545e1c35ba5930f3,select_threshold_omission,C07-S0-B1,C07,3,True,job_1,select_demand,False,,,[],[[]],[]
trial-3cd95749618dfd26,select_threshold_omission,C07-S1-B0,C07,3,True,job_1,select_demand,True,job_1,select_demand,[],[[]],[]
trial-fcf06a70e1948ca3,select_threshold_omission,C07-S1-B1,C07,3,False,,,True,job_1,select_demand,[],[[]],[]
trial-002d48d07de60e67,select_threshold_omission,D05-S0-B0,D05,3,False,,,False,,,[],[],[]
trial-cd79aa6b68391254,select_threshold_omission,D05-S0-B1,D05,3,False,,,False,,,[],[],[]
trial-9afe8cceb4c79fcd,select_threshold_omission,D06-S0-B0,D06,3,True,job_1,select_demand,True,job_1,select_demand,[],[],[]
trial-efff1f289ee9cd75,select_threshold_omission,D06-S0-B1,D06,3,False,,,False,,,[],[],[]
trial-c9a9656b9422d68f,select_threshold_omission,D07-S0-B0,D07,3,False,,,False,,,[],[],[]
trial-202fa6dea3c65e66,select_threshold_omission,D07-S0-B1,D07,3,False,,,False,,,[],[],[]
trial-e1cba5cf0d75b643,select_threshold_omission,D08-S0-B0,D08,3,False,,,False,,,[],[],[]
trial-98264ccc22cb9f68,select_threshold_omission,D08-S0-B1,D08,3,False,,,False,,,[],[],[]
trial-a080eb175beefaab,select_threshold_omission,D09-S0-B0,D09,3,True,job_1,select_demand,True,job_1,select_demand,[],[],[]
trial-ab45224e0ecbd364,select_threshold_omission,D09-S0-B1,D09,3,False,,,False,,,[],[],[]
trial-4e015ca8e8f57737,select_threshold_omission,D11-S0-B0,D11,3,False,,,False,,,[],[],[]
trial-fd27d3add2b61307,select_threshold_omission,D11-S0-B1,D11,3,False,,,False,,,[],[],[]
trial-f05534af796c248c,select_threshold_omission,D12-S0-B0,D12,3,False,,,True,job_1,select_demand,"[""grp-9f1f5c0739652038""]","[[""capture-attempt-000-3f9e8ad27c5311ce:function:000004"", ""capture-attempt-000-3f9e8ad27c5311ce:state:000004"", ""capture-attempt-000-3f9e8ad27c5311ce:state:000005"", ""capture-attempt-000-3f9e8ad27c5311ce:state:000006"", ""capture-attempt-000-3f9e8ad27c5311ce:state:000007"", ""capture-attempt-000-3f9e8ad27c5311ce:state:000008"", ""capture-attempt-000-3f9e8ad27c5311ce:state:000009"", ""capture-attempt-000-3f9e8ad27c5311ce:state:000010""]]",[]
trial-9a477fc74272cb24,select_threshold_omission,D12-S0-B1,D12,3,False,,,True,job_1,select_demand,"[""grp-5f6906f7cf435c5f""]","[[""capture-attempt-000-e639e66fd73f8790:function:000014"", ""capture-attempt-000-e639e66fd73f8790:state:000016"", ""capture-attempt-000-e639e66fd73f8790:state:000017"", ""capture-attempt-000-e639e66fd73f8790:state:000018"", ""capture-attempt-000-e639e66fd73f8790:state:000019"", ""capture-attempt-000-e639e66fd73f8790:state:000020"", ""capture-attempt-000-e639e66fd73f8790:state:000021"", ""capture-attempt-000-e639e66fd73f8790:state:000022""]]",[]
trial-0ba8080b0cfb1d92,select_wrong_source_weight,C06-S0-B0,C06,3,True,job_1,select_demand,True,job_1,select_demand,"[""grp-e76b4ea2e97a5f32""]","[[""capture-attempt-001-556fa8c403ae9860:function:000004"", ""capture-attempt-001-556fa8c403ae9860:state:000004"", ""capture-attempt-001-556fa8c403ae9860:state:000005"", ""capture-attempt-001-556fa8c403ae9860:state:000006"", ""capture-attempt-001-556fa8c403ae9860:state:000007"", ""capture-attempt-001-556fa8c403ae9860:state:000008"", ""capture-attempt-001-556fa8c403ae9860:state:000009"", ""capture-attempt-001-556fa8c403ae9860:state:000010"", ""capture-attempt-001-556fa8c403ae9860:state:000011""]]",[]
trial-a0902712375906c9,select_wrong_source_weight,C06-S0-B1,C06,3,True,job_1,select_demand,True,job_1,select_demand,"[""grp-e76b4ea2e97a5f32""]","[[""capture-attempt-001-556fa8c403ae9860:function:000004"", ""capture-attempt-001-556fa8c403ae9860:state:000004"", ""capture-attempt-001-556fa8c403ae9860:state:000005"", ""capture-attempt-001-556fa8c403ae9860:state:000006"", ""capture-attempt-001-556fa8c403ae9860:state:000007"", ""capture-attempt-001-556fa8c403ae9860:state:000008"", ""capture-attempt-001-556fa8c403ae9860:state:000009"", ""capture-attempt-001-556fa8c403ae9860:state:000010"", ""capture-attempt-001-556fa8c403ae9860:state:000011""]]",[]
trial-1cfea2b70eba01ee,select_wrong_source_weight,C06-S1-B0,C06,3,True,job_1,select_demand,True,job_1,select_demand,"[""grp-e76b4ea2e97a5f32""]","[[""capture-attempt-001-556fa8c403ae9860:function:000004"", ""capture-attempt-001-556fa8c403ae9860:state:000004"", ""capture-attempt-001-556fa8c403ae9860:state:000005"", ""capture-attempt-001-556fa8c403ae9860:state:000006"", ""capture-attempt-001-556fa8c403ae9860:state:000007"", ""capture-attempt-001-556fa8c403ae9860:state:000008"", ""capture-attempt-001-556fa8c403ae9860:state:000009"", ""capture-attempt-001-556fa8c403ae9860:state:000010"", ""capture-attempt-001-556fa8c403ae9860:state:000011""]]",[]
trial-fbadef48d8aa479d,select_wrong_source_weight,C06-S1-B1,C06,3,True,job_1,select_demand,True,job_1,select_demand,"[""grp-e76b4ea2e97a5f32""]","[[""capture-attempt-001-556fa8c403ae9860:function:000004"", ""capture-attempt-001-556fa8c403ae9860:state:000004"", ""capture-attempt-001-556fa8c403ae9860:state:000005"", ""capture-attempt-001-556fa8c403ae9860:state:000006"", ""capture-attempt-001-556fa8c403ae9860:state:000007"", ""capture-attempt-001-556fa8c403ae9860:state:000008"", ""capture-attempt-001-556fa8c403ae9860:state:000009"", ""capture-attempt-001-556fa8c403ae9860:state:000010"", ""capture-attempt-001-556fa8c403ae9860:state:000011""]]",[]
trial-db0bda4471110086,select_wrong_source_weight,C07-S0-B0,C07,3,True,job_1,select_demand,True,job_1,select_demand,[],[[]],[]
trial-0d02b08ec953f6db,select_wrong_source_weight,C07-S0-B1,C07,3,True,job_1,select_demand,True,job_1,select_demand,[],[[]],[]
trial-8bbce9f363d58802,select_wrong_source_weight,C07-S1-B0,C07,3,True,job_1,select_demand,True,job_1,select_demand,[],[[]],[]
trial-b4abc9ede988f463,select_wrong_source_weight,C07-S1-B1,C07,3,True,job_1,select_demand,True,job_1,select_demand,[],[[]],[]
trial-811bfa86f5ca622b,select_wrong_source_weight,D05-S0-B0,D05,3,True,job_1,select_demand,True,job_1,select_demand,[],[],[]
trial-e76df3f0236aa222,select_wrong_source_weight,D05-S0-B1,D05,3,True,job_1,select_demand,True,job_1,select_demand,[],[],[]
trial-0c5ef580992df888,select_wrong_source_weight,D06-S0-B0,D06,3,True,job_1,select_demand,True,job_1,select_demand,[],[],[]
trial-f11526a586b4af23,select_wrong_source_weight,D06-S0-B1,D06,3,True,job_1,select_demand,True,job_1,select_demand,[],[],[]
trial-fe34bb4dff0db796,select_wrong_source_weight,D07-S0-B0,D07,3,True,job_1,select_demand,True,job_1,select_demand,[],[],[]
trial-2644b73e71f6d59d,select_wrong_source_weight,D07-S0-B1,D07,3,True,job_1,select_demand,True,job_1,select_demand,[],[],[]
trial-94ccca01960a6e38,select_wrong_source_weight,D08-S0-B0,D08,3,True,job_1,select_demand,True,job_1,select_demand,[],[],[]
trial-e2c0701a7a5e958d,select_wrong_source_weight,D08-S0-B1,D08,3,True,job_1,select_demand,True,job_1,select_demand,[],[],[]
trial-b49f77d1705e5098,select_wrong_source_weight,D09-S0-B0,D09,3,True,job_1,select_demand,True,job_1,select_demand,[],[],[]
trial-7079cdb9774bde34,select_wrong_source_weight,D09-S0-B1,D09,3,True,job_1,select_demand,True,job_1,select_demand,[],[],[]
trial-c37717af879fe055,select_wrong_source_weight,D11-S0-B0,D11,3,True,job_1,select_demand,True,job_1,select_demand,[],[],[]
trial-29ee042ef593115e,select_wrong_source_weight,D11-S0-B1,D11,3,True,job_1,select_demand,True,job_1,select_demand,[],[],[]
trial-117e8ace856020f7,select_wrong_source_weight,D12-S0-B0,D12,3,True,job_1,select_demand,True,job_1,select_demand,"[""grp-e76b4ea2e97a5f32""]","[[""capture-attempt-001-556fa8c403ae9860:function:000004"", ""capture-attempt-001-556fa8c403ae9860:state:000004"", ""capture-attempt-001-556fa8c403ae9860:state:000005"", ""capture-attempt-001-556fa8c403ae9860:state:000006"", ""capture-attempt-001-556fa8c403ae9860:state:000007"", ""capture-attempt-001-556fa8c403ae9860:state:000008"", ""capture-attempt-001-556fa8c403ae9860:state:000009"", ""capture-attempt-001-556fa8c403ae9860:state:000010"", ""capture-attempt-001-556fa8c403ae9860:state:000011""]]",[]
trial-c2c0285e08421a3d,select_wrong_source_weight,D12-S0-B1,D12,3,True,job_1,select_demand,True,job_1,select_demand,"[""grp-e76b4ea2e97a5f32""]","[[""capture-attempt-001-556fa8c403ae9860:function:000004"", ""capture-attempt-001-556fa8c403ae9860:state:000004"", ""capture-attempt-001-556fa8c403ae9860:state:000005"", ""capture-attempt-001-556fa8c403ae9860:state:000006"", ""capture-attempt-001-556fa8c403ae9860:state:000007"", ""capture-attempt-001-556fa8c403ae9860:state:000008"", ""capture-attempt-001-556fa8c403ae9860:state:000009"", ""capture-attempt-001-556fa8c403ae9860:state:000010"", ""capture-attempt-001-556fa8c403ae9860:state:000011""]]",[]
