trial_id,instance_id,cell_id,block,mode,mode_name,source_setting,declaration_setting,repetition,designation,truth_function,fault_detected,false_positive,correct_job_attribution,exact_function_localisation,suspect_job,suspect_function,completed_evidence_expansions,completed_reconsiderations
trial-a68547c85fa58cde,select_threshold_omission,C01-S0-B0,confirmatory,C01,current_job2,S0,B0,1,upstream_fault,select_demand,True,False,True,False,job_1,,0,0
trial-d6fa863b2a04a076,select_threshold_omission,C01-S0-B1,confirmatory,C01,current_job2,S0,B1,1,upstream_fault,select_demand,True,False,True,True,job_1,select_demand,0,0
trial-7e2e7974f3b6eb8c,select_threshold_omission,C01-S1-B0,confirmatory,C01,current_job2,S1,B0,1,upstream_fault,select_demand,False,False,False,False,,,0,0
trial-61cbb78d886c92df,select_threshold_omission,C01-S1-B1,confirmatory,C01,current_job2,S1,B1,1,upstream_fault,select_demand,False,False,False,False,,,0,0
trial-7ebaa286534b9247,select_threshold_omission,C02-S0-B0,confirmatory,C02,history_empty,S0,B0,1,upstream_fault,select_demand,True,False,True,False,job_1,,0,0
trial-eebb0ff2d87ceeee,select_threshold_omission,C02-S0-B1,confirmatory,C02,history_empty,S0,B1,1,upstream_fault,select_demand,True,False,True,True,job_1,select_demand,0,0
trial-778520658760e1f4,select_threshold_omission,C02-S1-B0,confirmatory,C02,history_empty,S1,B0,1,upstream_fault,select_demand,False,False,False,False,,,0,0
trial-0766bf670e88f692,select_threshold_omission,C02-S1-B1,confirmatory,C02,history_empty,S1,B1,1,upstream_fault,select_demand,False,False,False,False,,,0,0
trial-4c028059af01fc4d,select_threshold_omission,C03-S0-B0,confirmatory,C03,history_full,S0,B0,1,upstream_fault,select_demand,True,False,True,False,job_1,,0,0
trial-d56615eb23294f4b,select_threshold_omission,C03-S0-B1,confirmatory,C03,history_full,S0,B1,1,upstream_fault,select_demand,True,False,True,True,job_1,select_demand,0,0
trial-f6f934461e5c28f3,select_threshold_omission,C03-S1-B0,confirmatory,C03,history_full,S1,B0,1,upstream_fault,select_demand,False,False,False,False,,,0,0
trial-d74265d3a60c5d18,select_threshold_omission,C03-S1-B1,confirmatory,C03,history_full,S1,B1,1,upstream_fault,select_demand,False,False,False,False,,,0,0
trial-91823f8cd9025f49,select_threshold_omission,C04-S0-B0,confirmatory,C04,etiq_empty_job2,S0,B0,1,upstream_fault,select_demand,True,False,True,False,job_1,,0,0
trial-e054dc1b8efaf44f,select_threshold_omission,C04-S0-B1,confirmatory,C04,etiq_empty_job2,S0,B1,1,upstream_fault,select_demand,True,False,True,False,job_1,,0,0
trial-e681da01bb9a00d6,select_threshold_omission,C04-S1-B0,confirmatory,C04,etiq_empty_job2,S1,B0,1,upstream_fault,select_demand,False,False,False,False,,,0,0
trial-43f824d676ba712b,select_threshold_omission,C04-S1-B1,confirmatory,C04,etiq_empty_job2,S1,B1,1,upstream_fault,select_demand,False,False,False,False,,,0,0
trial-6398786d680df695,select_threshold_omission,C05-S0-B0,confirmatory,C05,compact_fixed_job2,S0,B0,1,upstream_fault,select_demand,True,False,True,True,job_1,select_demand,0,0
trial-511dfaef177d7c62,select_threshold_omission,C05-S0-B1,confirmatory,C05,compact_fixed_job2,S0,B1,1,upstream_fault,select_demand,True,False,True,True,job_1,select_demand,0,0
trial-dedde6cf05e1e0db,select_threshold_omission,C05-S1-B0,confirmatory,C05,compact_fixed_job2,S1,B0,1,upstream_fault,select_demand,True,False,True,True,job_1,select_demand,0,0
trial-ffbe7c754cc7fb41,select_threshold_omission,C05-S1-B1,confirmatory,C05,compact_fixed_job2,S1,B1,1,upstream_fault,select_demand,False,False,False,False,,,0,0
trial-7de794d572a1fe32,select_threshold_omission,C06-S0-B0,confirmatory,C06,compact_adaptive_required_one_job2,S0,B0,1,upstream_fault,select_demand,True,False,True,True,job_1,select_demand,1,0
trial-54fae306f6b76ef0,select_threshold_omission,C06-S0-B1,confirmatory,C06,compact_adaptive_required_one_job2,S0,B1,1,upstream_fault,select_demand,False,False,False,False,,,1,0
trial-c42b4864ce24dd19,select_threshold_omission,C06-S1-B0,confirmatory,C06,compact_adaptive_required_one_job2,S1,B0,1,upstream_fault,select_demand,True,False,True,True,job_1,select_demand,1,0
trial-129cc978ca9c9486,select_threshold_omission,C06-S1-B1,confirmatory,C06,compact_adaptive_required_one_job2,S1,B1,1,upstream_fault,select_demand,True,False,True,True,job_1,select_demand,1,0
trial-5c06d4abec5e77ea,select_threshold_omission,C07-S0-B0,confirmatory,C07,compact_reconsideration_job2,S0,B0,1,upstream_fault,select_demand,True,False,True,True,job_1,select_demand,0,1
trial-bc325cfc2be22db0,select_threshold_omission,C07-S0-B1,confirmatory,C07,compact_reconsideration_job2,S0,B1,1,upstream_fault,select_demand,False,False,False,False,,,0,1
trial-3f4e8da465c2f4cf,select_threshold_omission,C07-S1-B0,confirmatory,C07,compact_reconsideration_job2,S1,B0,1,upstream_fault,select_demand,True,False,True,True,job_1,select_demand,0,1
trial-10957ab2d6d8d10d,select_threshold_omission,C07-S1-B1,confirmatory,C07,compact_reconsideration_job2,S1,B1,1,upstream_fault,select_demand,False,False,False,False,,,0,1
trial-8c60bd7c5b82f48b,select_threshold_omission,D01-S0-B0,descriptive,D01,io_job2,S0,B0,1,upstream_fault,select_demand,True,False,True,False,job_1,,0,0
trial-39575bf1996dd67f,select_threshold_omission,D01-S0-B1,descriptive,D01,io_job2,S0,B1,1,upstream_fault,select_demand,True,False,True,False,job_1,,0,0
trial-dd97430bb15273fc,select_threshold_omission,D02-S0-B0,descriptive,D02,io_both,S0,B0,1,upstream_fault,select_demand,True,False,True,False,job_1,,0,0
trial-39370bab53f4cfb7,select_threshold_omission,D02-S0-B1,descriptive,D02,io_both,S0,B1,1,upstream_fault,select_demand,True,False,True,True,job_1,select_demand,0,0
trial-411266966ddb20f4,select_threshold_omission,D03-S0-B0,descriptive,D03,current_both_jobs,S0,B0,1,upstream_fault,select_demand,True,False,True,False,job_1,,0,0
trial-7be92dd105076c81,select_threshold_omission,D03-S0-B1,descriptive,D03,current_both_jobs,S0,B1,1,upstream_fault,select_demand,True,False,True,True,job_1,select_demand,0,0
trial-17af614f4129496e,select_threshold_omission,D04-S0-B0,descriptive,D04,etiq_empty_both,S0,B0,1,upstream_fault,select_demand,True,False,True,False,job_1,,0,0
trial-b7ea69126f3ebfe0,select_threshold_omission,D04-S0-B1,descriptive,D04,etiq_empty_both,S0,B1,1,upstream_fault,select_demand,True,False,True,True,job_1,select_demand,0,0
trial-45499db89ea80b3f,select_threshold_omission,D05-S0-B0,descriptive,D05,full_graph_job2_legacy,S0,B0,1,upstream_fault,select_demand,True,False,True,True,job_1,select_demand,0,0
trial-a76267e9ecad6f52,select_threshold_omission,D05-S0-B1,descriptive,D05,full_graph_job2_legacy,S0,B1,1,upstream_fault,select_demand,False,False,False,False,,,0,0
trial-cbb3b9acb39b5886,select_threshold_omission,D06-S0-B0,descriptive,D06,broad_selected_fixed_job2_legacy,S0,B0,1,upstream_fault,select_demand,True,False,True,True,job_1,select_demand,0,0
trial-970d0663123063c0,select_threshold_omission,D06-S0-B1,descriptive,D06,broad_selected_fixed_job2_legacy,S0,B1,1,upstream_fault,select_demand,False,False,False,False,,,0,0
trial-0439eda37b6147fc,select_threshold_omission,D07-S0-B0,descriptive,D07,broad_selected_adaptive_job2_legacy,S0,B0,1,upstream_fault,select_demand,True,False,True,True,job_1,select_demand,0,0
trial-dce8f1a46fd2bf2a,select_threshold_omission,D07-S0-B1,descriptive,D07,broad_selected_adaptive_job2_legacy,S0,B1,1,upstream_fault,select_demand,False,False,False,False,,,0,0
trial-fedc0b018dfbbd2f,select_threshold_omission,D08-S0-B0,descriptive,D08,random_matched_job2_legacy,S0,B0,1,upstream_fault,select_demand,False,False,False,False,,,0,0
trial-67bba9f9d4ffe944,select_threshold_omission,D08-S0-B1,descriptive,D08,random_matched_job2_legacy,S0,B1,1,upstream_fault,select_demand,False,False,False,False,,,0,0
trial-fc7f2313acf53307,select_threshold_omission,D09-S0-B0,descriptive,D09,compact_adaptive_voluntary_job2,S0,B0,1,upstream_fault,select_demand,True,False,True,True,job_1,select_demand,0,0
trial-7b56c4fde0838b8a,select_threshold_omission,D09-S0-B1,descriptive,D09,compact_adaptive_voluntary_job2,S0,B1,1,upstream_fault,select_demand,False,False,False,False,,,0,0
trial-d4a3242e5fc5923d,select_threshold_omission,D10-S0-B0,descriptive,D10,compact_fixed_both,S0,B0,1,upstream_fault,select_demand,False,False,False,False,,,0,0
trial-212e837fb5b7536e,select_threshold_omission,D10-S0-B1,descriptive,D10,compact_fixed_both,S0,B1,1,upstream_fault,select_demand,False,False,False,False,,,0,0
trial-2ad8c34398db8b4f,select_threshold_omission,D11-S0-B0,descriptive,D11,compact_adaptive_voluntary_both,S0,B0,1,upstream_fault,select_demand,False,False,False,False,,,0,0
trial-8d6f8f5c4e39e12c,select_threshold_omission,D11-S0-B1,descriptive,D11,compact_adaptive_voluntary_both,S0,B1,1,upstream_fault,select_demand,False,False,False,False,,,0,0
trial-ce78c470a487e03e,select_threshold_omission,D12-S0-B0,descriptive,D12,compact_adaptive_required_one_both,S0,B0,1,upstream_fault,select_demand,True,False,True,True,job_1,select_demand,1,0
trial-e2f0325c9fe97525,select_threshold_omission,D12-S0-B1,descriptive,D12,compact_adaptive_required_one_both,S0,B1,1,upstream_fault,select_demand,False,False,False,False,,,1,0
trial-2f1ad3c8577c99dc,select_wrong_source_weight,C01-S0-B1,confirmatory,C01,current_job2,S0,B1,1,upstream_fault,select_demand,True,False,True,False,job_1,,0,0
trial-7feb379d96407673,select_wrong_source_weight,C01-S1-B0,confirmatory,C01,current_job2,S1,B0,1,upstream_fault,select_demand,True,False,True,True,job_1,select_demand,0,0
trial-6a9919921fe7671d,select_wrong_source_weight,C01-S1-B1,confirmatory,C01,current_job2,S1,B1,1,upstream_fault,select_demand,True,False,True,True,job_1,select_demand,0,0
trial-bf1d8a1a5279876c,select_wrong_source_weight,C02-S0-B0,confirmatory,C02,history_empty,S0,B0,1,upstream_fault,select_demand,True,False,True,False,job_1,,0,0
trial-9a63b0b7ca675cfa,select_wrong_source_weight,C02-S0-B1,confirmatory,C02,history_empty,S0,B1,1,upstream_fault,select_demand,True,False,True,False,job_1,,0,0
trial-7390594012d95949,select_wrong_source_weight,C02-S1-B0,confirmatory,C02,history_empty,S1,B0,1,upstream_fault,select_demand,True,False,True,True,job_1,select_demand,0,0
trial-98312da8fd783500,select_wrong_source_weight,C02-S1-B1,confirmatory,C02,history_empty,S1,B1,1,upstream_fault,select_demand,True,False,True,True,job_1,select_demand,0,0
trial-2519e7d77983e42c,select_wrong_source_weight,C03-S0-B0,confirmatory,C03,history_full,S0,B0,1,upstream_fault,select_demand,True,False,True,False,job_1,,0,0
trial-c3ce67a10a8b2ebd,select_wrong_source_weight,C03-S0-B1,confirmatory,C03,history_full,S0,B1,1,upstream_fault,select_demand,True,False,True,False,job_1,,0,0
trial-5d70964e1a1c51ba,select_wrong_source_weight,C03-S1-B0,confirmatory,C03,history_full,S1,B0,1,upstream_fault,select_demand,True,False,True,True,job_1,select_demand,0,0
trial-7fb03f6f20abf075,select_wrong_source_weight,C03-S1-B1,confirmatory,C03,history_full,S1,B1,1,upstream_fault,select_demand,True,False,True,True,job_1,select_demand,0,0
trial-a2fb219c66152313,select_wrong_source_weight,C04-S0-B0,confirmatory,C04,etiq_empty_job2,S0,B0,1,upstream_fault,select_demand,True,False,True,False,job_1,,0,0
trial-c10162443e56e062,select_wrong_source_weight,C04-S0-B1,confirmatory,C04,etiq_empty_job2,S0,B1,1,upstream_fault,select_demand,True,False,True,False,job_1,,0,0
trial-893d3640643be16b,select_wrong_source_weight,C04-S1-B0,confirmatory,C04,etiq_empty_job2,S1,B0,1,upstream_fault,select_demand,True,False,True,True,job_1,select_demand,0,0
trial-f3ad3fc72223be0c,select_wrong_source_weight,C04-S1-B1,confirmatory,C04,etiq_empty_job2,S1,B1,1,upstream_fault,select_demand,True,False,True,True,job_1,select_demand,0,0
trial-15ea3fe97aa5879f,select_wrong_source_weight,C05-S0-B0,confirmatory,C05,compact_fixed_job2,S0,B0,1,upstream_fault,select_demand,True,False,True,True,job_1,select_demand,0,0
trial-f5452b50c6fa53dd,select_wrong_source_weight,C05-S0-B1,confirmatory,C05,compact_fixed_job2,S0,B1,1,upstream_fault,select_demand,True,False,True,True,job_1,select_demand,0,0
trial-36a76bda4dee096f,select_wrong_source_weight,C05-S1-B0,confirmatory,C05,compact_fixed_job2,S1,B0,1,upstream_fault,select_demand,True,False,True,True,job_1,select_demand,0,0
trial-c556a5c1bc2768f7,select_wrong_source_weight,C05-S1-B1,confirmatory,C05,compact_fixed_job2,S1,B1,1,upstream_fault,select_demand,True,False,True,True,job_1,select_demand,0,0
trial-27a75b154ec693b9,select_wrong_source_weight,C06-S0-B0,confirmatory,C06,compact_adaptive_required_one_job2,S0,B0,1,upstream_fault,select_demand,True,False,True,True,job_1,select_demand,1,0
trial-bba3be7a53a7c5c2,select_wrong_source_weight,C06-S0-B1,confirmatory,C06,compact_adaptive_required_one_job2,S0,B1,1,upstream_fault,select_demand,True,False,True,True,job_1,select_demand,1,0
trial-18426743f96009e2,select_wrong_source_weight,C06-S1-B0,confirmatory,C06,compact_adaptive_required_one_job2,S1,B0,1,upstream_fault,select_demand,True,False,True,True,job_1,select_demand,1,0
trial-6892356071461e15,select_wrong_source_weight,C06-S1-B1,confirmatory,C06,compact_adaptive_required_one_job2,S1,B1,1,upstream_fault,select_demand,True,False,True,True,job_1,select_demand,1,0
trial-38aec6ff9b27ac30,select_wrong_source_weight,C07-S0-B0,confirmatory,C07,compact_reconsideration_job2,S0,B0,1,upstream_fault,select_demand,True,False,True,True,job_1,select_demand,0,1
trial-74ddc86a6e437d5c,select_wrong_source_weight,C07-S0-B1,confirmatory,C07,compact_reconsideration_job2,S0,B1,1,upstream_fault,select_demand,True,False,True,True,job_1,select_demand,0,1
trial-82421462929bec7d,select_wrong_source_weight,C07-S1-B0,confirmatory,C07,compact_reconsideration_job2,S1,B0,1,upstream_fault,select_demand,True,False,True,True,job_1,select_demand,0,1
trial-d1b247d2cd639dd6,select_wrong_source_weight,C07-S1-B1,confirmatory,C07,compact_reconsideration_job2,S1,B1,1,upstream_fault,select_demand,True,False,True,True,job_1,select_demand,0,1
trial-213c8c1ccd6ea855,select_wrong_source_weight,D01-S0-B0,descriptive,D01,io_job2,S0,B0,1,upstream_fault,select_demand,True,False,True,False,job_1,,0,0
trial-166545e086c05e5b,select_wrong_source_weight,D01-S0-B1,descriptive,D01,io_job2,S0,B1,1,upstream_fault,select_demand,True,False,True,False,job_1,,0,0
trial-c9ac7028f364eb5d,select_wrong_source_weight,D02-S0-B0,descriptive,D02,io_both,S0,B0,1,upstream_fault,select_demand,True,False,True,False,job_1,,0,0
trial-7d3738a927d5521e,select_wrong_source_weight,D02-S0-B1,descriptive,D02,io_both,S0,B1,1,upstream_fault,select_demand,True,False,True,False,job_1,normalize,0,0
trial-55abd6ddd3a48218,select_wrong_source_weight,D03-S0-B0,descriptive,D03,current_both_jobs,S0,B0,1,upstream_fault,select_demand,True,False,True,False,job_1,,0,0
trial-67d17bd1a1762377,select_wrong_source_weight,D03-S0-B1,descriptive,D03,current_both_jobs,S0,B1,1,upstream_fault,select_demand,True,False,True,False,job_1,normalize,0,0
trial-cb52561c9d74af82,select_wrong_source_weight,D04-S0-B0,descriptive,D04,etiq_empty_both,S0,B0,1,upstream_fault,select_demand,True,False,True,False,job_1,,0,0
trial-e8a1b55c666a3552,select_wrong_source_weight,D04-S0-B1,descriptive,D04,etiq_empty_both,S0,B1,1,upstream_fault,select_demand,True,False,True,False,job_1,,0,0
trial-ea5c6fa6e71f5062,select_wrong_source_weight,D05-S0-B0,descriptive,D05,full_graph_job2_legacy,S0,B0,1,upstream_fault,select_demand,True,False,True,True,job_1,select_demand,0,0
trial-0148e956a5b67568,select_wrong_source_weight,D05-S0-B1,descriptive,D05,full_graph_job2_legacy,S0,B1,1,upstream_fault,select_demand,True,False,True,True,job_1,select_demand,0,0
trial-42a9ca979361f38f,select_wrong_source_weight,D06-S0-B0,descriptive,D06,broad_selected_fixed_job2_legacy,S0,B0,1,upstream_fault,select_demand,True,False,True,True,job_1,select_demand,0,0
trial-74cdf94165350d70,select_wrong_source_weight,D06-S0-B1,descriptive,D06,broad_selected_fixed_job2_legacy,S0,B1,1,upstream_fault,select_demand,True,False,True,True,job_1,select_demand,0,0
trial-272effcfc36bf42a,select_wrong_source_weight,D07-S0-B0,descriptive,D07,broad_selected_adaptive_job2_legacy,S0,B0,1,upstream_fault,select_demand,True,False,True,True,job_1,select_demand,0,0
trial-fa8eb04d149a1b56,select_wrong_source_weight,D07-S0-B1,descriptive,D07,broad_selected_adaptive_job2_legacy,S0,B1,1,upstream_fault,select_demand,True,False,True,True,job_1,select_demand,0,0
trial-37d894583eb0cb6e,select_wrong_source_weight,D08-S0-B0,descriptive,D08,random_matched_job2_legacy,S0,B0,1,upstream_fault,select_demand,True,False,True,True,job_1,select_demand,0,0
trial-cd1d98fb73f9c69c,select_wrong_source_weight,D08-S0-B1,descriptive,D08,random_matched_job2_legacy,S0,B1,1,upstream_fault,select_demand,True,False,True,True,job_1,select_demand,0,0
trial-af068dac10bf269e,select_wrong_source_weight,D09-S0-B0,descriptive,D09,compact_adaptive_voluntary_job2,S0,B0,1,upstream_fault,select_demand,True,False,True,True,job_1,select_demand,0,0
trial-79f78b619ce464a6,select_wrong_source_weight,D09-S0-B1,descriptive,D09,compact_adaptive_voluntary_job2,S0,B1,1,upstream_fault,select_demand,True,False,True,True,job_1,select_demand,0,0
trial-400e6a13a7992b1c,select_wrong_source_weight,D10-S0-B0,descriptive,D10,compact_fixed_both,S0,B0,1,upstream_fault,select_demand,True,False,True,True,job_1,select_demand,0,0
trial-68e62387e485c54e,select_wrong_source_weight,D10-S0-B1,descriptive,D10,compact_fixed_both,S0,B1,1,upstream_fault,select_demand,True,False,True,True,job_1,select_demand,0,0
trial-86d6088c05d941dc,select_wrong_source_weight,D11-S0-B0,descriptive,D11,compact_adaptive_voluntary_both,S0,B0,1,upstream_fault,select_demand,True,False,True,True,job_1,select_demand,0,0
trial-8a0b076fd21d422f,select_wrong_source_weight,D11-S0-B1,descriptive,D11,compact_adaptive_voluntary_both,S0,B1,1,upstream_fault,select_demand,True,False,True,True,job_1,select_demand,0,0
trial-d64c9b31a64f6dd5,select_wrong_source_weight,D12-S0-B0,descriptive,D12,compact_adaptive_required_one_both,S0,B0,1,upstream_fault,select_demand,True,False,True,True,job_1,select_demand,1,0
trial-96c264addb28313b,select_wrong_source_weight,D12-S0-B1,descriptive,D12,compact_adaptive_required_one_both,S0,B1,1,upstream_fault,select_demand,True,False,True,True,job_1,select_demand,1,0
trial-c9ec7d6748669878,select_wrong_source_weight,C01-S0-B0,confirmatory,C01,current_job2,S0,B0,1,upstream_fault,select_demand,True,False,True,False,job_1,,0,0
trial-91eceecee7f63317,normalize_top_record_omission,C01-S1-B0,confirmatory,C01,current_job2,S1,B0,1,upstream_fault,normalize,True,False,True,True,job_1,normalize,0,0
trial-a80e7654e2e57e41,normalize_top_record_omission,C01-S1-B1,confirmatory,C01,current_job2,S1,B1,1,upstream_fault,normalize,True,False,True,True,job_1,normalize,0,0
trial-7babfaee0f8b9def,normalize_top_record_omission,C02-S0-B0,confirmatory,C02,history_empty,S0,B0,1,upstream_fault,normalize,True,False,True,False,job_1,,0,0
trial-457bd0a33d3f21bc,normalize_top_record_omission,C02-S0-B1,confirmatory,C02,history_empty,S0,B1,1,upstream_fault,normalize,True,False,True,False,job_1,select_demand,0,0
trial-b36cbe0e1d2bbcda,normalize_top_record_omission,C02-S1-B0,confirmatory,C02,history_empty,S1,B0,1,upstream_fault,normalize,True,False,True,True,job_1,normalize,0,0
trial-9ccfff155fecf0a0,normalize_top_record_omission,C02-S1-B1,confirmatory,C02,history_empty,S1,B1,1,upstream_fault,normalize,True,False,True,True,job_1,normalize,0,0
trial-020f28bdda4880e9,normalize_top_record_omission,C03-S0-B0,confirmatory,C03,history_full,S0,B0,1,upstream_fault,normalize,True,False,True,False,job_1,,0,0
trial-c6a5dfd2bf7bc6c6,normalize_top_record_omission,C03-S0-B1,confirmatory,C03,history_full,S0,B1,1,upstream_fault,normalize,True,False,True,False,job_1,select_demand,0,0
trial-03e5250f59e18965,normalize_top_record_omission,C03-S1-B0,confirmatory,C03,history_full,S1,B0,1,upstream_fault,normalize,True,False,True,True,job_1,normalize,0,0
trial-126010a18347c8b4,normalize_top_record_omission,C03-S1-B1,confirmatory,C03,history_full,S1,B1,1,upstream_fault,normalize,True,False,True,True,job_1,normalize,0,0
trial-f10ccff1573e1e6e,normalize_top_record_omission,C04-S0-B0,confirmatory,C04,etiq_empty_job2,S0,B0,1,upstream_fault,normalize,True,False,True,False,job_1,,0,0
trial-c31ea787043a6284,normalize_top_record_omission,C04-S0-B1,confirmatory,C04,etiq_empty_job2,S0,B1,1,upstream_fault,normalize,True,False,True,False,job_1,select_demand,0,0
trial-2b8d6dab51f9ee78,normalize_top_record_omission,C04-S1-B0,confirmatory,C04,etiq_empty_job2,S1,B0,1,upstream_fault,normalize,True,False,True,True,job_1,normalize,0,0
trial-d28a87356104bcce,normalize_top_record_omission,C04-S1-B1,confirmatory,C04,etiq_empty_job2,S1,B1,1,upstream_fault,normalize,True,False,True,True,job_1,normalize,0,0
trial-cbd7d1df0a7f3317,normalize_top_record_omission,C05-S0-B0,confirmatory,C05,compact_fixed_job2,S0,B0,1,upstream_fault,normalize,True,False,True,True,job_1,normalize,0,0
trial-4c19c2c94d6f1976,normalize_top_record_omission,C05-S0-B1,confirmatory,C05,compact_fixed_job2,S0,B1,1,upstream_fault,normalize,True,False,True,True,job_1,normalize,0,0
trial-acd05a1abdbe584a,normalize_top_record_omission,C05-S1-B0,confirmatory,C05,compact_fixed_job2,S1,B0,1,upstream_fault,normalize,True,False,True,True,job_1,normalize,0,0
trial-aae111c926da06de,normalize_top_record_omission,C05-S1-B1,confirmatory,C05,compact_fixed_job2,S1,B1,1,upstream_fault,normalize,True,False,True,True,job_1,normalize,0,0
trial-ae6d526472b5ab3d,normalize_top_record_omission,C06-S0-B0,confirmatory,C06,compact_adaptive_required_one_job2,S0,B0,1,upstream_fault,normalize,True,False,True,True,job_1,normalize,1,0
trial-61593ffa71f996c3,normalize_top_record_omission,C06-S0-B1,confirmatory,C06,compact_adaptive_required_one_job2,S0,B1,1,upstream_fault,normalize,True,False,True,True,job_1,normalize,1,0
trial-c5e2321818aee2cc,normalize_top_record_omission,C06-S1-B0,confirmatory,C06,compact_adaptive_required_one_job2,S1,B0,1,upstream_fault,normalize,True,False,True,True,job_1,normalize,1,0
trial-e7ac372e327694a0,normalize_top_record_omission,C06-S1-B1,confirmatory,C06,compact_adaptive_required_one_job2,S1,B1,1,upstream_fault,normalize,True,False,True,True,job_1,normalize,1,0
trial-d1f6f67f9d4b917c,normalize_top_record_omission,C07-S0-B0,confirmatory,C07,compact_reconsideration_job2,S0,B0,1,upstream_fault,normalize,True,False,True,True,job_1,normalize,0,1
trial-43d1e356a2375105,normalize_top_record_omission,C07-S0-B1,confirmatory,C07,compact_reconsideration_job2,S0,B1,1,upstream_fault,normalize,True,False,True,True,job_1,normalize,0,1
trial-b4d50f87dd289d8d,normalize_top_record_omission,C07-S1-B0,confirmatory,C07,compact_reconsideration_job2,S1,B0,1,upstream_fault,normalize,True,False,True,True,job_1,normalize,0,1
trial-981d14eaf94a835b,normalize_top_record_omission,C07-S1-B1,confirmatory,C07,compact_reconsideration_job2,S1,B1,1,upstream_fault,normalize,True,False,True,True,job_1,normalize,0,1
trial-4c917e245b7d9c66,normalize_top_record_omission,D01-S0-B0,descriptive,D01,io_job2,S0,B0,1,upstream_fault,normalize,True,False,True,False,job_1,,0,0
trial-ebcbbf66a79d854c,normalize_top_record_omission,D01-S0-B1,descriptive,D01,io_job2,S0,B1,1,upstream_fault,normalize,True,False,True,False,job_1,select_demand,0,0
trial-fbe7c6f92efd2d00,normalize_top_record_omission,D02-S0-B0,descriptive,D02,io_both,S0,B0,1,upstream_fault,normalize,True,False,True,False,job_1,,0,0
trial-1232049084c56822,normalize_top_record_omission,D02-S0-B1,descriptive,D02,io_both,S0,B1,1,upstream_fault,normalize,True,False,True,False,job_1,select_demand,0,0
trial-27d9bf3f1f8b109f,normalize_top_record_omission,D03-S0-B0,descriptive,D03,current_both_jobs,S0,B0,1,upstream_fault,normalize,True,False,True,False,job_1,,0,0
trial-ee650f4fe03fcaa4,normalize_top_record_omission,D03-S0-B1,descriptive,D03,current_both_jobs,S0,B1,1,upstream_fault,normalize,True,False,True,False,job_1,select_demand,0,0
trial-d25ad4f2bb35d30a,normalize_top_record_omission,D04-S0-B0,descriptive,D04,etiq_empty_both,S0,B0,1,upstream_fault,normalize,True,False,True,False,job_1,,0,0
trial-0c82fef0fcdf12af,normalize_top_record_omission,D04-S0-B1,descriptive,D04,etiq_empty_both,S0,B1,1,upstream_fault,normalize,True,False,True,False,job_1,select_demand,0,0
trial-e1fca5121a11b57f,normalize_top_record_omission,D05-S0-B0,descriptive,D05,full_graph_job2_legacy,S0,B0,1,upstream_fault,normalize,True,False,True,True,job_1,normalize,0,0
trial-402ae9ef31a5c868,normalize_top_record_omission,D05-S0-B1,descriptive,D05,full_graph_job2_legacy,S0,B1,1,upstream_fault,normalize,True,False,True,True,job_1,normalize,0,0
trial-7854aea5d9b110c8,normalize_top_record_omission,D06-S0-B0,descriptive,D06,broad_selected_fixed_job2_legacy,S0,B0,1,upstream_fault,normalize,True,False,True,True,job_1,normalize,0,0
trial-67277a623bd43fd7,normalize_top_record_omission,D06-S0-B1,descriptive,D06,broad_selected_fixed_job2_legacy,S0,B1,1,upstream_fault,normalize,True,False,True,True,job_1,normalize,0,0
trial-0d040556c2c8f980,normalize_top_record_omission,D07-S0-B0,descriptive,D07,broad_selected_adaptive_job2_legacy,S0,B0,1,upstream_fault,normalize,True,False,True,True,job_1,normalize,0,0
trial-675a9c25b56fb052,normalize_top_record_omission,D07-S0-B1,descriptive,D07,broad_selected_adaptive_job2_legacy,S0,B1,1,upstream_fault,normalize,True,False,True,True,job_1,normalize,0,0
trial-718050df7ccd023f,normalize_top_record_omission,D08-S0-B0,descriptive,D08,random_matched_job2_legacy,S0,B0,1,upstream_fault,normalize,True,False,True,True,job_1,normalize,0,0
trial-4d0aa9cc35ca5deb,normalize_top_record_omission,D08-S0-B1,descriptive,D08,random_matched_job2_legacy,S0,B1,1,upstream_fault,normalize,True,False,True,True,job_1,normalize,0,0
trial-eb4a513a67935c78,normalize_top_record_omission,D09-S0-B0,descriptive,D09,compact_adaptive_voluntary_job2,S0,B0,1,upstream_fault,normalize,True,False,True,True,job_1,normalize,0,0
trial-653ed8668ff06e81,normalize_top_record_omission,D09-S0-B1,descriptive,D09,compact_adaptive_voluntary_job2,S0,B1,1,upstream_fault,normalize,True,False,True,True,job_1,normalize,0,0
trial-ed44a9f8b3da570d,normalize_top_record_omission,D10-S0-B0,descriptive,D10,compact_fixed_both,S0,B0,1,upstream_fault,normalize,True,False,True,True,job_1,normalize,0,0
trial-f223c75d38523dfd,normalize_top_record_omission,D10-S0-B1,descriptive,D10,compact_fixed_both,S0,B1,1,upstream_fault,normalize,True,False,True,True,job_1,normalize,0,0
trial-58f95aed9922be57,normalize_top_record_omission,D11-S0-B0,descriptive,D11,compact_adaptive_voluntary_both,S0,B0,1,upstream_fault,normalize,True,False,True,True,job_1,normalize,0,0
trial-8c0244f447a422c9,normalize_top_record_omission,D11-S0-B1,descriptive,D11,compact_adaptive_voluntary_both,S0,B1,1,upstream_fault,normalize,True,False,True,True,job_1,normalize,0,0
trial-4b388e2962efc408,normalize_top_record_omission,D12-S0-B0,descriptive,D12,compact_adaptive_required_one_both,S0,B0,1,upstream_fault,normalize,True,False,True,True,job_1,normalize,1,0
trial-06baf3aeb8230334,normalize_top_record_omission,D12-S0-B1,descriptive,D12,compact_adaptive_required_one_both,S0,B1,1,upstream_fault,normalize,True,False,True,True,job_1,normalize,1,0
trial-054ff8163693d05c,normalize_top_record_omission,C01-S0-B0,confirmatory,C01,current_job2,S0,B0,1,upstream_fault,normalize,True,False,True,False,job_1,,0,0
trial-125580b5b1f076d2,normalize_top_record_omission,C01-S0-B1,confirmatory,C01,current_job2,S0,B1,1,upstream_fault,normalize,True,False,True,False,job_1,,0,0
trial-6563c1fda9569740,normalize_middle_record_omission,C01-S1-B1,confirmatory,C01,current_job2,S1,B1,1,upstream_fault,normalize,True,False,True,True,job_1,normalize,0,0
trial-1ee40d7ae54a70da,normalize_middle_record_omission,C02-S0-B0,confirmatory,C02,history_empty,S0,B0,1,upstream_fault,normalize,True,False,True,False,job_1,,0,0
trial-e0bdb04eb157eee4,normalize_middle_record_omission,C02-S0-B1,confirmatory,C02,history_empty,S0,B1,1,upstream_fault,normalize,True,False,True,False,job_1,select_demand,0,0
trial-512997796e6c64d3,normalize_middle_record_omission,C02-S1-B0,confirmatory,C02,history_empty,S1,B0,1,upstream_fault,normalize,True,False,True,True,job_1,normalize,0,0
trial-9b110c938de0f12a,normalize_middle_record_omission,C02-S1-B1,confirmatory,C02,history_empty,S1,B1,1,upstream_fault,normalize,True,False,True,True,job_1,normalize,0,0
trial-fe1c8464e08178b0,normalize_middle_record_omission,C03-S0-B0,confirmatory,C03,history_full,S0,B0,1,upstream_fault,normalize,True,False,True,False,job_1,,0,0
trial-e9877bfcf92d17ec,normalize_middle_record_omission,C03-S0-B1,confirmatory,C03,history_full,S0,B1,1,upstream_fault,normalize,True,False,True,False,job_1,select_demand,0,0
trial-9fb654e9cfcedc9c,normalize_middle_record_omission,C03-S1-B0,confirmatory,C03,history_full,S1,B0,1,upstream_fault,normalize,True,False,True,True,job_1,normalize,0,0
trial-d54c6c5d72f5abf8,normalize_middle_record_omission,C03-S1-B1,confirmatory,C03,history_full,S1,B1,1,upstream_fault,normalize,True,False,True,True,job_1,normalize,0,0
trial-ea9abbf4dc068bd5,normalize_middle_record_omission,C04-S0-B0,confirmatory,C04,etiq_empty_job2,S0,B0,1,upstream_fault,normalize,True,False,True,False,job_1,,0,0
trial-fbb429f16a08e95d,normalize_middle_record_omission,C04-S0-B1,confirmatory,C04,etiq_empty_job2,S0,B1,1,upstream_fault,normalize,True,False,True,False,job_1,select_demand,0,0
trial-3e4e4d8d83be1961,normalize_middle_record_omission,C04-S1-B0,confirmatory,C04,etiq_empty_job2,S1,B0,1,upstream_fault,normalize,True,False,True,True,job_1,normalize,0,0
trial-02aa3f6132c99a62,normalize_middle_record_omission,C04-S1-B1,confirmatory,C04,etiq_empty_job2,S1,B1,1,upstream_fault,normalize,True,False,True,True,job_1,normalize,0,0
trial-12d77abc0bbf56ea,normalize_middle_record_omission,C05-S0-B0,confirmatory,C05,compact_fixed_job2,S0,B0,1,upstream_fault,normalize,True,False,True,True,job_1,normalize,0,0
trial-3907a72916b4e0a5,normalize_middle_record_omission,C05-S0-B1,confirmatory,C05,compact_fixed_job2,S0,B1,1,upstream_fault,normalize,True,False,True,True,job_1,normalize,0,0
trial-981dc94bdbcbb707,normalize_middle_record_omission,C05-S1-B0,confirmatory,C05,compact_fixed_job2,S1,B0,1,upstream_fault,normalize,True,False,True,True,job_1,normalize,0,0
trial-a93d64f06cdc23ca,normalize_middle_record_omission,C05-S1-B1,confirmatory,C05,compact_fixed_job2,S1,B1,1,upstream_fault,normalize,True,False,True,True,job_1,normalize,0,0
trial-8445616c19df4a13,normalize_middle_record_omission,C06-S0-B0,confirmatory,C06,compact_adaptive_required_one_job2,S0,B0,1,upstream_fault,normalize,True,False,True,True,job_1,normalize,1,0
trial-cd4d57503c8ea4be,normalize_middle_record_omission,C06-S0-B1,confirmatory,C06,compact_adaptive_required_one_job2,S0,B1,1,upstream_fault,normalize,True,False,True,True,job_1,normalize,1,0
trial-26b3c3a3da015be8,normalize_middle_record_omission,C06-S1-B0,confirmatory,C06,compact_adaptive_required_one_job2,S1,B0,1,upstream_fault,normalize,True,False,True,True,job_1,normalize,1,0
trial-a28bac12117a8d0a,normalize_middle_record_omission,C06-S1-B1,confirmatory,C06,compact_adaptive_required_one_job2,S1,B1,1,upstream_fault,normalize,True,False,True,True,job_1,normalize,1,0
trial-801d000286beed37,normalize_middle_record_omission,C07-S0-B0,confirmatory,C07,compact_reconsideration_job2,S0,B0,1,upstream_fault,normalize,True,False,True,True,job_1,normalize,0,1
trial-e626e81b8fa31183,normalize_middle_record_omission,C07-S0-B1,confirmatory,C07,compact_reconsideration_job2,S0,B1,1,upstream_fault,normalize,True,False,True,True,job_1,normalize,0,1
trial-39b134cb5b588a16,normalize_middle_record_omission,C07-S1-B0,confirmatory,C07,compact_reconsideration_job2,S1,B0,1,upstream_fault,normalize,True,False,True,True,job_1,normalize,0,1
trial-0e3fdf9ee78a182e,normalize_middle_record_omission,C07-S1-B1,confirmatory,C07,compact_reconsideration_job2,S1,B1,1,upstream_fault,normalize,True,False,True,True,job_1,normalize,0,1
trial-4f7f9a4be2b18f7c,normalize_middle_record_omission,D01-S0-B0,descriptive,D01,io_job2,S0,B0,1,upstream_fault,normalize,True,False,True,False,job_1,,0,0
trial-49a30b3ce75111bf,normalize_middle_record_omission,D01-S0-B1,descriptive,D01,io_job2,S0,B1,1,upstream_fault,normalize,True,False,True,False,job_1,select_demand,0,0
trial-b7657519e34e2ad2,normalize_middle_record_omission,D02-S0-B0,descriptive,D02,io_both,S0,B0,1,upstream_fault,normalize,True,False,True,False,job_1,job_upstream_demand_provenance,0,0
trial-ba48a5bcc4bd6b6a,normalize_middle_record_omission,D02-S0-B1,descriptive,D02,io_both,S0,B1,1,upstream_fault,normalize,True,False,True,False,job_1,select_demand,0,0
trial-8a47e3562dd21468,normalize_middle_record_omission,D03-S0-B0,descriptive,D03,current_both_jobs,S0,B0,1,upstream_fault,normalize,True,False,True,False,job_1,job_upstream_demand_provenance,0,0
trial-eafd2ef8afbd2a43,normalize_middle_record_omission,D03-S0-B1,descriptive,D03,current_both_jobs,S0,B1,1,upstream_fault,normalize,True,False,True,False,job_1,select_demand,0,0
trial-bdaf582961cecada,normalize_middle_record_omission,D04-S0-B0,descriptive,D04,etiq_empty_both,S0,B0,1,upstream_fault,normalize,True,False,True,False,job_1,,0,0
trial-ee3afb7afc160a21,normalize_middle_record_omission,D04-S0-B1,descriptive,D04,etiq_empty_both,S0,B1,1,upstream_fault,normalize,True,False,True,False,job_1,select_demand,0,0
trial-f242f2280765939a,normalize_middle_record_omission,D05-S0-B0,descriptive,D05,full_graph_job2_legacy,S0,B0,1,upstream_fault,normalize,True,False,True,True,job_1,normalize,0,0
trial-c3203826c8d5dff7,normalize_middle_record_omission,D05-S0-B1,descriptive,D05,full_graph_job2_legacy,S0,B1,1,upstream_fault,normalize,True,False,True,True,job_1,normalize,0,0
trial-629778c709fe433a,normalize_middle_record_omission,D06-S0-B0,descriptive,D06,broad_selected_fixed_job2_legacy,S0,B0,1,upstream_fault,normalize,True,False,True,True,job_1,normalize,0,0
trial-70fbc9dd0096d8e1,normalize_middle_record_omission,D06-S0-B1,descriptive,D06,broad_selected_fixed_job2_legacy,S0,B1,1,upstream_fault,normalize,True,False,True,True,job_1,normalize,0,0
trial-4d7f69964b9359d3,normalize_middle_record_omission,D07-S0-B0,descriptive,D07,broad_selected_adaptive_job2_legacy,S0,B0,1,upstream_fault,normalize,True,False,True,True,job_1,normalize,0,0
trial-492ed281f929cb72,normalize_middle_record_omission,D07-S0-B1,descriptive,D07,broad_selected_adaptive_job2_legacy,S0,B1,1,upstream_fault,normalize,True,False,True,True,job_1,normalize,0,0
trial-2a4214a9b54941dd,normalize_middle_record_omission,D08-S0-B0,descriptive,D08,random_matched_job2_legacy,S0,B0,1,upstream_fault,normalize,True,False,True,True,job_1,normalize,0,0
trial-4a7c50f712938575,normalize_middle_record_omission,D08-S0-B1,descriptive,D08,random_matched_job2_legacy,S0,B1,1,upstream_fault,normalize,True,False,True,True,job_1,normalize,0,0
trial-18bbc24e27fe7d97,normalize_middle_record_omission,D09-S0-B0,descriptive,D09,compact_adaptive_voluntary_job2,S0,B0,1,upstream_fault,normalize,True,False,True,True,job_1,normalize,0,0
trial-7619aa8585109f0c,normalize_middle_record_omission,D09-S0-B1,descriptive,D09,compact_adaptive_voluntary_job2,S0,B1,1,upstream_fault,normalize,True,False,True,True,job_1,normalize,0,0
trial-15ad9cf378290305,normalize_middle_record_omission,D10-S0-B0,descriptive,D10,compact_fixed_both,S0,B0,1,upstream_fault,normalize,True,False,True,True,job_1,normalize,0,0
trial-6c620a4eb6fd323d,normalize_middle_record_omission,D10-S0-B1,descriptive,D10,compact_fixed_both,S0,B1,1,upstream_fault,normalize,True,False,True,True,job_1,normalize,0,0
trial-c722250316a8681b,normalize_middle_record_omission,D11-S0-B0,descriptive,D11,compact_adaptive_voluntary_both,S0,B0,1,upstream_fault,normalize,True,False,True,True,job_1,normalize,0,0
trial-56d1919aa354aafb,normalize_middle_record_omission,D11-S0-B1,descriptive,D11,compact_adaptive_voluntary_both,S0,B1,1,upstream_fault,normalize,True,False,True,True,job_1,normalize,0,0
trial-82821393130c3cc6,normalize_middle_record_omission,D12-S0-B0,descriptive,D12,compact_adaptive_required_one_both,S0,B0,1,upstream_fault,normalize,True,False,True,True,job_1,normalize,1,0
trial-c32b08d9f47ae7e1,normalize_middle_record_omission,D12-S0-B1,descriptive,D12,compact_adaptive_required_one_both,S0,B1,1,upstream_fault,normalize,True,False,True,True,job_1,normalize,1,0
trial-b7611005562833c5,normalize_middle_record_omission,C01-S0-B0,confirmatory,C01,current_job2,S0,B0,1,upstream_fault,normalize,True,False,True,False,job_1,,0,0
trial-c19b03d6d2771e35,normalize_middle_record_omission,C01-S0-B1,confirmatory,C01,current_job2,S0,B1,1,upstream_fault,normalize,True,False,True,False,job_1,select_demand,0,0
trial-5b624d3894a5c61d,normalize_middle_record_omission,C01-S1-B0,confirmatory,C01,current_job2,S1,B0,1,upstream_fault,normalize,True,False,True,True,job_1,normalize,0,0
trial-d0ba0290a35314ed,provenance_ranking_reversal,C02-S0-B0,confirmatory,C02,history_empty,S0,B0,1,upstream_fault,assemble_provenance,True,False,True,False,job_1,,0,0
trial-2e05bf78ded6965a,provenance_ranking_reversal,C02-S0-B1,confirmatory,C02,history_empty,S0,B1,1,upstream_fault,assemble_provenance,True,False,True,True,job_1,assemble_provenance,0,0
trial-72a60dc6bcd3e718,provenance_ranking_reversal,C02-S1-B0,confirmatory,C02,history_empty,S1,B0,1,upstream_fault,assemble_provenance,True,False,True,True,job_1,assemble_provenance,0,0
trial-cbbf483d02a4c56b,provenance_ranking_reversal,C02-S1-B1,confirmatory,C02,history_empty,S1,B1,1,upstream_fault,assemble_provenance,True,False,True,True,job_1,assemble_provenance,0,0
trial-e8754eba03d8331c,provenance_ranking_reversal,C03-S0-B0,confirmatory,C03,history_full,S0,B0,1,upstream_fault,assemble_provenance,True,False,True,False,job_1,,0,0
trial-7bb55bfd30616b75,provenance_ranking_reversal,C03-S0-B1,confirmatory,C03,history_full,S0,B1,1,upstream_fault,assemble_provenance,True,False,True,True,job_1,assemble_provenance,0,0
trial-7dfd247a114e0bb7,provenance_ranking_reversal,C03-S1-B0,confirmatory,C03,history_full,S1,B0,1,upstream_fault,assemble_provenance,True,False,True,True,job_1,assemble_provenance,0,0
trial-de5052995da69e34,provenance_ranking_reversal,C03-S1-B1,confirmatory,C03,history_full,S1,B1,1,upstream_fault,assemble_provenance,True,False,True,True,job_1,assemble_provenance,0,0
trial-c3cade092ed6b7e4,provenance_ranking_reversal,C04-S0-B0,confirmatory,C04,etiq_empty_job2,S0,B0,1,upstream_fault,assemble_provenance,True,False,True,False,job_1,,0,0
trial-0c52ff45cf833fa5,provenance_ranking_reversal,C04-S0-B1,confirmatory,C04,etiq_empty_job2,S0,B1,1,upstream_fault,assemble_provenance,True,False,True,True,job_1,assemble_provenance,0,0
trial-915e98083e9bffc0,provenance_ranking_reversal,C04-S1-B0,confirmatory,C04,etiq_empty_job2,S1,B0,1,upstream_fault,assemble_provenance,True,False,True,True,job_1,assemble_provenance,0,0
trial-25eea9f28650e822,provenance_ranking_reversal,C04-S1-B1,confirmatory,C04,etiq_empty_job2,S1,B1,1,upstream_fault,assemble_provenance,True,False,True,True,job_1,assemble_provenance,0,0
trial-2eb14e395454d11e,provenance_ranking_reversal,C05-S0-B0,confirmatory,C05,compact_fixed_job2,S0,B0,1,upstream_fault,assemble_provenance,True,False,True,True,job_1,assemble_provenance,0,0
trial-dc444f0b7170c994,provenance_ranking_reversal,C05-S0-B1,confirmatory,C05,compact_fixed_job2,S0,B1,1,upstream_fault,assemble_provenance,True,False,True,True,job_1,assemble_provenance,0,0
trial-27f476bc66ce8b14,provenance_ranking_reversal,C05-S1-B0,confirmatory,C05,compact_fixed_job2,S1,B0,1,upstream_fault,assemble_provenance,True,False,True,True,job_1,assemble_provenance,0,0
trial-32d98da9a736cd4c,provenance_ranking_reversal,C05-S1-B1,confirmatory,C05,compact_fixed_job2,S1,B1,1,upstream_fault,assemble_provenance,True,False,True,True,job_1,assemble_provenance,0,0
trial-f00af844e3024385,provenance_ranking_reversal,C06-S0-B0,confirmatory,C06,compact_adaptive_required_one_job2,S0,B0,1,upstream_fault,assemble_provenance,True,False,True,True,job_1,assemble_provenance,1,0
trial-13c6416640d4d266,provenance_ranking_reversal,C06-S0-B1,confirmatory,C06,compact_adaptive_required_one_job2,S0,B1,1,upstream_fault,assemble_provenance,True,False,True,True,job_1,assemble_provenance,1,0
trial-7947fa253e680b74,provenance_ranking_reversal,C06-S1-B0,confirmatory,C06,compact_adaptive_required_one_job2,S1,B0,1,upstream_fault,assemble_provenance,True,False,True,True,job_1,assemble_provenance,1,0
trial-6280ab30cbdcfffb,provenance_ranking_reversal,C06-S1-B1,confirmatory,C06,compact_adaptive_required_one_job2,S1,B1,1,upstream_fault,assemble_provenance,True,False,True,True,job_1,assemble_provenance,1,0
trial-cf679e955c6c098c,provenance_ranking_reversal,C07-S0-B0,confirmatory,C07,compact_reconsideration_job2,S0,B0,1,upstream_fault,assemble_provenance,True,False,True,True,job_1,assemble_provenance,0,1
trial-e12987c98e1ec67d,provenance_ranking_reversal,C07-S0-B1,confirmatory,C07,compact_reconsideration_job2,S0,B1,1,upstream_fault,assemble_provenance,True,False,True,True,job_1,assemble_provenance,0,1
trial-1f5dd96732b88314,provenance_ranking_reversal,C07-S1-B0,confirmatory,C07,compact_reconsideration_job2,S1,B0,1,upstream_fault,assemble_provenance,True,False,True,True,job_1,assemble_provenance,0,1
trial-aaf77147dec2fe30,provenance_ranking_reversal,C07-S1-B1,confirmatory,C07,compact_reconsideration_job2,S1,B1,1,upstream_fault,assemble_provenance,True,False,True,True,job_1,assemble_provenance,0,1
trial-d8ba7b483bbd54ce,provenance_ranking_reversal,D01-S0-B0,descriptive,D01,io_job2,S0,B0,1,upstream_fault,assemble_provenance,True,False,True,False,job_1,,0,0
trial-ece436500ece1760,provenance_ranking_reversal,D01-S0-B1,descriptive,D01,io_job2,S0,B1,1,upstream_fault,assemble_provenance,True,False,True,True,job_1,assemble_provenance,0,0
trial-cb62ad1e477288f6,provenance_ranking_reversal,D02-S0-B0,descriptive,D02,io_both,S0,B0,1,upstream_fault,assemble_provenance,True,False,True,False,job_1,,0,0
trial-c253ed20629f0053,provenance_ranking_reversal,D02-S0-B1,descriptive,D02,io_both,S0,B1,1,upstream_fault,assemble_provenance,True,False,True,True,job_1,assemble_provenance,0,0
trial-e82b0a13796680d9,provenance_ranking_reversal,D03-S0-B0,descriptive,D03,current_both_jobs,S0,B0,1,upstream_fault,assemble_provenance,True,False,True,False,job_1,,0,0
trial-cd4c24ca3cb92d23,provenance_ranking_reversal,D03-S0-B1,descriptive,D03,current_both_jobs,S0,B1,1,upstream_fault,assemble_provenance,True,False,True,True,job_1,assemble_provenance,0,0
trial-894c5183e3e51470,provenance_ranking_reversal,D04-S0-B0,descriptive,D04,etiq_empty_both,S0,B0,1,upstream_fault,assemble_provenance,True,False,True,False,job_1,,0,0
trial-369b67d9b0a85d21,provenance_ranking_reversal,D04-S0-B1,descriptive,D04,etiq_empty_both,S0,B1,1,upstream_fault,assemble_provenance,True,False,True,True,job_1,assemble_provenance,0,0
trial-1cecbbfa53959e36,provenance_ranking_reversal,D05-S0-B0,descriptive,D05,full_graph_job2_legacy,S0,B0,1,upstream_fault,assemble_provenance,True,False,True,True,job_1,assemble_provenance,0,0
trial-e7556528bab5b757,provenance_ranking_reversal,D05-S0-B1,descriptive,D05,full_graph_job2_legacy,S0,B1,1,upstream_fault,assemble_provenance,True,False,True,True,job_1,assemble_provenance,0,0
trial-d7657e17ae7689fe,provenance_ranking_reversal,D06-S0-B0,descriptive,D06,broad_selected_fixed_job2_legacy,S0,B0,1,upstream_fault,assemble_provenance,True,False,True,True,job_1,assemble_provenance,0,0
trial-75a0b5bd21efa5ff,provenance_ranking_reversal,D06-S0-B1,descriptive,D06,broad_selected_fixed_job2_legacy,S0,B1,1,upstream_fault,assemble_provenance,True,False,True,True,job_1,assemble_provenance,0,0
trial-16b18b84f913f451,provenance_ranking_reversal,D07-S0-B0,descriptive,D07,broad_selected_adaptive_job2_legacy,S0,B0,1,upstream_fault,assemble_provenance,True,False,True,True,job_1,assemble_provenance,0,0
trial-4cc8ea81ac76a47f,provenance_ranking_reversal,D07-S0-B1,descriptive,D07,broad_selected_adaptive_job2_legacy,S0,B1,1,upstream_fault,assemble_provenance,True,False,True,True,job_1,assemble_provenance,0,0
trial-04d69263eaea47e3,provenance_ranking_reversal,D08-S0-B0,descriptive,D08,random_matched_job2_legacy,S0,B0,1,upstream_fault,assemble_provenance,True,False,True,True,job_1,assemble_provenance,0,0
trial-6cd7b54ec5adc127,provenance_ranking_reversal,D08-S0-B1,descriptive,D08,random_matched_job2_legacy,S0,B1,1,upstream_fault,assemble_provenance,True,False,True,True,job_1,assemble_provenance,0,0
trial-f51937c614fb4e8b,provenance_ranking_reversal,D09-S0-B0,descriptive,D09,compact_adaptive_voluntary_job2,S0,B0,1,upstream_fault,assemble_provenance,True,False,True,True,job_1,assemble_provenance,0,0
trial-b1a6db05d3030e59,provenance_ranking_reversal,D09-S0-B1,descriptive,D09,compact_adaptive_voluntary_job2,S0,B1,1,upstream_fault,assemble_provenance,True,False,True,True,job_1,assemble_provenance,0,0
trial-8c61b29fd82273d8,provenance_ranking_reversal,D10-S0-B0,descriptive,D10,compact_fixed_both,S0,B0,1,upstream_fault,assemble_provenance,True,False,True,True,job_1,assemble_provenance,0,0
trial-25fd3037369dbc83,provenance_ranking_reversal,D10-S0-B1,descriptive,D10,compact_fixed_both,S0,B1,1,upstream_fault,assemble_provenance,True,False,True,True,job_1,assemble_provenance,0,0
trial-de4c081846e6e605,provenance_ranking_reversal,D11-S0-B0,descriptive,D11,compact_adaptive_voluntary_both,S0,B0,1,upstream_fault,assemble_provenance,True,False,True,True,job_1,assemble_provenance,0,0
trial-b749fc3b2f65907c,provenance_ranking_reversal,D11-S0-B1,descriptive,D11,compact_adaptive_voluntary_both,S0,B1,1,upstream_fault,assemble_provenance,True,False,True,True,job_1,assemble_provenance,0,0
trial-70c7782b0b9280dc,provenance_ranking_reversal,D12-S0-B0,descriptive,D12,compact_adaptive_required_one_both,S0,B0,1,upstream_fault,assemble_provenance,True,False,True,True,job_1,assemble_provenance,1,0
trial-0de941f095a77aca,provenance_ranking_reversal,D12-S0-B1,descriptive,D12,compact_adaptive_required_one_both,S0,B1,1,upstream_fault,assemble_provenance,True,False,True,True,job_1,assemble_provenance,1,0
trial-ab688736aa0e0651,provenance_ranking_reversal,C01-S0-B0,confirmatory,C01,current_job2,S0,B0,1,upstream_fault,assemble_provenance,True,False,True,False,job_1,,0,0
trial-6c1b16266b47905b,provenance_ranking_reversal,C01-S0-B1,confirmatory,C01,current_job2,S0,B1,1,upstream_fault,assemble_provenance,True,False,True,True,job_1,assemble_provenance,0,0
trial-af564429e68bc54b,provenance_ranking_reversal,C01-S1-B0,confirmatory,C01,current_job2,S1,B0,1,upstream_fault,assemble_provenance,True,False,True,True,job_1,assemble_provenance,0,0
trial-6afcb6d632738d27,provenance_ranking_reversal,C01-S1-B1,confirmatory,C01,current_job2,S1,B1,1,upstream_fault,assemble_provenance,True,False,True,True,job_1,assemble_provenance,0,0
trial-d67fe70daebb572d,provenance_join_identity,C02-S0-B1,confirmatory,C02,history_empty,S0,B1,1,upstream_fault,assemble_provenance,True,False,False,False,job_2,prioritize,0,0
trial-f47f3dee7af0da7f,provenance_join_identity,C02-S1-B0,confirmatory,C02,history_empty,S1,B0,1,upstream_fault,assemble_provenance,True,False,True,True,job_1,assemble_provenance,0,0
trial-aca4ace122b5b343,provenance_join_identity,C02-S1-B1,confirmatory,C02,history_empty,S1,B1,1,upstream_fault,assemble_provenance,True,False,True,True,job_1,assemble_provenance,0,0
trial-22413d3ae6b746b2,provenance_join_identity,C03-S0-B0,confirmatory,C03,history_full,S0,B0,1,upstream_fault,assemble_provenance,True,False,False,False,job_2,,0,0
trial-2fd2cd27de582054,provenance_join_identity,C03-S0-B1,confirmatory,C03,history_full,S0,B1,1,upstream_fault,assemble_provenance,True,False,False,False,job_2,prioritize,0,0
trial-44a8fd70569b3cfa,provenance_join_identity,C03-S1-B0,confirmatory,C03,history_full,S1,B0,1,upstream_fault,assemble_provenance,True,False,True,True,job_1,assemble_provenance,0,0
trial-b1d5ef66e5aab496,provenance_join_identity,C03-S1-B1,confirmatory,C03,history_full,S1,B1,1,upstream_fault,assemble_provenance,True,False,True,True,job_1,assemble_provenance,0,0
trial-344cc613b3fcfcf1,provenance_join_identity,C04-S0-B0,confirmatory,C04,etiq_empty_job2,S0,B0,1,upstream_fault,assemble_provenance,True,False,False,False,job_2,,0,0
trial-d33692a824c7a240,provenance_join_identity,C04-S0-B1,confirmatory,C04,etiq_empty_job2,S0,B1,1,upstream_fault,assemble_provenance,True,False,False,False,job_2,prioritize,0,0
trial-e865d7a7a41730ea,provenance_join_identity,C04-S1-B0,confirmatory,C04,etiq_empty_job2,S1,B0,1,upstream_fault,assemble_provenance,True,False,True,True,job_1,assemble_provenance,0,0
trial-4893651825dc24d5,provenance_join_identity,C04-S1-B1,confirmatory,C04,etiq_empty_job2,S1,B1,1,upstream_fault,assemble_provenance,True,False,True,True,job_1,assemble_provenance,0,0
trial-798ab703343382ee,provenance_join_identity,C05-S0-B0,confirmatory,C05,compact_fixed_job2,S0,B0,1,upstream_fault,assemble_provenance,True,False,True,True,job_1,assemble_provenance,0,0
trial-80d3a80232b84a1c,provenance_join_identity,C05-S0-B1,confirmatory,C05,compact_fixed_job2,S0,B1,1,upstream_fault,assemble_provenance,True,False,True,True,job_1,assemble_provenance,0,0
trial-a01fc6c63631718b,provenance_join_identity,C05-S1-B0,confirmatory,C05,compact_fixed_job2,S1,B0,1,upstream_fault,assemble_provenance,True,False,True,True,job_1,assemble_provenance,0,0
trial-da79f65d69f1382a,provenance_join_identity,C05-S1-B1,confirmatory,C05,compact_fixed_job2,S1,B1,1,upstream_fault,assemble_provenance,True,False,True,True,job_1,assemble_provenance,0,0
trial-a71d4fc7ae8aee0f,provenance_join_identity,C06-S0-B0,confirmatory,C06,compact_adaptive_required_one_job2,S0,B0,1,upstream_fault,assemble_provenance,True,False,True,True,job_1,assemble_provenance,1,0
trial-22acb141318f605c,provenance_join_identity,C06-S0-B1,confirmatory,C06,compact_adaptive_required_one_job2,S0,B1,1,upstream_fault,assemble_provenance,True,False,True,True,job_1,assemble_provenance,1,0
trial-4ebd3a58a86c9f0b,provenance_join_identity,C06-S1-B0,confirmatory,C06,compact_adaptive_required_one_job2,S1,B0,1,upstream_fault,assemble_provenance,True,False,True,True,job_1,assemble_provenance,1,0
trial-fd8907063bed2898,provenance_join_identity,C06-S1-B1,confirmatory,C06,compact_adaptive_required_one_job2,S1,B1,1,upstream_fault,assemble_provenance,True,False,True,True,job_1,assemble_provenance,1,0
trial-f7a7648c019125cd,provenance_join_identity,C07-S0-B0,confirmatory,C07,compact_reconsideration_job2,S0,B0,1,upstream_fault,assemble_provenance,True,False,True,True,job_1,assemble_provenance,0,1
trial-96bc701efdd4a31b,provenance_join_identity,C07-S0-B1,confirmatory,C07,compact_reconsideration_job2,S0,B1,1,upstream_fault,assemble_provenance,True,False,True,True,job_1,assemble_provenance,0,1
trial-b86a8970dae8824f,provenance_join_identity,C07-S1-B0,confirmatory,C07,compact_reconsideration_job2,S1,B0,1,upstream_fault,assemble_provenance,True,False,True,True,job_1,assemble_provenance,0,1
trial-50e01a70a16ad556,provenance_join_identity,C07-S1-B1,confirmatory,C07,compact_reconsideration_job2,S1,B1,1,upstream_fault,assemble_provenance,True,False,True,True,job_1,assemble_provenance,0,1
trial-73fe7fbca606f54a,provenance_join_identity,D01-S0-B0,descriptive,D01,io_job2,S0,B0,1,upstream_fault,assemble_provenance,True,False,False,False,job_2,,0,0
trial-49671da7ca857b35,provenance_join_identity,D01-S0-B1,descriptive,D01,io_job2,S0,B1,1,upstream_fault,assemble_provenance,True,False,False,False,job_2,prioritize,0,0
trial-a41fa6b3cf0eeca7,provenance_join_identity,D02-S0-B0,descriptive,D02,io_both,S0,B0,1,upstream_fault,assemble_provenance,True,False,False,False,job_2,,0,0
trial-ecd7bff1297c080d,provenance_join_identity,D02-S0-B1,descriptive,D02,io_both,S0,B1,1,upstream_fault,assemble_provenance,True,False,False,False,job_2,prioritize,0,0
trial-ea53943b634c812c,provenance_join_identity,D03-S0-B0,descriptive,D03,current_both_jobs,S0,B0,1,upstream_fault,assemble_provenance,True,False,False,False,job_2,,0,0
trial-7174e071835b6f8e,provenance_join_identity,D03-S0-B1,descriptive,D03,current_both_jobs,S0,B1,1,upstream_fault,assemble_provenance,True,False,False,False,job_2,prioritize,0,0
trial-da3a78d23c302d3f,provenance_join_identity,D04-S0-B0,descriptive,D04,etiq_empty_both,S0,B0,1,upstream_fault,assemble_provenance,True,False,False,False,job_2,,0,0
trial-181ff2bc9287346d,provenance_join_identity,D04-S0-B1,descriptive,D04,etiq_empty_both,S0,B1,1,upstream_fault,assemble_provenance,True,False,False,False,job_2,prioritize,0,0
trial-1dcf9eb0d20ee72f,provenance_join_identity,D05-S0-B0,descriptive,D05,full_graph_job2_legacy,S0,B0,1,upstream_fault,assemble_provenance,True,False,True,True,job_1,assemble_provenance,0,0
trial-6f15139bdd251024,provenance_join_identity,D05-S0-B1,descriptive,D05,full_graph_job2_legacy,S0,B1,1,upstream_fault,assemble_provenance,True,False,True,True,job_1,assemble_provenance,0,0
trial-7a29395cb3cb98b5,provenance_join_identity,D06-S0-B0,descriptive,D06,broad_selected_fixed_job2_legacy,S0,B0,1,upstream_fault,assemble_provenance,True,False,True,True,job_1,assemble_provenance,0,0
trial-d172c601bff0864f,provenance_join_identity,D06-S0-B1,descriptive,D06,broad_selected_fixed_job2_legacy,S0,B1,1,upstream_fault,assemble_provenance,True,False,True,True,job_1,assemble_provenance,0,0
trial-51b1ec64b4d98b62,provenance_join_identity,D07-S0-B0,descriptive,D07,broad_selected_adaptive_job2_legacy,S0,B0,1,upstream_fault,assemble_provenance,True,False,True,True,job_1,assemble_provenance,0,0
trial-395353602ea053a4,provenance_join_identity,D07-S0-B1,descriptive,D07,broad_selected_adaptive_job2_legacy,S0,B1,1,upstream_fault,assemble_provenance,True,False,True,True,job_1,assemble_provenance,0,0
trial-0eb55ae6f54cad05,provenance_join_identity,D08-S0-B0,descriptive,D08,random_matched_job2_legacy,S0,B0,1,upstream_fault,assemble_provenance,True,False,True,True,job_1,assemble_provenance,0,0
trial-80f9fe9c11ec1fd6,provenance_join_identity,D08-S0-B1,descriptive,D08,random_matched_job2_legacy,S0,B1,1,upstream_fault,assemble_provenance,True,False,True,True,job_1,assemble_provenance,0,0
trial-4c2d6c564f85be26,provenance_join_identity,D09-S0-B0,descriptive,D09,compact_adaptive_voluntary_job2,S0,B0,1,upstream_fault,assemble_provenance,True,False,True,True,job_1,assemble_provenance,0,0
trial-3c1aa539494e8189,provenance_join_identity,D09-S0-B1,descriptive,D09,compact_adaptive_voluntary_job2,S0,B1,1,upstream_fault,assemble_provenance,True,False,True,True,job_1,assemble_provenance,0,0
trial-3b577025ecfdd1b4,provenance_join_identity,D10-S0-B0,descriptive,D10,compact_fixed_both,S0,B0,1,upstream_fault,assemble_provenance,True,False,True,True,job_1,assemble_provenance,0,0
trial-314d192bd8a8fd02,provenance_join_identity,D10-S0-B1,descriptive,D10,compact_fixed_both,S0,B1,1,upstream_fault,assemble_provenance,True,False,True,True,job_1,assemble_provenance,0,0
trial-d31e771f3d70ddc4,provenance_join_identity,D11-S0-B0,descriptive,D11,compact_adaptive_voluntary_both,S0,B0,1,upstream_fault,assemble_provenance,True,False,True,True,job_1,assemble_provenance,0,0
trial-a7eeda29f6120126,provenance_join_identity,D11-S0-B1,descriptive,D11,compact_adaptive_voluntary_both,S0,B1,1,upstream_fault,assemble_provenance,True,False,True,True,job_1,assemble_provenance,0,0
trial-6a5843e7765b27c4,provenance_join_identity,D12-S0-B0,descriptive,D12,compact_adaptive_required_one_both,S0,B0,1,upstream_fault,assemble_provenance,True,False,True,True,job_1,assemble_provenance,1,0
trial-326da94e112475a4,provenance_join_identity,D12-S0-B1,descriptive,D12,compact_adaptive_required_one_both,S0,B1,1,upstream_fault,assemble_provenance,True,False,True,True,job_1,assemble_provenance,1,0
trial-38c642ac006fe87d,provenance_join_identity,C01-S0-B0,confirmatory,C01,current_job2,S0,B0,1,upstream_fault,assemble_provenance,True,False,False,False,job_2,,0,0
trial-614f4b94ec695e7c,provenance_join_identity,C01-S0-B1,confirmatory,C01,current_job2,S0,B1,1,upstream_fault,assemble_provenance,True,False,False,False,job_2,prioritize,0,0
trial-274cecb1f4b4b07c,provenance_join_identity,C01-S1-B0,confirmatory,C01,current_job2,S1,B0,1,upstream_fault,assemble_provenance,True,False,False,False,job_2,prioritize,0,0
trial-68c2ddf7ea40cd83,provenance_join_identity,C01-S1-B1,confirmatory,C01,current_job2,S1,B1,1,upstream_fault,assemble_provenance,True,False,True,True,job_1,assemble_provenance,0,0
trial-dc5dcda1274429f1,provenance_join_identity,C02-S0-B0,confirmatory,C02,history_empty,S0,B0,1,upstream_fault,assemble_provenance,True,False,False,False,job_2,,0,0
trial-8057f5e990c21b2a,n16-clean-control,C02-S1-B0,confirmatory,C02,history_empty,S1,B0,1,matched_clean_control,,False,False,False,False,,,0,0
trial-15aa1d044ee96648,n16-clean-control,C02-S1-B1,confirmatory,C02,history_empty,S1,B1,1,matched_clean_control,,False,False,False,False,,,0,0
trial-c79858cd85bdac5d,n16-clean-control,C03-S0-B0,confirmatory,C03,history_full,S0,B0,1,matched_clean_control,,False,False,False,False,,,0,0
trial-69f3bf9988ef844b,n16-clean-control,C03-S0-B1,confirmatory,C03,history_full,S0,B1,1,matched_clean_control,,False,False,False,False,,,0,0
trial-45d4ef501df87773,n16-clean-control,C03-S1-B0,confirmatory,C03,history_full,S1,B0,1,matched_clean_control,,False,False,False,False,,,0,0
trial-4d8ca6ccd12637c7,n16-clean-control,C03-S1-B1,confirmatory,C03,history_full,S1,B1,1,matched_clean_control,,False,False,False,False,,,0,0
trial-ed26e6786cdda74e,n16-clean-control,C04-S0-B0,confirmatory,C04,etiq_empty_job2,S0,B0,1,matched_clean_control,,True,True,False,False,job_2,,0,0
trial-61f71ab0bf337816,n16-clean-control,C04-S0-B1,confirmatory,C04,etiq_empty_job2,S0,B1,1,matched_clean_control,,False,False,False,False,,,0,0
trial-93c2617d0f46714b,n16-clean-control,C04-S1-B0,confirmatory,C04,etiq_empty_job2,S1,B0,1,matched_clean_control,,False,False,False,False,,,0,0
trial-a2a5a264a2390bd5,n16-clean-control,C04-S1-B1,confirmatory,C04,etiq_empty_job2,S1,B1,1,matched_clean_control,,False,False,False,False,,,0,0
trial-27eba6e0ccd5a32c,n16-clean-control,C05-S0-B0,confirmatory,C05,compact_fixed_job2,S0,B0,1,matched_clean_control,,False,False,False,False,,,0,0
trial-ec3e85f12d742699,n16-clean-control,C05-S0-B1,confirmatory,C05,compact_fixed_job2,S0,B1,1,matched_clean_control,,False,False,False,False,,,0,0
trial-0db268f32faa14f1,n16-clean-control,C05-S1-B0,confirmatory,C05,compact_fixed_job2,S1,B0,1,matched_clean_control,,False,False,False,False,,,0,0
trial-b2a776c64c00aa73,n16-clean-control,C05-S1-B1,confirmatory,C05,compact_fixed_job2,S1,B1,1,matched_clean_control,,False,False,False,False,,,0,0
trial-337abfb9a9654379,n16-clean-control,C06-S0-B0,confirmatory,C06,compact_adaptive_required_one_job2,S0,B0,1,matched_clean_control,,False,False,False,False,,,1,0
trial-0117c6205b5e10af,n16-clean-control,C06-S0-B1,confirmatory,C06,compact_adaptive_required_one_job2,S0,B1,1,matched_clean_control,,False,False,False,False,,,1,0
trial-6fc2b5dacc64d23a,n16-clean-control,C06-S1-B0,confirmatory,C06,compact_adaptive_required_one_job2,S1,B0,1,matched_clean_control,,False,False,False,False,,,1,0
trial-750a07292ceab9f7,n16-clean-control,C06-S1-B1,confirmatory,C06,compact_adaptive_required_one_job2,S1,B1,1,matched_clean_control,,False,False,False,False,,,1,0
trial-1b28e85e948f28cf,n16-clean-control,C07-S0-B0,confirmatory,C07,compact_reconsideration_job2,S0,B0,1,matched_clean_control,,False,False,False,False,,,0,1
trial-4993a94a4bed5ac5,n16-clean-control,C07-S0-B1,confirmatory,C07,compact_reconsideration_job2,S0,B1,1,matched_clean_control,,False,False,False,False,,,0,1
trial-57f35d6d72246d5b,n16-clean-control,C07-S1-B0,confirmatory,C07,compact_reconsideration_job2,S1,B0,1,matched_clean_control,,False,False,False,False,,,0,1
trial-a7d807288c6958d2,n16-clean-control,C07-S1-B1,confirmatory,C07,compact_reconsideration_job2,S1,B1,1,matched_clean_control,,False,False,False,False,,,0,1
trial-ee64c4b44577d39b,n16-clean-control,D01-S0-B0,descriptive,D01,io_job2,S0,B0,1,matched_clean_control,,True,True,False,False,job_2,,0,0
trial-f561d57cd57e9311,n16-clean-control,D01-S0-B1,descriptive,D01,io_job2,S0,B1,1,matched_clean_control,,False,False,False,False,,,0,0
trial-3a64d87ad8480120,n16-clean-control,D02-S0-B0,descriptive,D02,io_both,S0,B0,1,matched_clean_control,,False,False,False,False,,,0,0
trial-5bab36ca3a1daaa8,n16-clean-control,D02-S0-B1,descriptive,D02,io_both,S0,B1,1,matched_clean_control,,False,False,False,False,,,0,0
trial-9335b9e0bfa03849,n16-clean-control,D03-S0-B0,descriptive,D03,current_both_jobs,S0,B0,1,matched_clean_control,,False,False,False,False,,,0,0
trial-cf6bfb0a2e1be720,n16-clean-control,D03-S0-B1,descriptive,D03,current_both_jobs,S0,B1,1,matched_clean_control,,False,False,False,False,,,0,0
trial-1cc4fd9f85901d1e,n16-clean-control,D04-S0-B0,descriptive,D04,etiq_empty_both,S0,B0,1,matched_clean_control,,False,False,False,False,,,0,0
trial-76dc5e1d3b8ffa80,n16-clean-control,D04-S0-B1,descriptive,D04,etiq_empty_both,S0,B1,1,matched_clean_control,,False,False,False,False,,,0,0
trial-87fe4952e120bfd6,n16-clean-control,D05-S0-B0,descriptive,D05,full_graph_job2_legacy,S0,B0,1,matched_clean_control,,False,False,False,False,,,0,0
trial-506dbf2e7ef7eb7b,n16-clean-control,D05-S0-B1,descriptive,D05,full_graph_job2_legacy,S0,B1,1,matched_clean_control,,False,False,False,False,,,0,0
trial-5989527d250f31d0,n16-clean-control,D06-S0-B0,descriptive,D06,broad_selected_fixed_job2_legacy,S0,B0,1,matched_clean_control,,False,False,False,False,,,0,0
trial-1f3b7d9930804681,n16-clean-control,D06-S0-B1,descriptive,D06,broad_selected_fixed_job2_legacy,S0,B1,1,matched_clean_control,,False,False,False,False,,,0,0
trial-3bc8aad9d49323bb,n16-clean-control,D07-S0-B0,descriptive,D07,broad_selected_adaptive_job2_legacy,S0,B0,1,matched_clean_control,,False,False,False,False,,,0,0
trial-b89e62213b22258e,n16-clean-control,D07-S0-B1,descriptive,D07,broad_selected_adaptive_job2_legacy,S0,B1,1,matched_clean_control,,False,False,False,False,,,0,0
trial-2f8df5f9b8a03f69,n16-clean-control,D08-S0-B0,descriptive,D08,random_matched_job2_legacy,S0,B0,1,matched_clean_control,,False,False,False,False,,,0,0
trial-0d5c657ef9efe946,n16-clean-control,D08-S0-B1,descriptive,D08,random_matched_job2_legacy,S0,B1,1,matched_clean_control,,False,False,False,False,,,0,0
trial-2f9037496ba9fa12,n16-clean-control,D09-S0-B0,descriptive,D09,compact_adaptive_voluntary_job2,S0,B0,1,matched_clean_control,,False,False,False,False,,,0,0
trial-0582de6aef02c6a1,n16-clean-control,D09-S0-B1,descriptive,D09,compact_adaptive_voluntary_job2,S0,B1,1,matched_clean_control,,False,False,False,False,,,0,0
trial-27abbf5d94067749,n16-clean-control,D10-S0-B0,descriptive,D10,compact_fixed_both,S0,B0,1,matched_clean_control,,False,False,False,False,,,0,0
trial-68889ee2880854f5,n16-clean-control,D10-S0-B1,descriptive,D10,compact_fixed_both,S0,B1,1,matched_clean_control,,False,False,False,False,,,0,0
trial-590f7432505610ff,n16-clean-control,D11-S0-B0,descriptive,D11,compact_adaptive_voluntary_both,S0,B0,1,matched_clean_control,,False,False,False,False,,,0,0
trial-8cfc35d2680941d3,n16-clean-control,D11-S0-B1,descriptive,D11,compact_adaptive_voluntary_both,S0,B1,1,matched_clean_control,,False,False,False,False,,,0,0
trial-20d9d8e0537b3c6c,n16-clean-control,D12-S0-B0,descriptive,D12,compact_adaptive_required_one_both,S0,B0,1,matched_clean_control,,False,False,False,False,,,1,0
trial-9cdd052104272e3e,n16-clean-control,D12-S0-B1,descriptive,D12,compact_adaptive_required_one_both,S0,B1,1,matched_clean_control,,False,False,False,False,,,1,0
trial-54d142b1441a718c,n16-clean-control,C01-S0-B0,confirmatory,C01,current_job2,S0,B0,1,matched_clean_control,,True,True,False,False,job_2,,0,0
trial-bdf1c7bc3da2a145,n16-clean-control,C01-S0-B1,confirmatory,C01,current_job2,S0,B1,1,matched_clean_control,,False,False,False,False,,,0,0
trial-6bc14edc8f4f102c,n16-clean-control,C01-S1-B0,confirmatory,C01,current_job2,S1,B0,1,matched_clean_control,,False,False,False,False,,,0,0
trial-ef93a07c511ba37e,n16-clean-control,C01-S1-B1,confirmatory,C01,current_job2,S1,B1,1,matched_clean_control,,False,False,False,False,,,0,0
trial-623214a8f1acc881,n16-clean-control,C02-S0-B0,confirmatory,C02,history_empty,S0,B0,1,matched_clean_control,,True,True,False,False,job_2,,0,0
trial-8dc4785929a716e1,n16-clean-control,C02-S0-B1,confirmatory,C02,history_empty,S0,B1,1,matched_clean_control,,False,False,False,False,,,0,0
trial-df49028fdf243334,select_wrong_source_weight,C02-S1-B1,confirmatory,C02,history_empty,S1,B1,2,upstream_fault,select_demand,True,False,True,True,job_1,select_demand,0,0
trial-260b22c70e37226e,select_wrong_source_weight,C03-S0-B0,confirmatory,C03,history_full,S0,B0,2,upstream_fault,select_demand,True,False,True,False,job_1,,0,0
trial-063703f71b00d6c8,select_wrong_source_weight,C03-S0-B1,confirmatory,C03,history_full,S0,B1,2,upstream_fault,select_demand,True,False,True,False,job_1,normalize,0,0
trial-2807f21051bf5981,select_wrong_source_weight,C03-S1-B0,confirmatory,C03,history_full,S1,B0,2,upstream_fault,select_demand,True,False,True,True,job_1,select_demand,0,0
trial-b54421176fd5f586,select_wrong_source_weight,C03-S1-B1,confirmatory,C03,history_full,S1,B1,2,upstream_fault,select_demand,True,False,True,True,job_1,select_demand,0,0
trial-0138a4895c5495e9,select_wrong_source_weight,C04-S0-B0,confirmatory,C04,etiq_empty_job2,S0,B0,2,upstream_fault,select_demand,True,False,True,False,job_1,,0,0
trial-b8e3a7323e7d4d18,select_wrong_source_weight,C04-S0-B1,confirmatory,C04,etiq_empty_job2,S0,B1,2,upstream_fault,select_demand,True,False,True,False,job_1,,0,0
trial-00fd9c1a2cb91349,select_wrong_source_weight,C04-S1-B0,confirmatory,C04,etiq_empty_job2,S1,B0,2,upstream_fault,select_demand,True,False,True,True,job_1,select_demand,0,0
trial-2272f61e3490cca2,select_wrong_source_weight,C04-S1-B1,confirmatory,C04,etiq_empty_job2,S1,B1,2,upstream_fault,select_demand,True,False,True,True,job_1,select_demand,0,0
trial-015d1692f51abd28,select_wrong_source_weight,C05-S0-B0,confirmatory,C05,compact_fixed_job2,S0,B0,2,upstream_fault,select_demand,True,False,True,True,job_1,select_demand,0,0
trial-f7bf736c6c0b8da1,select_wrong_source_weight,C05-S0-B1,confirmatory,C05,compact_fixed_job2,S0,B1,2,upstream_fault,select_demand,True,False,True,True,job_1,select_demand,0,0
trial-4361f468523e74bb,select_wrong_source_weight,C05-S1-B0,confirmatory,C05,compact_fixed_job2,S1,B0,2,upstream_fault,select_demand,True,False,True,True,job_1,select_demand,0,0
trial-f1e2aecef9392ed4,select_wrong_source_weight,C05-S1-B1,confirmatory,C05,compact_fixed_job2,S1,B1,2,upstream_fault,select_demand,True,False,True,True,job_1,select_demand,0,0
trial-59964ff296f94a4a,select_wrong_source_weight,C06-S0-B0,confirmatory,C06,compact_adaptive_required_one_job2,S0,B0,2,upstream_fault,select_demand,True,False,True,True,job_1,select_demand,1,0
trial-6a90b5be252a9c52,select_wrong_source_weight,C06-S0-B1,confirmatory,C06,compact_adaptive_required_one_job2,S0,B1,2,upstream_fault,select_demand,True,False,True,True,job_1,select_demand,1,0
trial-6494166d82023ff2,select_wrong_source_weight,C06-S1-B0,confirmatory,C06,compact_adaptive_required_one_job2,S1,B0,2,upstream_fault,select_demand,True,False,True,True,job_1,select_demand,1,0
trial-93b1b1fbb3db5615,select_wrong_source_weight,C06-S1-B1,confirmatory,C06,compact_adaptive_required_one_job2,S1,B1,2,upstream_fault,select_demand,True,False,True,True,job_1,select_demand,1,0
trial-5df8809e05565865,select_wrong_source_weight,C07-S0-B0,confirmatory,C07,compact_reconsideration_job2,S0,B0,2,upstream_fault,select_demand,True,False,True,True,job_1,select_demand,0,1
trial-751637067433c5a6,select_wrong_source_weight,C07-S0-B1,confirmatory,C07,compact_reconsideration_job2,S0,B1,2,upstream_fault,select_demand,True,False,True,True,job_1,select_demand,0,1
trial-9210127610a4506f,select_wrong_source_weight,C07-S1-B0,confirmatory,C07,compact_reconsideration_job2,S1,B0,2,upstream_fault,select_demand,True,False,True,True,job_1,select_demand,0,1
trial-5317ee01151f6d2f,select_wrong_source_weight,C07-S1-B1,confirmatory,C07,compact_reconsideration_job2,S1,B1,2,upstream_fault,select_demand,True,False,True,True,job_1,select_demand,0,1
trial-36c19f8d0a063f18,select_wrong_source_weight,D01-S0-B0,descriptive,D01,io_job2,S0,B0,2,upstream_fault,select_demand,True,False,True,False,job_1,,0,0
trial-3b7a9b0de10f64e9,select_wrong_source_weight,D01-S0-B1,descriptive,D01,io_job2,S0,B1,2,upstream_fault,select_demand,True,False,True,False,job_1,,0,0
trial-0ea7021a6b537abf,select_wrong_source_weight,D02-S0-B0,descriptive,D02,io_both,S0,B0,2,upstream_fault,select_demand,True,False,True,False,job_1,,0,0
trial-ff559eaa7908f3f8,select_wrong_source_weight,D02-S0-B1,descriptive,D02,io_both,S0,B1,2,upstream_fault,select_demand,True,False,True,False,job_1,,0,0
trial-ad2120d96b50a3a9,select_wrong_source_weight,D03-S0-B0,descriptive,D03,current_both_jobs,S0,B0,2,upstream_fault,select_demand,True,False,True,False,job_1,,0,0
trial-e87c996fac296123,select_wrong_source_weight,D03-S0-B1,descriptive,D03,current_both_jobs,S0,B1,2,upstream_fault,select_demand,True,False,True,False,job_1,normalize,0,0
trial-65e7ced6753a5dca,select_wrong_source_weight,D04-S0-B0,descriptive,D04,etiq_empty_both,S0,B0,2,upstream_fault,select_demand,True,False,True,False,job_1,,0,0
trial-aa10ba5bf62f1bdf,select_wrong_source_weight,D04-S0-B1,descriptive,D04,etiq_empty_both,S0,B1,2,upstream_fault,select_demand,True,False,True,False,job_1,,0,0
trial-d3e5f4afc8928a7d,select_wrong_source_weight,D05-S0-B0,descriptive,D05,full_graph_job2_legacy,S0,B0,2,upstream_fault,select_demand,True,False,True,True,job_1,select_demand,0,0
trial-d9d09f31b5c9281f,select_wrong_source_weight,D05-S0-B1,descriptive,D05,full_graph_job2_legacy,S0,B1,2,upstream_fault,select_demand,True,False,True,True,job_1,select_demand,0,0
trial-f31df2dbc0c389ca,select_wrong_source_weight,D06-S0-B0,descriptive,D06,broad_selected_fixed_job2_legacy,S0,B0,2,upstream_fault,select_demand,True,False,True,True,job_1,select_demand,0,0
trial-9ae15e9ca81bc9e9,select_wrong_source_weight,D06-S0-B1,descriptive,D06,broad_selected_fixed_job2_legacy,S0,B1,2,upstream_fault,select_demand,True,False,True,True,job_1,select_demand,0,0
trial-dbfedc026bcd80a3,select_wrong_source_weight,D07-S0-B0,descriptive,D07,broad_selected_adaptive_job2_legacy,S0,B0,2,upstream_fault,select_demand,True,False,True,True,job_1,select_demand,0,0
trial-8edfea217c4e87db,select_wrong_source_weight,D07-S0-B1,descriptive,D07,broad_selected_adaptive_job2_legacy,S0,B1,2,upstream_fault,select_demand,True,False,True,True,job_1,select_demand,0,0
trial-b546ebb57af2a8e9,select_wrong_source_weight,D08-S0-B0,descriptive,D08,random_matched_job2_legacy,S0,B0,2,upstream_fault,select_demand,True,False,True,True,job_1,select_demand,0,0
trial-98581047cefe6d20,select_wrong_source_weight,D08-S0-B1,descriptive,D08,random_matched_job2_legacy,S0,B1,2,upstream_fault,select_demand,True,False,True,True,job_1,select_demand,0,0
trial-3e2d4c9fab70ca1b,select_wrong_source_weight,D09-S0-B0,descriptive,D09,compact_adaptive_voluntary_job2,S0,B0,2,upstream_fault,select_demand,True,False,True,True,job_1,select_demand,0,0
trial-3a66e791983aecb6,select_wrong_source_weight,D09-S0-B1,descriptive,D09,compact_adaptive_voluntary_job2,S0,B1,2,upstream_fault,select_demand,True,False,True,True,job_1,select_demand,0,0
trial-0b1563e74e6aaa88,select_wrong_source_weight,D10-S0-B0,descriptive,D10,compact_fixed_both,S0,B0,2,upstream_fault,select_demand,True,False,True,True,job_1,select_demand,0,0
trial-279f6faa34b316d8,select_wrong_source_weight,D10-S0-B1,descriptive,D10,compact_fixed_both,S0,B1,2,upstream_fault,select_demand,True,False,True,True,job_1,select_demand,0,0
trial-b2064b050b466144,select_wrong_source_weight,D11-S0-B0,descriptive,D11,compact_adaptive_voluntary_both,S0,B0,2,upstream_fault,select_demand,True,False,True,True,job_1,select_demand,0,0
trial-bf81ff9d36e83824,select_wrong_source_weight,D11-S0-B1,descriptive,D11,compact_adaptive_voluntary_both,S0,B1,2,upstream_fault,select_demand,True,False,True,True,job_1,select_demand,0,0
trial-549a7dbe478a679b,select_wrong_source_weight,D12-S0-B0,descriptive,D12,compact_adaptive_required_one_both,S0,B0,2,upstream_fault,select_demand,True,False,True,True,job_1,select_demand,1,0
trial-877e850322351986,select_wrong_source_weight,D12-S0-B1,descriptive,D12,compact_adaptive_required_one_both,S0,B1,2,upstream_fault,select_demand,True,False,True,True,job_1,select_demand,1,0
trial-51db92e29b3db28d,select_wrong_source_weight,C01-S0-B0,confirmatory,C01,current_job2,S0,B0,2,upstream_fault,select_demand,True,False,True,False,job_1,,0,0
trial-6b6519b9871a5813,select_wrong_source_weight,C01-S0-B1,confirmatory,C01,current_job2,S0,B1,2,upstream_fault,select_demand,True,False,True,False,job_1,,0,0
trial-de9ee3498bdc57a5,select_wrong_source_weight,C01-S1-B0,confirmatory,C01,current_job2,S1,B0,2,upstream_fault,select_demand,True,False,True,True,job_1,select_demand,0,0
trial-a6e0a053c2161723,select_wrong_source_weight,C01-S1-B1,confirmatory,C01,current_job2,S1,B1,2,upstream_fault,select_demand,True,False,True,True,job_1,select_demand,0,0
trial-dbf9e5a50c2da147,select_wrong_source_weight,C02-S0-B0,confirmatory,C02,history_empty,S0,B0,2,upstream_fault,select_demand,True,False,True,False,job_1,,0,0
trial-931740b63157d0e3,select_wrong_source_weight,C02-S0-B1,confirmatory,C02,history_empty,S0,B1,2,upstream_fault,select_demand,True,False,True,False,job_1,,0,0
trial-d82d20485430ad93,select_wrong_source_weight,C02-S1-B0,confirmatory,C02,history_empty,S1,B0,2,upstream_fault,select_demand,True,False,True,True,job_1,select_demand,0,0
trial-c747424310f3d6a1,normalize_top_record_omission,C03-S0-B0,confirmatory,C03,history_full,S0,B0,2,upstream_fault,normalize,True,False,True,False,job_1,,0,0
trial-d9cd15e0582b48aa,normalize_top_record_omission,C03-S0-B1,confirmatory,C03,history_full,S0,B1,2,upstream_fault,normalize,True,False,True,False,job_1,select_demand,0,0
trial-549ffc97c447e066,normalize_top_record_omission,C03-S1-B0,confirmatory,C03,history_full,S1,B0,2,upstream_fault,normalize,True,False,True,True,job_1,normalize,0,0
trial-728aa4f4e0ff4bb8,normalize_top_record_omission,C03-S1-B1,confirmatory,C03,history_full,S1,B1,2,upstream_fault,normalize,True,False,True,True,job_1,normalize,0,0
trial-b79468334d761ac6,normalize_top_record_omission,C04-S0-B0,confirmatory,C04,etiq_empty_job2,S0,B0,2,upstream_fault,normalize,True,False,True,False,job_1,,0,0
trial-c157eaca79ce1576,normalize_top_record_omission,C04-S0-B1,confirmatory,C04,etiq_empty_job2,S0,B1,2,upstream_fault,normalize,True,False,True,False,job_1,,0,0
trial-4ec0899d03bccd1c,normalize_top_record_omission,C04-S1-B0,confirmatory,C04,etiq_empty_job2,S1,B0,2,upstream_fault,normalize,True,False,True,True,job_1,normalize,0,0
trial-949c839398c80fba,normalize_top_record_omission,C04-S1-B1,confirmatory,C04,etiq_empty_job2,S1,B1,2,upstream_fault,normalize,True,False,True,True,job_1,normalize,0,0
trial-5827f3a074127c44,normalize_top_record_omission,C05-S0-B0,confirmatory,C05,compact_fixed_job2,S0,B0,2,upstream_fault,normalize,True,False,True,True,job_1,normalize,0,0
trial-53e58e5394540892,normalize_top_record_omission,C05-S0-B1,confirmatory,C05,compact_fixed_job2,S0,B1,2,upstream_fault,normalize,True,False,True,True,job_1,normalize,0,0
trial-e49a3bc5e3e5b758,normalize_top_record_omission,C05-S1-B0,confirmatory,C05,compact_fixed_job2,S1,B0,2,upstream_fault,normalize,True,False,True,True,job_1,normalize,0,0
trial-deca6c59a1bbf97c,normalize_top_record_omission,C05-S1-B1,confirmatory,C05,compact_fixed_job2,S1,B1,2,upstream_fault,normalize,True,False,True,True,job_1,normalize,0,0
trial-f4e21a92549b8e8d,normalize_top_record_omission,C06-S0-B0,confirmatory,C06,compact_adaptive_required_one_job2,S0,B0,2,upstream_fault,normalize,True,False,True,True,job_1,normalize,1,0
trial-72de5acab6f3305e,normalize_top_record_omission,C06-S0-B1,confirmatory,C06,compact_adaptive_required_one_job2,S0,B1,2,upstream_fault,normalize,True,False,True,True,job_1,normalize,1,0
trial-bae63d5dee3fc824,normalize_top_record_omission,C06-S1-B0,confirmatory,C06,compact_adaptive_required_one_job2,S1,B0,2,upstream_fault,normalize,True,False,True,True,job_1,normalize,1,0
trial-eb8f632a7c55d62d,normalize_top_record_omission,C06-S1-B1,confirmatory,C06,compact_adaptive_required_one_job2,S1,B1,2,upstream_fault,normalize,True,False,True,True,job_1,normalize,1,0
trial-11db4e6524323e07,normalize_top_record_omission,C07-S0-B0,confirmatory,C07,compact_reconsideration_job2,S0,B0,2,upstream_fault,normalize,True,False,True,True,job_1,normalize,0,1
trial-8538b8eeec64e8ae,normalize_top_record_omission,C07-S0-B1,confirmatory,C07,compact_reconsideration_job2,S0,B1,2,upstream_fault,normalize,True,False,True,True,job_1,normalize,0,1
trial-f06e343ee9b18d7c,normalize_top_record_omission,C07-S1-B0,confirmatory,C07,compact_reconsideration_job2,S1,B0,2,upstream_fault,normalize,True,False,True,True,job_1,normalize,0,1
trial-ec469bfd32d44a2c,normalize_top_record_omission,C07-S1-B1,confirmatory,C07,compact_reconsideration_job2,S1,B1,2,upstream_fault,normalize,True,False,True,True,job_1,normalize,0,1
trial-cd5acb557482ddef,normalize_top_record_omission,D01-S0-B0,descriptive,D01,io_job2,S0,B0,2,upstream_fault,normalize,True,False,True,False,job_1,,0,0
trial-3ab4dbc87d685fca,normalize_top_record_omission,D01-S0-B1,descriptive,D01,io_job2,S0,B1,2,upstream_fault,normalize,True,False,True,False,job_1,,0,0
trial-6fa42c8221ef6a32,normalize_top_record_omission,D02-S0-B0,descriptive,D02,io_both,S0,B0,2,upstream_fault,normalize,True,False,True,False,job_1,,0,0
trial-c9ffe668baed5071,normalize_top_record_omission,D02-S0-B1,descriptive,D02,io_both,S0,B1,2,upstream_fault,normalize,True,False,True,False,job_1,select_demand,0,0
trial-c36772e378605dc9,normalize_top_record_omission,D03-S0-B0,descriptive,D03,current_both_jobs,S0,B0,2,upstream_fault,normalize,True,False,True,False,job_1,,0,0
trial-16f9204b74216a04,normalize_top_record_omission,D03-S0-B1,descriptive,D03,current_both_jobs,S0,B1,2,upstream_fault,normalize,True,False,True,False,job_1,select_demand,0,0
trial-76a0d0bbb65552e1,normalize_top_record_omission,D04-S0-B0,descriptive,D04,etiq_empty_both,S0,B0,2,upstream_fault,normalize,True,False,True,False,job_1,,0,0
trial-3c8ae4c5015a7f28,normalize_top_record_omission,D04-S0-B1,descriptive,D04,etiq_empty_both,S0,B1,2,upstream_fault,normalize,True,False,True,False,job_1,select_demand,0,0
trial-cff0aa7d0de214e7,normalize_top_record_omission,D05-S0-B0,descriptive,D05,full_graph_job2_legacy,S0,B0,2,upstream_fault,normalize,True,False,True,True,job_1,normalize,0,0
trial-b1d36de89462a24a,normalize_top_record_omission,D05-S0-B1,descriptive,D05,full_graph_job2_legacy,S0,B1,2,upstream_fault,normalize,True,False,True,True,job_1,normalize,0,0
trial-009023f52c132b15,normalize_top_record_omission,D06-S0-B0,descriptive,D06,broad_selected_fixed_job2_legacy,S0,B0,2,upstream_fault,normalize,True,False,True,True,job_1,normalize,0,0
trial-96497a2acf82a8c7,normalize_top_record_omission,D06-S0-B1,descriptive,D06,broad_selected_fixed_job2_legacy,S0,B1,2,upstream_fault,normalize,True,False,True,True,job_1,normalize,0,0
trial-94425d16d81a5326,normalize_top_record_omission,D07-S0-B0,descriptive,D07,broad_selected_adaptive_job2_legacy,S0,B0,2,upstream_fault,normalize,True,False,True,True,job_1,normalize,0,0
trial-345fc108e2043924,normalize_top_record_omission,D07-S0-B1,descriptive,D07,broad_selected_adaptive_job2_legacy,S0,B1,2,upstream_fault,normalize,True,False,True,True,job_1,normalize,0,0
trial-d1248b20e1e40246,normalize_top_record_omission,D08-S0-B0,descriptive,D08,random_matched_job2_legacy,S0,B0,2,upstream_fault,normalize,True,False,True,True,job_1,normalize,0,0
trial-28a669ece14dafc4,normalize_top_record_omission,D08-S0-B1,descriptive,D08,random_matched_job2_legacy,S0,B1,2,upstream_fault,normalize,True,False,True,True,job_1,normalize,0,0
trial-8f6e86651a98cbdd,normalize_top_record_omission,D09-S0-B0,descriptive,D09,compact_adaptive_voluntary_job2,S0,B0,2,upstream_fault,normalize,True,False,True,True,job_1,normalize,0,0
trial-637a6d18ee951924,normalize_top_record_omission,D09-S0-B1,descriptive,D09,compact_adaptive_voluntary_job2,S0,B1,2,upstream_fault,normalize,True,False,True,True,job_1,normalize,0,0
trial-dd6c9283d8520ce4,normalize_top_record_omission,D10-S0-B0,descriptive,D10,compact_fixed_both,S0,B0,2,upstream_fault,normalize,True,False,True,True,job_1,normalize,0,0
trial-2806919d119f5220,normalize_top_record_omission,D10-S0-B1,descriptive,D10,compact_fixed_both,S0,B1,2,upstream_fault,normalize,True,False,True,True,job_1,normalize,0,0
trial-e60b3d20365e38fa,normalize_top_record_omission,D11-S0-B0,descriptive,D11,compact_adaptive_voluntary_both,S0,B0,2,upstream_fault,normalize,True,False,True,True,job_1,normalize,0,0
trial-08c8f0828993b906,normalize_top_record_omission,D11-S0-B1,descriptive,D11,compact_adaptive_voluntary_both,S0,B1,2,upstream_fault,normalize,True,False,True,True,job_1,normalize,0,0
trial-7ca755ab5f9f19f7,normalize_top_record_omission,D12-S0-B0,descriptive,D12,compact_adaptive_required_one_both,S0,B0,2,upstream_fault,normalize,True,False,True,True,job_1,normalize,1,0
trial-4edf9366f65f679d,normalize_top_record_omission,D12-S0-B1,descriptive,D12,compact_adaptive_required_one_both,S0,B1,2,upstream_fault,normalize,True,False,True,True,job_1,normalize,1,0
trial-abcfaf7b57a81853,normalize_top_record_omission,C01-S0-B0,confirmatory,C01,current_job2,S0,B0,2,upstream_fault,normalize,True,False,True,False,job_1,,0,0
trial-3439d9f311f93cc5,normalize_top_record_omission,C01-S0-B1,confirmatory,C01,current_job2,S0,B1,2,upstream_fault,normalize,True,False,True,False,job_1,select_demand,0,0
trial-f45a16080caf90d5,normalize_top_record_omission,C01-S1-B0,confirmatory,C01,current_job2,S1,B0,2,upstream_fault,normalize,True,False,True,True,job_1,normalize,0,0
trial-ecf4caaa746fda63,normalize_top_record_omission,C01-S1-B1,confirmatory,C01,current_job2,S1,B1,2,upstream_fault,normalize,True,False,True,True,job_1,normalize,0,0
trial-758430738485c705,normalize_top_record_omission,C02-S0-B0,confirmatory,C02,history_empty,S0,B0,2,upstream_fault,normalize,True,False,True,False,job_1,,0,0
trial-75cd9cfd1ce638ef,normalize_top_record_omission,C02-S0-B1,confirmatory,C02,history_empty,S0,B1,2,upstream_fault,normalize,True,False,True,False,job_1,,0,0
trial-4d42eed9b74516ac,normalize_top_record_omission,C02-S1-B0,confirmatory,C02,history_empty,S1,B0,2,upstream_fault,normalize,True,False,True,True,job_1,normalize,0,0
trial-b126b799c5b2a7fe,normalize_top_record_omission,C02-S1-B1,confirmatory,C02,history_empty,S1,B1,2,upstream_fault,normalize,True,False,True,True,job_1,normalize,0,0
trial-fd04456007c31ada,normalize_middle_record_omission,C03-S0-B1,confirmatory,C03,history_full,S0,B1,2,upstream_fault,normalize,True,False,True,False,job_1,select_demand,0,0
trial-f071f6a94358789b,normalize_middle_record_omission,C03-S1-B0,confirmatory,C03,history_full,S1,B0,2,upstream_fault,normalize,True,False,True,True,job_1,normalize,0,0
trial-2c64fff223f59205,normalize_middle_record_omission,C03-S1-B1,confirmatory,C03,history_full,S1,B1,2,upstream_fault,normalize,True,False,True,True,job_1,normalize,0,0
trial-fbe6a5a23f41fa39,normalize_middle_record_omission,C04-S0-B0,confirmatory,C04,etiq_empty_job2,S0,B0,2,upstream_fault,normalize,True,False,True,False,job_1,,0,0
trial-a4c74e703fda5f44,normalize_middle_record_omission,C04-S0-B1,confirmatory,C04,etiq_empty_job2,S0,B1,2,upstream_fault,normalize,True,False,True,False,job_1,select_demand,0,0
trial-383ea214cf6f3669,normalize_middle_record_omission,C04-S1-B0,confirmatory,C04,etiq_empty_job2,S1,B0,2,upstream_fault,normalize,True,False,True,True,job_1,normalize,0,0
trial-ab89329afeac0994,normalize_middle_record_omission,C04-S1-B1,confirmatory,C04,etiq_empty_job2,S1,B1,2,upstream_fault,normalize,True,False,True,True,job_1,normalize,0,0
trial-73eef199321505f8,normalize_middle_record_omission,C05-S0-B0,confirmatory,C05,compact_fixed_job2,S0,B0,2,upstream_fault,normalize,True,False,True,True,job_1,normalize,0,0
trial-c7857a8739e7db91,normalize_middle_record_omission,C05-S0-B1,confirmatory,C05,compact_fixed_job2,S0,B1,2,upstream_fault,normalize,True,False,True,True,job_1,normalize,0,0
trial-51635364ded02ef9,normalize_middle_record_omission,C05-S1-B0,confirmatory,C05,compact_fixed_job2,S1,B0,2,upstream_fault,normalize,True,False,True,True,job_1,normalize,0,0
trial-4f39f33dfef4288a,normalize_middle_record_omission,C05-S1-B1,confirmatory,C05,compact_fixed_job2,S1,B1,2,upstream_fault,normalize,True,False,True,True,job_1,normalize,0,0
trial-0c423d69e264ce73,normalize_middle_record_omission,C06-S0-B0,confirmatory,C06,compact_adaptive_required_one_job2,S0,B0,2,upstream_fault,normalize,True,False,True,True,job_1,normalize,1,0
trial-f6a24778039805f9,normalize_middle_record_omission,C06-S0-B1,confirmatory,C06,compact_adaptive_required_one_job2,S0,B1,2,upstream_fault,normalize,True,False,True,True,job_1,normalize,1,0
trial-3d889178c63a0ec3,normalize_middle_record_omission,C06-S1-B0,confirmatory,C06,compact_adaptive_required_one_job2,S1,B0,2,upstream_fault,normalize,True,False,True,True,job_1,normalize,1,0
trial-b7cc2910fbc3fc9b,normalize_middle_record_omission,C06-S1-B1,confirmatory,C06,compact_adaptive_required_one_job2,S1,B1,2,upstream_fault,normalize,True,False,True,True,job_1,normalize,1,0
trial-62709f953fc475f2,normalize_middle_record_omission,C07-S0-B0,confirmatory,C07,compact_reconsideration_job2,S0,B0,2,upstream_fault,normalize,True,False,True,True,job_1,normalize,0,1
trial-ece1f8fcfea8446e,normalize_middle_record_omission,C07-S0-B1,confirmatory,C07,compact_reconsideration_job2,S0,B1,2,upstream_fault,normalize,True,False,True,True,job_1,normalize,0,1
trial-254033b8f1d48eda,normalize_middle_record_omission,C07-S1-B0,confirmatory,C07,compact_reconsideration_job2,S1,B0,2,upstream_fault,normalize,True,False,True,True,job_1,normalize,0,1
trial-c0df3e0a6a93806a,normalize_middle_record_omission,C07-S1-B1,confirmatory,C07,compact_reconsideration_job2,S1,B1,2,upstream_fault,normalize,True,False,True,True,job_1,normalize,0,1
trial-d0378d660c07419b,normalize_middle_record_omission,D01-S0-B0,descriptive,D01,io_job2,S0,B0,2,upstream_fault,normalize,True,False,True,False,job_1,,0,0
trial-cff65de31fa70e52,normalize_middle_record_omission,D01-S0-B1,descriptive,D01,io_job2,S0,B1,2,upstream_fault,normalize,True,False,True,False,job_1,select_demand,0,0
trial-397822ad1dd32c56,normalize_middle_record_omission,D02-S0-B0,descriptive,D02,io_both,S0,B0,2,upstream_fault,normalize,True,False,True,False,job_1,,0,0
trial-e41bd1970a8f89ac,normalize_middle_record_omission,D02-S0-B1,descriptive,D02,io_both,S0,B1,2,upstream_fault,normalize,True,False,True,False,job_1,select_demand,0,0
trial-be9d69de0bd82441,normalize_middle_record_omission,D03-S0-B0,descriptive,D03,current_both_jobs,S0,B0,2,upstream_fault,normalize,True,False,True,False,job_1,,0,0
trial-d33f058f6156b7b0,normalize_middle_record_omission,D03-S0-B1,descriptive,D03,current_both_jobs,S0,B1,2,upstream_fault,normalize,True,False,True,False,job_1,select_demand,0,0
trial-cfac220960a7f85c,normalize_middle_record_omission,D04-S0-B0,descriptive,D04,etiq_empty_both,S0,B0,2,upstream_fault,normalize,True,False,True,False,job_1,,0,0
trial-9a75a8953d002ebf,normalize_middle_record_omission,D04-S0-B1,descriptive,D04,etiq_empty_both,S0,B1,2,upstream_fault,normalize,True,False,True,False,job_1,select_demand,0,0
trial-3011d4695360eced,normalize_middle_record_omission,D05-S0-B0,descriptive,D05,full_graph_job2_legacy,S0,B0,2,upstream_fault,normalize,True,False,True,True,job_1,normalize,0,0
trial-2d0cd2adc751ecaf,normalize_middle_record_omission,D05-S0-B1,descriptive,D05,full_graph_job2_legacy,S0,B1,2,upstream_fault,normalize,True,False,True,True,job_1,normalize,0,0
trial-1ad9a779b09f56e6,normalize_middle_record_omission,D06-S0-B0,descriptive,D06,broad_selected_fixed_job2_legacy,S0,B0,2,upstream_fault,normalize,True,False,True,True,job_1,normalize,0,0
trial-b61ea49a16caf413,normalize_middle_record_omission,D06-S0-B1,descriptive,D06,broad_selected_fixed_job2_legacy,S0,B1,2,upstream_fault,normalize,True,False,True,True,job_1,normalize,0,0
trial-e63cb126e53d7199,normalize_middle_record_omission,D07-S0-B0,descriptive,D07,broad_selected_adaptive_job2_legacy,S0,B0,2,upstream_fault,normalize,True,False,True,True,job_1,normalize,0,0
trial-a62be023899664e8,normalize_middle_record_omission,D07-S0-B1,descriptive,D07,broad_selected_adaptive_job2_legacy,S0,B1,2,upstream_fault,normalize,True,False,True,True,job_1,normalize,0,0
trial-3eb3000ee61b9ad0,normalize_middle_record_omission,D08-S0-B0,descriptive,D08,random_matched_job2_legacy,S0,B0,2,upstream_fault,normalize,True,False,True,True,job_1,normalize,0,0
trial-e3d16720d0c7a9d1,normalize_middle_record_omission,D08-S0-B1,descriptive,D08,random_matched_job2_legacy,S0,B1,2,upstream_fault,normalize,True,False,True,True,job_1,normalize,0,0
trial-b67910681c58b4d0,normalize_middle_record_omission,D09-S0-B0,descriptive,D09,compact_adaptive_voluntary_job2,S0,B0,2,upstream_fault,normalize,True,False,True,True,job_1,normalize,0,0
trial-99f18824dbec6f83,normalize_middle_record_omission,D09-S0-B1,descriptive,D09,compact_adaptive_voluntary_job2,S0,B1,2,upstream_fault,normalize,True,False,True,True,job_1,normalize,0,0
trial-eac5d92a033549cc,normalize_middle_record_omission,D10-S0-B0,descriptive,D10,compact_fixed_both,S0,B0,2,upstream_fault,normalize,True,False,True,True,job_1,normalize,0,0
trial-5cd436381b4a25f5,normalize_middle_record_omission,D10-S0-B1,descriptive,D10,compact_fixed_both,S0,B1,2,upstream_fault,normalize,True,False,True,True,job_1,normalize,0,0
trial-267972817bb26699,normalize_middle_record_omission,D11-S0-B0,descriptive,D11,compact_adaptive_voluntary_both,S0,B0,2,upstream_fault,normalize,True,False,True,True,job_1,normalize,0,0
trial-79e89dcb1319b973,normalize_middle_record_omission,D11-S0-B1,descriptive,D11,compact_adaptive_voluntary_both,S0,B1,2,upstream_fault,normalize,True,False,True,True,job_1,normalize,0,0
trial-fa783e43ea73526b,normalize_middle_record_omission,D12-S0-B0,descriptive,D12,compact_adaptive_required_one_both,S0,B0,2,upstream_fault,normalize,True,False,True,True,job_1,normalize,1,0
trial-67654f5ce82d057a,normalize_middle_record_omission,D12-S0-B1,descriptive,D12,compact_adaptive_required_one_both,S0,B1,2,upstream_fault,normalize,True,False,True,True,job_1,normalize,1,0
trial-77647785bb4bd8c4,normalize_middle_record_omission,C01-S0-B0,confirmatory,C01,current_job2,S0,B0,2,upstream_fault,normalize,True,False,True,False,job_1,,0,0
trial-222fc0f4d12d5d88,normalize_middle_record_omission,C01-S0-B1,confirmatory,C01,current_job2,S0,B1,2,upstream_fault,normalize,True,False,True,False,job_1,select_demand,0,0
trial-56a23b94f78fee40,normalize_middle_record_omission,C01-S1-B0,confirmatory,C01,current_job2,S1,B0,2,upstream_fault,normalize,True,False,True,True,job_1,normalize,0,0
trial-423f93be9bf9a2c6,normalize_middle_record_omission,C01-S1-B1,confirmatory,C01,current_job2,S1,B1,2,upstream_fault,normalize,True,False,True,True,job_1,normalize,0,0
trial-fb749ddf70bd0380,normalize_middle_record_omission,C02-S0-B0,confirmatory,C02,history_empty,S0,B0,2,upstream_fault,normalize,True,False,True,False,job_1,,0,0
trial-dc5b9053798f8356,normalize_middle_record_omission,C02-S0-B1,confirmatory,C02,history_empty,S0,B1,2,upstream_fault,normalize,True,False,True,False,job_1,select_demand,0,0
trial-1590d4c5d06df947,normalize_middle_record_omission,C02-S1-B0,confirmatory,C02,history_empty,S1,B0,2,upstream_fault,normalize,True,False,True,True,job_1,normalize,0,0
trial-d46e80c945879f35,normalize_middle_record_omission,C02-S1-B1,confirmatory,C02,history_empty,S1,B1,2,upstream_fault,normalize,True,False,True,True,job_1,normalize,0,0
trial-adca2b56cac8b9a9,normalize_middle_record_omission,C03-S0-B0,confirmatory,C03,history_full,S0,B0,2,upstream_fault,normalize,True,False,True,False,job_1,,0,0
trial-fb9fb9906332f7c8,provenance_ranking_reversal,C03-S1-B0,confirmatory,C03,history_full,S1,B0,2,upstream_fault,assemble_provenance,True,False,True,True,job_1,assemble_provenance,0,0
trial-590d6c94cc662654,provenance_ranking_reversal,C03-S1-B1,confirmatory,C03,history_full,S1,B1,2,upstream_fault,assemble_provenance,True,False,True,True,job_1,assemble_provenance,0,0
trial-d6f763709531b94c,provenance_ranking_reversal,C04-S0-B0,confirmatory,C04,etiq_empty_job2,S0,B0,2,upstream_fault,assemble_provenance,True,False,True,False,job_1,,0,0
trial-882f1d38e9082090,provenance_ranking_reversal,C04-S0-B1,confirmatory,C04,etiq_empty_job2,S0,B1,2,upstream_fault,assemble_provenance,True,False,True,True,job_1,assemble_provenance,0,0
trial-338a7775c3a69ae8,provenance_ranking_reversal,C04-S1-B0,confirmatory,C04,etiq_empty_job2,S1,B0,2,upstream_fault,assemble_provenance,True,False,True,True,job_1,assemble_provenance,0,0
trial-24df362042682db3,provenance_ranking_reversal,C04-S1-B1,confirmatory,C04,etiq_empty_job2,S1,B1,2,upstream_fault,assemble_provenance,True,False,True,True,job_1,assemble_provenance,0,0
trial-5559095166b6c1cd,provenance_ranking_reversal,C05-S0-B0,confirmatory,C05,compact_fixed_job2,S0,B0,2,upstream_fault,assemble_provenance,True,False,True,True,job_1,assemble_provenance,0,0
trial-a8abb32ffeb8a371,provenance_ranking_reversal,C05-S0-B1,confirmatory,C05,compact_fixed_job2,S0,B1,2,upstream_fault,assemble_provenance,True,False,True,True,job_1,assemble_provenance,0,0
trial-6f656cdcf51029bb,provenance_ranking_reversal,C05-S1-B0,confirmatory,C05,compact_fixed_job2,S1,B0,2,upstream_fault,assemble_provenance,True,False,True,True,job_1,assemble_provenance,0,0
trial-c6e80437fa82515c,provenance_ranking_reversal,C05-S1-B1,confirmatory,C05,compact_fixed_job2,S1,B1,2,upstream_fault,assemble_provenance,True,False,True,True,job_1,assemble_provenance,0,0
trial-eae8ad83dbbb2147,provenance_ranking_reversal,C06-S0-B0,confirmatory,C06,compact_adaptive_required_one_job2,S0,B0,2,upstream_fault,assemble_provenance,True,False,True,True,job_1,assemble_provenance,1,0
trial-c5c4d806f85c067a,provenance_ranking_reversal,C06-S0-B1,confirmatory,C06,compact_adaptive_required_one_job2,S0,B1,2,upstream_fault,assemble_provenance,True,False,True,True,job_1,assemble_provenance,1,0
trial-81d19c66a6d830a5,provenance_ranking_reversal,C06-S1-B0,confirmatory,C06,compact_adaptive_required_one_job2,S1,B0,2,upstream_fault,assemble_provenance,True,False,True,True,job_1,assemble_provenance,1,0
trial-acb8326a0321e4c1,provenance_ranking_reversal,C06-S1-B1,confirmatory,C06,compact_adaptive_required_one_job2,S1,B1,2,upstream_fault,assemble_provenance,True,False,True,True,job_1,assemble_provenance,1,0
trial-303ea3e87b7c187a,provenance_ranking_reversal,C07-S0-B0,confirmatory,C07,compact_reconsideration_job2,S0,B0,2,upstream_fault,assemble_provenance,True,False,True,True,job_1,assemble_provenance,0,1
trial-68d7757a67fda7a4,provenance_ranking_reversal,C07-S0-B1,confirmatory,C07,compact_reconsideration_job2,S0,B1,2,upstream_fault,assemble_provenance,True,False,True,True,job_1,assemble_provenance,0,1
trial-ba7937346e833f13,provenance_ranking_reversal,C07-S1-B0,confirmatory,C07,compact_reconsideration_job2,S1,B0,2,upstream_fault,assemble_provenance,True,False,True,True,job_1,assemble_provenance,0,1
trial-fc1aed09290a1a87,provenance_ranking_reversal,C07-S1-B1,confirmatory,C07,compact_reconsideration_job2,S1,B1,2,upstream_fault,assemble_provenance,True,False,True,True,job_1,assemble_provenance,0,1
trial-d82c7fbaee8e5d43,provenance_ranking_reversal,D01-S0-B0,descriptive,D01,io_job2,S0,B0,2,upstream_fault,assemble_provenance,True,False,False,False,job_2,,0,0
trial-a0eee5534137e9a7,provenance_ranking_reversal,D01-S0-B1,descriptive,D01,io_job2,S0,B1,2,upstream_fault,assemble_provenance,True,False,True,True,job_1,assemble_provenance,0,0
trial-bd5822492d891ee5,provenance_ranking_reversal,D02-S0-B0,descriptive,D02,io_both,S0,B0,2,upstream_fault,assemble_provenance,True,False,True,False,job_1,,0,0
trial-6977d74f1228237e,provenance_ranking_reversal,D02-S0-B1,descriptive,D02,io_both,S0,B1,2,upstream_fault,assemble_provenance,True,False,True,True,job_1,assemble_provenance,0,0
trial-58ea7da2291c6e7e,provenance_ranking_reversal,D03-S0-B0,descriptive,D03,current_both_jobs,S0,B0,2,upstream_fault,assemble_provenance,True,False,True,False,job_1,,0,0
trial-6ae7ae2b025576b4,provenance_ranking_reversal,D03-S0-B1,descriptive,D03,current_both_jobs,S0,B1,2,upstream_fault,assemble_provenance,True,False,True,True,job_1,assemble_provenance,0,0
trial-3c92ca5581737652,provenance_ranking_reversal,D04-S0-B0,descriptive,D04,etiq_empty_both,S0,B0,2,upstream_fault,assemble_provenance,True,False,True,False,job_1,,0,0
trial-bf4c3816d3752711,provenance_ranking_reversal,D04-S0-B1,descriptive,D04,etiq_empty_both,S0,B1,2,upstream_fault,assemble_provenance,True,False,True,True,job_1,assemble_provenance,0,0
trial-a6952b76a44a905b,provenance_ranking_reversal,D05-S0-B0,descriptive,D05,full_graph_job2_legacy,S0,B0,2,upstream_fault,assemble_provenance,True,False,True,True,job_1,assemble_provenance,0,0
trial-5ba711ce46369e4d,provenance_ranking_reversal,D05-S0-B1,descriptive,D05,full_graph_job2_legacy,S0,B1,2,upstream_fault,assemble_provenance,True,False,True,True,job_1,assemble_provenance,0,0
trial-00a359e63c5b1019,provenance_ranking_reversal,D06-S0-B0,descriptive,D06,broad_selected_fixed_job2_legacy,S0,B0,2,upstream_fault,assemble_provenance,True,False,True,True,job_1,assemble_provenance,0,0
trial-dd9e33dde68db5c8,provenance_ranking_reversal,D06-S0-B1,descriptive,D06,broad_selected_fixed_job2_legacy,S0,B1,2,upstream_fault,assemble_provenance,True,False,True,True,job_1,assemble_provenance,0,0
trial-da82f336b8a28a1b,provenance_ranking_reversal,D07-S0-B0,descriptive,D07,broad_selected_adaptive_job2_legacy,S0,B0,2,upstream_fault,assemble_provenance,True,False,True,True,job_1,assemble_provenance,0,0
trial-92b9198996d78d2f,provenance_ranking_reversal,D07-S0-B1,descriptive,D07,broad_selected_adaptive_job2_legacy,S0,B1,2,upstream_fault,assemble_provenance,True,False,True,True,job_1,assemble_provenance,0,0
trial-e942e2a5481b89d0,provenance_ranking_reversal,D08-S0-B0,descriptive,D08,random_matched_job2_legacy,S0,B0,2,upstream_fault,assemble_provenance,True,False,True,True,job_1,assemble_provenance,0,0
trial-1872fcc7ec2b11fa,provenance_ranking_reversal,D08-S0-B1,descriptive,D08,random_matched_job2_legacy,S0,B1,2,upstream_fault,assemble_provenance,True,False,True,True,job_1,assemble_provenance,0,0
trial-7b7fc8e30348c44d,provenance_ranking_reversal,D09-S0-B0,descriptive,D09,compact_adaptive_voluntary_job2,S0,B0,2,upstream_fault,assemble_provenance,True,False,True,True,job_1,assemble_provenance,0,0
trial-c28871edb5e8fd1b,provenance_ranking_reversal,D09-S0-B1,descriptive,D09,compact_adaptive_voluntary_job2,S0,B1,2,upstream_fault,assemble_provenance,True,False,True,True,job_1,assemble_provenance,0,0
trial-be10181b0504fd78,provenance_ranking_reversal,D10-S0-B0,descriptive,D10,compact_fixed_both,S0,B0,2,upstream_fault,assemble_provenance,True,False,True,True,job_1,assemble_provenance,0,0
trial-2a79981f8a3859b8,provenance_ranking_reversal,D10-S0-B1,descriptive,D10,compact_fixed_both,S0,B1,2,upstream_fault,assemble_provenance,True,False,True,True,job_1,assemble_provenance,0,0
trial-f47871d73c25d899,provenance_ranking_reversal,D11-S0-B0,descriptive,D11,compact_adaptive_voluntary_both,S0,B0,2,upstream_fault,assemble_provenance,True,False,True,True,job_1,assemble_provenance,0,0
trial-1924ed43a99a3883,provenance_ranking_reversal,D11-S0-B1,descriptive,D11,compact_adaptive_voluntary_both,S0,B1,2,upstream_fault,assemble_provenance,True,False,True,True,job_1,assemble_provenance,0,0
trial-c557adc5d9ffc86c,provenance_ranking_reversal,D12-S0-B0,descriptive,D12,compact_adaptive_required_one_both,S0,B0,2,upstream_fault,assemble_provenance,True,False,True,True,job_1,assemble_provenance,1,0
trial-32b11b9cba3c5a58,provenance_ranking_reversal,D12-S0-B1,descriptive,D12,compact_adaptive_required_one_both,S0,B1,2,upstream_fault,assemble_provenance,True,False,True,True,job_1,assemble_provenance,1,0
trial-240e4044b16c5f84,provenance_ranking_reversal,C01-S0-B0,confirmatory,C01,current_job2,S0,B0,2,upstream_fault,assemble_provenance,True,False,True,False,job_1,,0,0
trial-375d9cebe0b801ab,provenance_ranking_reversal,C01-S0-B1,confirmatory,C01,current_job2,S0,B1,2,upstream_fault,assemble_provenance,True,False,True,True,job_1,assemble_provenance,0,0
trial-0416f2a546fd1d0b,provenance_ranking_reversal,C01-S1-B0,confirmatory,C01,current_job2,S1,B0,2,upstream_fault,assemble_provenance,True,False,True,True,job_1,assemble_provenance,0,0
trial-07bd3d3fa621d116,provenance_ranking_reversal,C01-S1-B1,confirmatory,C01,current_job2,S1,B1,2,upstream_fault,assemble_provenance,True,False,True,True,job_1,assemble_provenance,0,0
trial-74ee7a9d0b4c349d,provenance_ranking_reversal,C02-S0-B0,confirmatory,C02,history_empty,S0,B0,2,upstream_fault,assemble_provenance,True,False,True,False,job_1,,0,0
trial-a9ba783d54af7e03,provenance_ranking_reversal,C02-S0-B1,confirmatory,C02,history_empty,S0,B1,2,upstream_fault,assemble_provenance,True,False,True,True,job_1,assemble_provenance,0,0
trial-82121551ec08afce,provenance_ranking_reversal,C02-S1-B0,confirmatory,C02,history_empty,S1,B0,2,upstream_fault,assemble_provenance,True,False,True,True,job_1,assemble_provenance,0,0
trial-44c869f4b231ad99,provenance_ranking_reversal,C02-S1-B1,confirmatory,C02,history_empty,S1,B1,2,upstream_fault,assemble_provenance,True,False,True,True,job_1,assemble_provenance,0,0
trial-97533ce65a639b09,provenance_ranking_reversal,C03-S0-B0,confirmatory,C03,history_full,S0,B0,2,upstream_fault,assemble_provenance,True,False,True,False,job_1,,0,0
trial-d52dc2ffcc401f17,provenance_ranking_reversal,C03-S0-B1,confirmatory,C03,history_full,S0,B1,2,upstream_fault,assemble_provenance,True,False,True,True,job_1,assemble_provenance,0,0
trial-e38de5122e841b56,provenance_join_identity,C03-S1-B1,confirmatory,C03,history_full,S1,B1,2,upstream_fault,assemble_provenance,True,False,True,True,job_1,assemble_provenance,0,0
trial-afeacd74aa4c5886,provenance_join_identity,C04-S0-B0,confirmatory,C04,etiq_empty_job2,S0,B0,2,upstream_fault,assemble_provenance,True,False,False,False,job_2,,0,0
trial-5aedcda866849320,provenance_join_identity,C04-S0-B1,confirmatory,C04,etiq_empty_job2,S0,B1,2,upstream_fault,assemble_provenance,True,False,False,False,job_2,prioritize,0,0
trial-b9aa45d13e935dfc,provenance_join_identity,C04-S1-B0,confirmatory,C04,etiq_empty_job2,S1,B0,2,upstream_fault,assemble_provenance,True,False,True,True,job_1,assemble_provenance,0,0
trial-6ca02f37212fb6c8,provenance_join_identity,C04-S1-B1,confirmatory,C04,etiq_empty_job2,S1,B1,2,upstream_fault,assemble_provenance,True,False,True,True,job_1,assemble_provenance,0,0
trial-fe784a04a74ed1a9,provenance_join_identity,C05-S0-B0,confirmatory,C05,compact_fixed_job2,S0,B0,2,upstream_fault,assemble_provenance,True,False,True,True,job_1,assemble_provenance,0,0
trial-fdb8f74192cc1892,provenance_join_identity,C05-S0-B1,confirmatory,C05,compact_fixed_job2,S0,B1,2,upstream_fault,assemble_provenance,True,False,True,True,job_1,assemble_provenance,0,0
trial-9e927d053b8cb250,provenance_join_identity,C05-S1-B0,confirmatory,C05,compact_fixed_job2,S1,B0,2,upstream_fault,assemble_provenance,True,False,True,True,job_1,assemble_provenance,0,0
trial-5aadc1d242ea8025,provenance_join_identity,C05-S1-B1,confirmatory,C05,compact_fixed_job2,S1,B1,2,upstream_fault,assemble_provenance,True,False,True,True,job_1,assemble_provenance,0,0
trial-75b3f54622fbdd96,provenance_join_identity,C06-S0-B0,confirmatory,C06,compact_adaptive_required_one_job2,S0,B0,2,upstream_fault,assemble_provenance,True,False,True,True,job_1,assemble_provenance,1,0
trial-3e59fd2dcc3203bf,provenance_join_identity,C06-S0-B1,confirmatory,C06,compact_adaptive_required_one_job2,S0,B1,2,upstream_fault,assemble_provenance,True,False,True,True,job_1,assemble_provenance,1,0
trial-ae6b1306265bbe74,provenance_join_identity,C06-S1-B0,confirmatory,C06,compact_adaptive_required_one_job2,S1,B0,2,upstream_fault,assemble_provenance,True,False,True,True,job_1,assemble_provenance,1,0
trial-b3418b92fc9d0a54,provenance_join_identity,C06-S1-B1,confirmatory,C06,compact_adaptive_required_one_job2,S1,B1,2,upstream_fault,assemble_provenance,True,False,True,True,job_1,assemble_provenance,1,0
trial-7d169f2417eb8186,provenance_join_identity,C07-S0-B0,confirmatory,C07,compact_reconsideration_job2,S0,B0,2,upstream_fault,assemble_provenance,True,False,True,True,job_1,assemble_provenance,0,1
trial-ea4800d4dce32e9e,provenance_join_identity,C07-S0-B1,confirmatory,C07,compact_reconsideration_job2,S0,B1,2,upstream_fault,assemble_provenance,True,False,True,True,job_1,assemble_provenance,0,1
trial-bb2a7c9ed6d6e84a,provenance_join_identity,C07-S1-B0,confirmatory,C07,compact_reconsideration_job2,S1,B0,2,upstream_fault,assemble_provenance,True,False,True,True,job_1,assemble_provenance,0,1
trial-ebe0c57fadf724d8,provenance_join_identity,C07-S1-B1,confirmatory,C07,compact_reconsideration_job2,S1,B1,2,upstream_fault,assemble_provenance,True,False,True,True,job_1,assemble_provenance,0,1
trial-d64340f8f09f7751,provenance_join_identity,D01-S0-B0,descriptive,D01,io_job2,S0,B0,2,upstream_fault,assemble_provenance,True,False,False,False,job_2,,0,0
trial-7d784f8e13b5eb3e,provenance_join_identity,D01-S0-B1,descriptive,D01,io_job2,S0,B1,2,upstream_fault,assemble_provenance,True,False,False,False,job_2,prioritize,0,0
trial-78e1ce587d9a2bad,provenance_join_identity,D02-S0-B0,descriptive,D02,io_both,S0,B0,2,upstream_fault,assemble_provenance,True,False,False,False,job_2,,0,0
trial-479f50000d0b2afb,provenance_join_identity,D02-S0-B1,descriptive,D02,io_both,S0,B1,2,upstream_fault,assemble_provenance,True,False,False,False,job_2,prioritize,0,0
trial-ab1e69fbb79d1741,provenance_join_identity,D03-S0-B0,descriptive,D03,current_both_jobs,S0,B0,2,upstream_fault,assemble_provenance,True,False,False,False,job_2,,0,0
trial-ef6de5bf63a1c338,provenance_join_identity,D03-S0-B1,descriptive,D03,current_both_jobs,S0,B1,2,upstream_fault,assemble_provenance,True,False,True,True,job_1,assemble_provenance,0,0
trial-5cec0484037ed0bd,provenance_join_identity,D04-S0-B0,descriptive,D04,etiq_empty_both,S0,B0,2,upstream_fault,assemble_provenance,True,False,False,False,job_2,,0,0
trial-eb9e18ad240f0823,provenance_join_identity,D04-S0-B1,descriptive,D04,etiq_empty_both,S0,B1,2,upstream_fault,assemble_provenance,True,False,True,True,job_1,assemble_provenance,0,0
trial-4b13813dfb3b3544,provenance_join_identity,D05-S0-B0,descriptive,D05,full_graph_job2_legacy,S0,B0,2,upstream_fault,assemble_provenance,True,False,True,True,job_1,assemble_provenance,0,0
trial-cc6d228a3d5b0921,provenance_join_identity,D05-S0-B1,descriptive,D05,full_graph_job2_legacy,S0,B1,2,upstream_fault,assemble_provenance,True,False,True,True,job_1,assemble_provenance,0,0
trial-aa63ff915f383e19,provenance_join_identity,D06-S0-B0,descriptive,D06,broad_selected_fixed_job2_legacy,S0,B0,2,upstream_fault,assemble_provenance,True,False,True,True,job_1,assemble_provenance,0,0
trial-28157819f7e89717,provenance_join_identity,D06-S0-B1,descriptive,D06,broad_selected_fixed_job2_legacy,S0,B1,2,upstream_fault,assemble_provenance,True,False,True,True,job_1,assemble_provenance,0,0
trial-e2e898146d34dea1,provenance_join_identity,D07-S0-B0,descriptive,D07,broad_selected_adaptive_job2_legacy,S0,B0,2,upstream_fault,assemble_provenance,True,False,True,True,job_1,assemble_provenance,0,0
trial-2ddb040ff31e4c77,provenance_join_identity,D07-S0-B1,descriptive,D07,broad_selected_adaptive_job2_legacy,S0,B1,2,upstream_fault,assemble_provenance,True,False,True,True,job_1,assemble_provenance,0,0
trial-ce0d9f990df5caf4,provenance_join_identity,D08-S0-B0,descriptive,D08,random_matched_job2_legacy,S0,B0,2,upstream_fault,assemble_provenance,True,False,True,True,job_1,assemble_provenance,0,0
trial-c1f0adf02b4bfd7a,provenance_join_identity,D08-S0-B1,descriptive,D08,random_matched_job2_legacy,S0,B1,2,upstream_fault,assemble_provenance,True,False,True,True,job_1,assemble_provenance,0,0
trial-d5b7eb9e72da2e30,provenance_join_identity,D09-S0-B0,descriptive,D09,compact_adaptive_voluntary_job2,S0,B0,2,upstream_fault,assemble_provenance,True,False,True,True,job_1,assemble_provenance,0,0
trial-c9f90e801fb2fe3c,provenance_join_identity,D09-S0-B1,descriptive,D09,compact_adaptive_voluntary_job2,S0,B1,2,upstream_fault,assemble_provenance,True,False,True,True,job_1,assemble_provenance,0,0
trial-0f7ed6b2a5f424a8,provenance_join_identity,D10-S0-B0,descriptive,D10,compact_fixed_both,S0,B0,2,upstream_fault,assemble_provenance,True,False,True,True,job_1,assemble_provenance,0,0
trial-457a3390e24acf2c,provenance_join_identity,D10-S0-B1,descriptive,D10,compact_fixed_both,S0,B1,2,upstream_fault,assemble_provenance,True,False,True,True,job_1,assemble_provenance,0,0
trial-7caa28979aab7675,provenance_join_identity,D11-S0-B0,descriptive,D11,compact_adaptive_voluntary_both,S0,B0,2,upstream_fault,assemble_provenance,True,False,True,True,job_1,assemble_provenance,0,0
trial-5238df2399a20d72,provenance_join_identity,D11-S0-B1,descriptive,D11,compact_adaptive_voluntary_both,S0,B1,2,upstream_fault,assemble_provenance,True,False,True,True,job_1,assemble_provenance,0,0
trial-f1d81d8d4e075a04,provenance_join_identity,D12-S0-B0,descriptive,D12,compact_adaptive_required_one_both,S0,B0,2,upstream_fault,assemble_provenance,True,False,True,True,job_1,assemble_provenance,1,0
trial-090e5fc5d0325a4b,provenance_join_identity,D12-S0-B1,descriptive,D12,compact_adaptive_required_one_both,S0,B1,2,upstream_fault,assemble_provenance,True,False,True,True,job_1,assemble_provenance,1,0
trial-5b9262c980737a13,provenance_join_identity,C01-S0-B0,confirmatory,C01,current_job2,S0,B0,2,upstream_fault,assemble_provenance,True,False,False,False,job_2,,0,0
trial-d005fd41a8b3e909,provenance_join_identity,C01-S0-B1,confirmatory,C01,current_job2,S0,B1,2,upstream_fault,assemble_provenance,True,False,False,False,job_2,prioritize,0,0
trial-948ca1c4d66a17fa,provenance_join_identity,C01-S1-B0,confirmatory,C01,current_job2,S1,B0,2,upstream_fault,assemble_provenance,True,False,True,True,job_1,assemble_provenance,0,0
trial-7bddda069b9b8ece,provenance_join_identity,C01-S1-B1,confirmatory,C01,current_job2,S1,B1,2,upstream_fault,assemble_provenance,True,False,True,True,job_1,assemble_provenance,0,0
trial-8d3f67061444ed4b,provenance_join_identity,C02-S0-B0,confirmatory,C02,history_empty,S0,B0,2,upstream_fault,assemble_provenance,True,False,False,False,job_2,,0,0
trial-ce26e2b6339c7902,provenance_join_identity,C02-S0-B1,confirmatory,C02,history_empty,S0,B1,2,upstream_fault,assemble_provenance,True,False,False,False,job_2,prioritize,0,0
trial-7f0f7c15b2cf56e8,provenance_join_identity,C02-S1-B0,confirmatory,C02,history_empty,S1,B0,2,upstream_fault,assemble_provenance,True,False,True,True,job_1,assemble_provenance,0,0
trial-1df4211d31eac8d7,provenance_join_identity,C02-S1-B1,confirmatory,C02,history_empty,S1,B1,2,upstream_fault,assemble_provenance,True,False,True,True,job_1,assemble_provenance,0,0
trial-b0e05050edde7e83,provenance_join_identity,C03-S0-B0,confirmatory,C03,history_full,S0,B0,2,upstream_fault,assemble_provenance,True,False,False,False,job_2,,0,0
trial-688e1315b5ab1ea6,provenance_join_identity,C03-S0-B1,confirmatory,C03,history_full,S0,B1,2,upstream_fault,assemble_provenance,True,False,False,False,job_2,prioritize,0,0
trial-8e10f92509b5ea3b,provenance_join_identity,C03-S1-B0,confirmatory,C03,history_full,S1,B0,2,upstream_fault,assemble_provenance,True,False,False,False,job_2,prioritize,0,0
trial-f061d0307c87c7a8,n16-clean-control,C04-S0-B0,confirmatory,C04,etiq_empty_job2,S0,B0,2,matched_clean_control,,True,True,False,False,job_2,,0,0
trial-a7b650ab5db05dbb,n16-clean-control,C04-S0-B1,confirmatory,C04,etiq_empty_job2,S0,B1,2,matched_clean_control,,False,False,False,False,,,0,0
trial-5f3f3825a4f2b1e3,n16-clean-control,C04-S1-B0,confirmatory,C04,etiq_empty_job2,S1,B0,2,matched_clean_control,,False,False,False,False,,,0,0
trial-296ffe36dde78913,n16-clean-control,C04-S1-B1,confirmatory,C04,etiq_empty_job2,S1,B1,2,matched_clean_control,,False,False,False,False,,,0,0
trial-c1a08445e6ff6a94,n16-clean-control,C05-S0-B0,confirmatory,C05,compact_fixed_job2,S0,B0,2,matched_clean_control,,False,False,False,False,,,0,0
trial-a51bf5aa7f64182c,n16-clean-control,C05-S0-B1,confirmatory,C05,compact_fixed_job2,S0,B1,2,matched_clean_control,,False,False,False,False,,,0,0
trial-b5c2f75ee1196240,n16-clean-control,C05-S1-B0,confirmatory,C05,compact_fixed_job2,S1,B0,2,matched_clean_control,,False,False,False,False,,,0,0
trial-a13167afb67eae22,n16-clean-control,C05-S1-B1,confirmatory,C05,compact_fixed_job2,S1,B1,2,matched_clean_control,,False,False,False,False,,,0,0
trial-53278475e894c4cf,n16-clean-control,C06-S0-B0,confirmatory,C06,compact_adaptive_required_one_job2,S0,B0,2,matched_clean_control,,False,False,False,False,,,1,0
trial-ca9880bc79bc2c79,n16-clean-control,C06-S0-B1,confirmatory,C06,compact_adaptive_required_one_job2,S0,B1,2,matched_clean_control,,False,False,False,False,,,1,0
trial-a0520cba9a3db70c,n16-clean-control,C06-S1-B0,confirmatory,C06,compact_adaptive_required_one_job2,S1,B0,2,matched_clean_control,,False,False,False,False,,,1,0
trial-5b513a64cc98afbf,n16-clean-control,C06-S1-B1,confirmatory,C06,compact_adaptive_required_one_job2,S1,B1,2,matched_clean_control,,False,False,False,False,,,1,0
trial-70e5f28793bad13d,n16-clean-control,C07-S0-B0,confirmatory,C07,compact_reconsideration_job2,S0,B0,2,matched_clean_control,,False,False,False,False,,,0,1
trial-5baf1321b96ee0ef,n16-clean-control,C07-S0-B1,confirmatory,C07,compact_reconsideration_job2,S0,B1,2,matched_clean_control,,False,False,False,False,,,0,1
trial-85a0863ce8008056,n16-clean-control,C07-S1-B0,confirmatory,C07,compact_reconsideration_job2,S1,B0,2,matched_clean_control,,False,False,False,False,,,0,1
trial-cc0466f11cb82fb2,n16-clean-control,C07-S1-B1,confirmatory,C07,compact_reconsideration_job2,S1,B1,2,matched_clean_control,,False,False,False,False,,,0,1
trial-dc22757920f03f54,n16-clean-control,D01-S0-B0,descriptive,D01,io_job2,S0,B0,2,matched_clean_control,,True,True,False,False,job_2,,0,0
trial-53e9a17e27cdddcc,n16-clean-control,D01-S0-B1,descriptive,D01,io_job2,S0,B1,2,matched_clean_control,,False,False,False,False,,,0,0
trial-ce82a5ac0ba1b7a6,n16-clean-control,D02-S0-B0,descriptive,D02,io_both,S0,B0,2,matched_clean_control,,False,False,False,False,,,0,0
trial-8ed93152942afde0,n16-clean-control,D02-S0-B1,descriptive,D02,io_both,S0,B1,2,matched_clean_control,,False,False,False,False,,,0,0
trial-e4ca2e0b38a6db91,n16-clean-control,D03-S0-B0,descriptive,D03,current_both_jobs,S0,B0,2,matched_clean_control,,False,False,False,False,,,0,0
trial-404d401cc517679b,n16-clean-control,D03-S0-B1,descriptive,D03,current_both_jobs,S0,B1,2,matched_clean_control,,False,False,False,False,,,0,0
trial-bfc7176d7574968e,n16-clean-control,D04-S0-B0,descriptive,D04,etiq_empty_both,S0,B0,2,matched_clean_control,,False,False,False,False,,,0,0
trial-a1753234d946801c,n16-clean-control,D04-S0-B1,descriptive,D04,etiq_empty_both,S0,B1,2,matched_clean_control,,False,False,False,False,,,0,0
trial-e70edf5c213025f9,n16-clean-control,D05-S0-B0,descriptive,D05,full_graph_job2_legacy,S0,B0,2,matched_clean_control,,False,False,False,False,,,0,0
trial-672fa039bf3940cf,n16-clean-control,D05-S0-B1,descriptive,D05,full_graph_job2_legacy,S0,B1,2,matched_clean_control,,False,False,False,False,,,0,0
trial-2bcd77c6eb3536a9,n16-clean-control,D06-S0-B0,descriptive,D06,broad_selected_fixed_job2_legacy,S0,B0,2,matched_clean_control,,False,False,False,False,,,0,0
trial-e2f1da2dc11bc79f,n16-clean-control,D06-S0-B1,descriptive,D06,broad_selected_fixed_job2_legacy,S0,B1,2,matched_clean_control,,False,False,False,False,,,0,0
trial-6c93b390b7793f9a,n16-clean-control,D07-S0-B0,descriptive,D07,broad_selected_adaptive_job2_legacy,S0,B0,2,matched_clean_control,,False,False,False,False,,,0,0
trial-7a3f644efef7e698,n16-clean-control,D07-S0-B1,descriptive,D07,broad_selected_adaptive_job2_legacy,S0,B1,2,matched_clean_control,,False,False,False,False,,,0,0
trial-38406e43845b6498,n16-clean-control,D08-S0-B0,descriptive,D08,random_matched_job2_legacy,S0,B0,2,matched_clean_control,,False,False,False,False,,,0,0
trial-19f33a0646ec21ad,n16-clean-control,D08-S0-B1,descriptive,D08,random_matched_job2_legacy,S0,B1,2,matched_clean_control,,False,False,False,False,,,0,0
trial-0e38a7dcf5923851,n16-clean-control,D09-S0-B0,descriptive,D09,compact_adaptive_voluntary_job2,S0,B0,2,matched_clean_control,,False,False,False,False,,,0,0
trial-8d80889e1dbb2cd5,n16-clean-control,D09-S0-B1,descriptive,D09,compact_adaptive_voluntary_job2,S0,B1,2,matched_clean_control,,False,False,False,False,,,0,0
trial-7140415e03b383ff,n16-clean-control,D10-S0-B0,descriptive,D10,compact_fixed_both,S0,B0,2,matched_clean_control,,False,False,False,False,,,0,0
trial-59323f71fc576d6f,n16-clean-control,D10-S0-B1,descriptive,D10,compact_fixed_both,S0,B1,2,matched_clean_control,,False,False,False,False,,,0,0
trial-cbc5f02bb9fb5697,n16-clean-control,D11-S0-B0,descriptive,D11,compact_adaptive_voluntary_both,S0,B0,2,matched_clean_control,,False,False,False,False,,,0,0
trial-3f359ec9256c03c3,n16-clean-control,D11-S0-B1,descriptive,D11,compact_adaptive_voluntary_both,S0,B1,2,matched_clean_control,,False,False,False,False,,,0,0
trial-78b2f6bef8c34e2a,n16-clean-control,D12-S0-B0,descriptive,D12,compact_adaptive_required_one_both,S0,B0,2,matched_clean_control,,False,False,False,False,,,1,0
trial-958f013f197a4678,n16-clean-control,D12-S0-B1,descriptive,D12,compact_adaptive_required_one_both,S0,B1,2,matched_clean_control,,False,False,False,False,,,1,0
trial-17053857b34925f4,n16-clean-control,C01-S0-B0,confirmatory,C01,current_job2,S0,B0,2,matched_clean_control,,True,True,False,False,job_2,,0,0
trial-54f7a0a0d42e8740,n16-clean-control,C01-S0-B1,confirmatory,C01,current_job2,S0,B1,2,matched_clean_control,,False,False,False,False,,,0,0
trial-30d51194aea4e421,n16-clean-control,C01-S1-B0,confirmatory,C01,current_job2,S1,B0,2,matched_clean_control,,False,False,False,False,,,0,0
trial-211ce142ab282883,n16-clean-control,C01-S1-B1,confirmatory,C01,current_job2,S1,B1,2,matched_clean_control,,False,False,False,False,,,0,0
trial-a19bf98d59b43fa4,n16-clean-control,C02-S0-B0,confirmatory,C02,history_empty,S0,B0,2,matched_clean_control,,True,True,False,False,job_2,,0,0
trial-3a531a79b021773c,n16-clean-control,C02-S0-B1,confirmatory,C02,history_empty,S0,B1,2,matched_clean_control,,False,False,False,False,,,0,0
trial-4330e894ded9eea5,n16-clean-control,C02-S1-B0,confirmatory,C02,history_empty,S1,B0,2,matched_clean_control,,True,True,False,False,job_2,prioritize,0,0
trial-742b46166fbcd5d2,n16-clean-control,C02-S1-B1,confirmatory,C02,history_empty,S1,B1,2,matched_clean_control,,False,False,False,False,,,0,0
trial-8e821b5168005295,n16-clean-control,C03-S0-B0,confirmatory,C03,history_full,S0,B0,2,matched_clean_control,,False,False,False,False,,,0,0
trial-487c3c887b22c310,n16-clean-control,C03-S0-B1,confirmatory,C03,history_full,S0,B1,2,matched_clean_control,,False,False,False,False,,,0,0
trial-8d41d89959dc0b2a,n16-clean-control,C03-S1-B0,confirmatory,C03,history_full,S1,B0,2,matched_clean_control,,False,False,False,False,,,0,0
trial-4a8d0e44e4d23ed2,n16-clean-control,C03-S1-B1,confirmatory,C03,history_full,S1,B1,2,matched_clean_control,,False,False,False,False,,,0,0
trial-903b49d733558f62,select_threshold_omission,C04-S0-B1,confirmatory,C04,etiq_empty_job2,S0,B1,2,upstream_fault,select_demand,True,False,True,False,job_1,,0,0
trial-eb44302ce96cf0c3,select_threshold_omission,C04-S1-B0,confirmatory,C04,etiq_empty_job2,S1,B0,2,upstream_fault,select_demand,False,False,False,False,,,0,0
trial-64adc62f3804bd02,select_threshold_omission,C04-S1-B1,confirmatory,C04,etiq_empty_job2,S1,B1,2,upstream_fault,select_demand,False,False,False,False,,,0,0
trial-bed4c1cd734b6726,select_threshold_omission,C05-S0-B0,confirmatory,C05,compact_fixed_job2,S0,B0,2,upstream_fault,select_demand,True,False,True,True,job_1,select_demand,0,0
trial-eeb59765a9da5200,select_threshold_omission,C05-S0-B1,confirmatory,C05,compact_fixed_job2,S0,B1,2,upstream_fault,select_demand,False,False,False,False,,,0,0
trial-56c5ab812680e3eb,select_threshold_omission,C05-S1-B0,confirmatory,C05,compact_fixed_job2,S1,B0,2,upstream_fault,select_demand,True,False,True,True,job_1,select_demand,0,0
trial-83d2321d2b1da7cd,select_threshold_omission,C05-S1-B1,confirmatory,C05,compact_fixed_job2,S1,B1,2,upstream_fault,select_demand,False,False,False,False,,,0,0
trial-f325797108f0aa9b,select_threshold_omission,C06-S0-B0,confirmatory,C06,compact_adaptive_required_one_job2,S0,B0,2,upstream_fault,select_demand,True,False,True,True,job_1,select_demand,1,0
trial-59bc5f1d14e63b1b,select_threshold_omission,C06-S0-B1,confirmatory,C06,compact_adaptive_required_one_job2,S0,B1,2,upstream_fault,select_demand,True,False,True,True,job_1,select_demand,1,0
trial-4808af8653b4f043,select_threshold_omission,C06-S1-B0,confirmatory,C06,compact_adaptive_required_one_job2,S1,B0,2,upstream_fault,select_demand,True,False,True,True,job_1,select_demand,1,0
trial-fa395432dcb6b2d8,select_threshold_omission,C06-S1-B1,confirmatory,C06,compact_adaptive_required_one_job2,S1,B1,2,upstream_fault,select_demand,False,False,False,False,,,1,0
trial-70ac5c1becda1438,select_threshold_omission,C07-S0-B0,confirmatory,C07,compact_reconsideration_job2,S0,B0,2,upstream_fault,select_demand,True,False,True,True,job_1,select_demand,0,1
trial-154af0798c4fefda,select_threshold_omission,C07-S0-B1,confirmatory,C07,compact_reconsideration_job2,S0,B1,2,upstream_fault,select_demand,False,False,False,False,,,0,1
trial-3974531fcd9fe3f9,select_threshold_omission,C07-S1-B0,confirmatory,C07,compact_reconsideration_job2,S1,B0,2,upstream_fault,select_demand,True,False,True,True,job_1,select_demand,0,1
trial-fc9fb1aaa9b177a3,select_threshold_omission,C07-S1-B1,confirmatory,C07,compact_reconsideration_job2,S1,B1,2,upstream_fault,select_demand,True,False,True,True,job_1,select_demand,0,1
trial-15097f12f7c061e4,select_threshold_omission,D01-S0-B0,descriptive,D01,io_job2,S0,B0,2,upstream_fault,select_demand,True,False,True,False,job_1,,0,0
trial-a62605d8a01d1c6b,select_threshold_omission,D01-S0-B1,descriptive,D01,io_job2,S0,B1,2,upstream_fault,select_demand,True,False,True,True,job_1,select_demand,0,0
trial-3eea39cfa6f3b4ec,select_threshold_omission,D02-S0-B0,descriptive,D02,io_both,S0,B0,2,upstream_fault,select_demand,True,False,True,False,job_1,,0,0
trial-6faaba83846e41b0,select_threshold_omission,D02-S0-B1,descriptive,D02,io_both,S0,B1,2,upstream_fault,select_demand,True,False,True,True,job_1,select_demand,0,0
trial-fb14e192a8f07493,select_threshold_omission,D03-S0-B0,descriptive,D03,current_both_jobs,S0,B0,2,upstream_fault,select_demand,True,False,True,False,job_1,,0,0
trial-de77804a2ac590f2,select_threshold_omission,D03-S0-B1,descriptive,D03,current_both_jobs,S0,B1,2,upstream_fault,select_demand,True,False,True,True,job_1,select_demand,0,0
trial-e19d1f16d982d43f,select_threshold_omission,D04-S0-B0,descriptive,D04,etiq_empty_both,S0,B0,2,upstream_fault,select_demand,True,False,True,False,job_1,,0,0
trial-573b2d8900ef6c2c,select_threshold_omission,D04-S0-B1,descriptive,D04,etiq_empty_both,S0,B1,2,upstream_fault,select_demand,False,False,False,False,,,0,0
trial-5220ee10582c9933,select_threshold_omission,D05-S0-B0,descriptive,D05,full_graph_job2_legacy,S0,B0,2,upstream_fault,select_demand,False,False,False,False,,,0,0
trial-c8909341c5be3d02,select_threshold_omission,D05-S0-B1,descriptive,D05,full_graph_job2_legacy,S0,B1,2,upstream_fault,select_demand,False,False,False,False,,,0,0
trial-46a31400e0a0266f,select_threshold_omission,D06-S0-B0,descriptive,D06,broad_selected_fixed_job2_legacy,S0,B0,2,upstream_fault,select_demand,True,False,True,True,job_1,select_demand,0,0
trial-306a0fa23e1a1757,select_threshold_omission,D06-S0-B1,descriptive,D06,broad_selected_fixed_job2_legacy,S0,B1,2,upstream_fault,select_demand,False,False,False,False,,,0,0
trial-e07e7c3a2b22f502,select_threshold_omission,D07-S0-B0,descriptive,D07,broad_selected_adaptive_job2_legacy,S0,B0,2,upstream_fault,select_demand,False,False,False,False,,,0,0
trial-0fe26f538a3a69d7,select_threshold_omission,D07-S0-B1,descriptive,D07,broad_selected_adaptive_job2_legacy,S0,B1,2,upstream_fault,select_demand,False,False,False,False,,,0,0
trial-b6ab5ee9b0e8ef51,select_threshold_omission,D08-S0-B0,descriptive,D08,random_matched_job2_legacy,S0,B0,2,upstream_fault,select_demand,False,False,False,False,,,0,0
trial-3b3922fd18fbf9e9,select_threshold_omission,D08-S0-B1,descriptive,D08,random_matched_job2_legacy,S0,B1,2,upstream_fault,select_demand,False,False,False,False,,,0,0
trial-65807b799f89cd72,select_threshold_omission,D09-S0-B0,descriptive,D09,compact_adaptive_voluntary_job2,S0,B0,2,upstream_fault,select_demand,True,False,True,True,job_1,select_demand,0,0
trial-48f44ad64dc40825,select_threshold_omission,D09-S0-B1,descriptive,D09,compact_adaptive_voluntary_job2,S0,B1,2,upstream_fault,select_demand,False,False,False,False,,,0,0
trial-0ce5a64307c8a74b,select_threshold_omission,D10-S0-B0,descriptive,D10,compact_fixed_both,S0,B0,2,upstream_fault,select_demand,False,False,False,False,,,0,0
trial-fa4c2d3a8dcb9e3b,select_threshold_omission,D10-S0-B1,descriptive,D10,compact_fixed_both,S0,B1,2,upstream_fault,select_demand,False,False,False,False,,,0,0
trial-11acf7b85cfa165d,select_threshold_omission,D11-S0-B0,descriptive,D11,compact_adaptive_voluntary_both,S0,B0,2,upstream_fault,select_demand,False,False,False,False,,,0,0
trial-17877097f32f810d,select_threshold_omission,D11-S0-B1,descriptive,D11,compact_adaptive_voluntary_both,S0,B1,2,upstream_fault,select_demand,False,False,False,False,,,0,0
trial-7e3c70eafcea836f,select_threshold_omission,D12-S0-B0,descriptive,D12,compact_adaptive_required_one_both,S0,B0,2,upstream_fault,select_demand,False,False,False,False,,,1,0
trial-26c9c34e99333dc2,select_threshold_omission,D12-S0-B1,descriptive,D12,compact_adaptive_required_one_both,S0,B1,2,upstream_fault,select_demand,False,False,False,False,,,1,0
trial-7ba943f80f0812c9,select_threshold_omission,C01-S0-B0,confirmatory,C01,current_job2,S0,B0,2,upstream_fault,select_demand,True,False,True,False,job_1,,0,0
trial-125ea7c6ac0e4536,select_threshold_omission,C01-S0-B1,confirmatory,C01,current_job2,S0,B1,2,upstream_fault,select_demand,True,False,True,False,job_1,,0,0
trial-60df981840f1658e,select_threshold_omission,C01-S1-B0,confirmatory,C01,current_job2,S1,B0,2,upstream_fault,select_demand,False,False,False,False,,,0,0
trial-2ecd501e601a488b,select_threshold_omission,C01-S1-B1,confirmatory,C01,current_job2,S1,B1,2,upstream_fault,select_demand,False,False,False,False,,,0,0
trial-2eda026a9ae56a05,select_threshold_omission,C02-S0-B0,confirmatory,C02,history_empty,S0,B0,2,upstream_fault,select_demand,True,False,True,False,job_1,,0,0
trial-8f66f422f1e0e390,select_threshold_omission,C02-S0-B1,confirmatory,C02,history_empty,S0,B1,2,upstream_fault,select_demand,True,False,True,True,job_1,select_demand,0,0
trial-daec74890b37cb49,select_threshold_omission,C02-S1-B0,confirmatory,C02,history_empty,S1,B0,2,upstream_fault,select_demand,False,False,False,False,,,0,0
trial-2837579ad0b43bd0,select_threshold_omission,C02-S1-B1,confirmatory,C02,history_empty,S1,B1,2,upstream_fault,select_demand,False,False,False,False,,,0,0
trial-eb88f97d0caa0f63,select_threshold_omission,C03-S0-B0,confirmatory,C03,history_full,S0,B0,2,upstream_fault,select_demand,True,False,True,False,job_1,,0,0
trial-58659db5378b21b9,select_threshold_omission,C03-S0-B1,confirmatory,C03,history_full,S0,B1,2,upstream_fault,select_demand,True,False,True,True,job_1,select_demand,0,0
trial-59ed41f54e056e84,select_threshold_omission,C03-S1-B0,confirmatory,C03,history_full,S1,B0,2,upstream_fault,select_demand,False,False,False,False,,,0,0
trial-63f4a7b774114904,select_threshold_omission,C03-S1-B1,confirmatory,C03,history_full,S1,B1,2,upstream_fault,select_demand,False,False,False,False,,,0,0
trial-ecb9a2c9eb59ef7f,select_threshold_omission,C04-S0-B0,confirmatory,C04,etiq_empty_job2,S0,B0,2,upstream_fault,select_demand,True,False,True,False,job_1,,0,0
trial-eb3e09006d7d6bb3,normalize_top_record_omission,C04-S1-B0,confirmatory,C04,etiq_empty_job2,S1,B0,3,upstream_fault,normalize,True,False,True,True,job_1,normalize,0,0
trial-2779ce418179dddc,normalize_top_record_omission,C04-S1-B1,confirmatory,C04,etiq_empty_job2,S1,B1,3,upstream_fault,normalize,True,False,True,True,job_1,normalize,0,0
trial-c02b68e7952e7234,normalize_top_record_omission,C05-S0-B0,confirmatory,C05,compact_fixed_job2,S0,B0,3,upstream_fault,normalize,True,False,True,True,job_1,normalize,0,0
trial-e334eba100b4a04b,normalize_top_record_omission,C05-S0-B1,confirmatory,C05,compact_fixed_job2,S0,B1,3,upstream_fault,normalize,True,False,True,True,job_1,normalize,0,0
trial-a8e722fdbacba362,normalize_top_record_omission,C05-S1-B0,confirmatory,C05,compact_fixed_job2,S1,B0,3,upstream_fault,normalize,True,False,True,True,job_1,normalize,0,0
trial-7a82cff3bd6dc863,normalize_top_record_omission,C05-S1-B1,confirmatory,C05,compact_fixed_job2,S1,B1,3,upstream_fault,normalize,True,False,True,True,job_1,normalize,0,0
trial-c5da004df18bf10c,normalize_top_record_omission,C06-S0-B0,confirmatory,C06,compact_adaptive_required_one_job2,S0,B0,3,upstream_fault,normalize,True,False,True,True,job_1,normalize,1,0
trial-57121eba96c5937f,normalize_top_record_omission,C06-S0-B1,confirmatory,C06,compact_adaptive_required_one_job2,S0,B1,3,upstream_fault,normalize,True,False,True,True,job_1,normalize,1,0
trial-b892b66de39753ae,normalize_top_record_omission,C06-S1-B0,confirmatory,C06,compact_adaptive_required_one_job2,S1,B0,3,upstream_fault,normalize,True,False,True,True,job_1,normalize,1,0
trial-8f3880643d374202,normalize_top_record_omission,C06-S1-B1,confirmatory,C06,compact_adaptive_required_one_job2,S1,B1,3,upstream_fault,normalize,True,False,True,True,job_1,normalize,1,0
trial-53c8d6641ab5605c,normalize_top_record_omission,C07-S0-B0,confirmatory,C07,compact_reconsideration_job2,S0,B0,3,upstream_fault,normalize,True,False,True,True,job_1,normalize,0,1
trial-8797322cbec55206,normalize_top_record_omission,C07-S0-B1,confirmatory,C07,compact_reconsideration_job2,S0,B1,3,upstream_fault,normalize,True,False,True,True,job_1,normalize,0,1
trial-495d325a7ed2455d,normalize_top_record_omission,C07-S1-B0,confirmatory,C07,compact_reconsideration_job2,S1,B0,3,upstream_fault,normalize,True,False,True,True,job_1,normalize,0,1
trial-1ae6abbf8e40c094,normalize_top_record_omission,C07-S1-B1,confirmatory,C07,compact_reconsideration_job2,S1,B1,3,upstream_fault,normalize,True,False,True,True,job_1,normalize,0,1
trial-633478b3d2014112,normalize_top_record_omission,D01-S0-B0,descriptive,D01,io_job2,S0,B0,3,upstream_fault,normalize,True,False,True,False,job_1,,0,0
trial-50c8520175482560,normalize_top_record_omission,D01-S0-B1,descriptive,D01,io_job2,S0,B1,3,upstream_fault,normalize,True,False,True,False,job_1,select_demand,0,0
trial-505469195177a2d5,normalize_top_record_omission,D02-S0-B0,descriptive,D02,io_both,S0,B0,3,upstream_fault,normalize,True,False,True,False,job_1,,0,0
trial-2ac67a0c602a9edc,normalize_top_record_omission,D02-S0-B1,descriptive,D02,io_both,S0,B1,3,upstream_fault,normalize,True,False,True,False,job_1,select_demand,0,0
trial-7a488ac726982d9d,normalize_top_record_omission,D03-S0-B0,descriptive,D03,current_both_jobs,S0,B0,3,upstream_fault,normalize,True,False,True,False,job_1,,0,0
trial-225e7da328f63018,normalize_top_record_omission,D03-S0-B1,descriptive,D03,current_both_jobs,S0,B1,3,upstream_fault,normalize,True,False,True,False,job_1,select_demand,0,0
trial-5ae981373eaa4285,normalize_top_record_omission,D04-S0-B0,descriptive,D04,etiq_empty_both,S0,B0,3,upstream_fault,normalize,True,False,True,False,job_1,,0,0
trial-04a88c673e86cb43,normalize_top_record_omission,D04-S0-B1,descriptive,D04,etiq_empty_both,S0,B1,3,upstream_fault,normalize,True,False,True,False,job_1,select_demand,0,0
trial-1c937cc1bf99c1e8,normalize_top_record_omission,D05-S0-B0,descriptive,D05,full_graph_job2_legacy,S0,B0,3,upstream_fault,normalize,True,False,True,True,job_1,normalize,0,0
trial-5a461b4a3f132b66,normalize_top_record_omission,D05-S0-B1,descriptive,D05,full_graph_job2_legacy,S0,B1,3,upstream_fault,normalize,True,False,True,True,job_1,normalize,0,0
trial-3993d0b7c05fe113,normalize_top_record_omission,D06-S0-B0,descriptive,D06,broad_selected_fixed_job2_legacy,S0,B0,3,upstream_fault,normalize,True,False,True,True,job_1,normalize,0,0
trial-fe967893020aeaf5,normalize_top_record_omission,D06-S0-B1,descriptive,D06,broad_selected_fixed_job2_legacy,S0,B1,3,upstream_fault,normalize,True,False,True,True,job_1,normalize,0,0
trial-2dd5eb89fad0c6fd,normalize_top_record_omission,D07-S0-B0,descriptive,D07,broad_selected_adaptive_job2_legacy,S0,B0,3,upstream_fault,normalize,True,False,True,True,job_1,normalize,0,0
trial-6c0fb40887d74f4d,normalize_top_record_omission,D07-S0-B1,descriptive,D07,broad_selected_adaptive_job2_legacy,S0,B1,3,upstream_fault,normalize,True,False,True,True,job_1,normalize,0,0
trial-5cb28065913e3047,normalize_top_record_omission,D08-S0-B0,descriptive,D08,random_matched_job2_legacy,S0,B0,3,upstream_fault,normalize,True,False,True,True,job_1,normalize,0,0
trial-336eaef2da52f5f2,normalize_top_record_omission,D08-S0-B1,descriptive,D08,random_matched_job2_legacy,S0,B1,3,upstream_fault,normalize,True,False,True,True,job_1,normalize,0,0
trial-5368eec9fc919a7c,normalize_top_record_omission,D09-S0-B0,descriptive,D09,compact_adaptive_voluntary_job2,S0,B0,3,upstream_fault,normalize,True,False,True,True,job_1,normalize,0,0
trial-56f1952a060e85c5,normalize_top_record_omission,D09-S0-B1,descriptive,D09,compact_adaptive_voluntary_job2,S0,B1,3,upstream_fault,normalize,True,False,True,True,job_1,normalize,0,0
trial-0b6a24c691e8806d,normalize_top_record_omission,D10-S0-B0,descriptive,D10,compact_fixed_both,S0,B0,3,upstream_fault,normalize,True,False,True,True,job_1,normalize,0,0
trial-de5717fc040dbd72,normalize_top_record_omission,D10-S0-B1,descriptive,D10,compact_fixed_both,S0,B1,3,upstream_fault,normalize,True,False,True,True,job_1,normalize,0,0
trial-ee939b8868c1a125,normalize_top_record_omission,D11-S0-B0,descriptive,D11,compact_adaptive_voluntary_both,S0,B0,3,upstream_fault,normalize,True,False,True,True,job_1,normalize,0,0
trial-98f49c383eb9a2ad,normalize_top_record_omission,D11-S0-B1,descriptive,D11,compact_adaptive_voluntary_both,S0,B1,3,upstream_fault,normalize,True,False,True,True,job_1,normalize,0,0
trial-98982d835f8a6b62,normalize_top_record_omission,D12-S0-B0,descriptive,D12,compact_adaptive_required_one_both,S0,B0,3,upstream_fault,normalize,True,False,True,True,job_1,normalize,1,0
trial-93bbe320c482e99a,normalize_top_record_omission,D12-S0-B1,descriptive,D12,compact_adaptive_required_one_both,S0,B1,3,upstream_fault,normalize,True,False,True,True,job_1,normalize,1,0
trial-b592d128ec7ba873,normalize_top_record_omission,C01-S0-B0,confirmatory,C01,current_job2,S0,B0,3,upstream_fault,normalize,True,False,True,False,job_1,,0,0
trial-1c60a6ad70424fe9,normalize_top_record_omission,C01-S0-B1,confirmatory,C01,current_job2,S0,B1,3,upstream_fault,normalize,True,False,True,False,job_1,select_demand,0,0
trial-c927bb0ad434343d,normalize_top_record_omission,C01-S1-B0,confirmatory,C01,current_job2,S1,B0,3,upstream_fault,normalize,True,False,True,True,job_1,normalize,0,0
trial-cbbf03c887f4c9a0,normalize_top_record_omission,C01-S1-B1,confirmatory,C01,current_job2,S1,B1,3,upstream_fault,normalize,True,False,True,True,job_1,normalize,0,0
trial-b81c783bcf4a3c9a,normalize_top_record_omission,C02-S0-B0,confirmatory,C02,history_empty,S0,B0,3,upstream_fault,normalize,True,False,True,False,job_1,,0,0
trial-a7d5f9cd8f8d38e2,normalize_top_record_omission,C02-S0-B1,confirmatory,C02,history_empty,S0,B1,3,upstream_fault,normalize,True,False,True,False,job_1,select_demand,0,0
trial-d5e922f9cc74c0fa,normalize_top_record_omission,C02-S1-B0,confirmatory,C02,history_empty,S1,B0,3,upstream_fault,normalize,True,False,True,True,job_1,normalize,0,0
trial-4b2d4f0ce2da6af6,normalize_top_record_omission,C02-S1-B1,confirmatory,C02,history_empty,S1,B1,3,upstream_fault,normalize,True,False,True,True,job_1,normalize,0,0
trial-4c59afc6feab7849,normalize_top_record_omission,C03-S0-B0,confirmatory,C03,history_full,S0,B0,3,upstream_fault,normalize,True,False,True,False,job_1,,0,0
trial-058d179acd7a84fd,normalize_top_record_omission,C03-S0-B1,confirmatory,C03,history_full,S0,B1,3,upstream_fault,normalize,True,False,True,False,job_1,select_demand,0,0
trial-e5c5873aaa1ef307,normalize_top_record_omission,C03-S1-B0,confirmatory,C03,history_full,S1,B0,3,upstream_fault,normalize,True,False,True,True,job_1,normalize,0,0
trial-0b31484518d6ebb9,normalize_top_record_omission,C03-S1-B1,confirmatory,C03,history_full,S1,B1,3,upstream_fault,normalize,True,False,True,True,job_1,normalize,0,0
trial-4c28e0ef36c16ce5,normalize_top_record_omission,C04-S0-B0,confirmatory,C04,etiq_empty_job2,S0,B0,3,upstream_fault,normalize,True,False,True,False,job_1,,0,0
trial-fc687df781beb16b,normalize_top_record_omission,C04-S0-B1,confirmatory,C04,etiq_empty_job2,S0,B1,3,upstream_fault,normalize,True,False,True,False,job_1,select_demand,0,0
trial-29a32cc4bce566de,normalize_middle_record_omission,C04-S1-B1,confirmatory,C04,etiq_empty_job2,S1,B1,3,upstream_fault,normalize,True,False,True,True,job_1,normalize,0,0
trial-0cde906b9afc1047,normalize_middle_record_omission,C05-S0-B0,confirmatory,C05,compact_fixed_job2,S0,B0,3,upstream_fault,normalize,True,False,True,True,job_1,normalize,0,0
trial-75ceb4637fa46e0c,normalize_middle_record_omission,C05-S0-B1,confirmatory,C05,compact_fixed_job2,S0,B1,3,upstream_fault,normalize,True,False,True,True,job_1,normalize,0,0
trial-a6388fe180c0bc8d,normalize_middle_record_omission,C05-S1-B0,confirmatory,C05,compact_fixed_job2,S1,B0,3,upstream_fault,normalize,True,False,True,True,job_1,normalize,0,0
trial-b41f8002bf85c87a,normalize_middle_record_omission,C05-S1-B1,confirmatory,C05,compact_fixed_job2,S1,B1,3,upstream_fault,normalize,True,False,True,True,job_1,normalize,0,0
trial-1f0a6a8f73e553cc,normalize_middle_record_omission,C06-S0-B0,confirmatory,C06,compact_adaptive_required_one_job2,S0,B0,3,upstream_fault,normalize,True,False,True,True,job_1,normalize,1,0
trial-9d1470706aee2ce0,normalize_middle_record_omission,C06-S0-B1,confirmatory,C06,compact_adaptive_required_one_job2,S0,B1,3,upstream_fault,normalize,True,False,True,True,job_1,normalize,1,0
trial-009cd62fc0e1355b,normalize_middle_record_omission,C06-S1-B0,confirmatory,C06,compact_adaptive_required_one_job2,S1,B0,3,upstream_fault,normalize,True,False,True,True,job_1,normalize,1,0
trial-bd65d09aba3a6197,normalize_middle_record_omission,C06-S1-B1,confirmatory,C06,compact_adaptive_required_one_job2,S1,B1,3,upstream_fault,normalize,True,False,True,True,job_1,normalize,1,0
trial-864b359f1ced2ed9,normalize_middle_record_omission,C07-S0-B0,confirmatory,C07,compact_reconsideration_job2,S0,B0,3,upstream_fault,normalize,True,False,True,True,job_1,normalize,0,1
trial-8fe18795fab4a935,normalize_middle_record_omission,C07-S0-B1,confirmatory,C07,compact_reconsideration_job2,S0,B1,3,upstream_fault,normalize,True,False,True,True,job_1,normalize,0,1
trial-146c82c401a7e85b,normalize_middle_record_omission,C07-S1-B0,confirmatory,C07,compact_reconsideration_job2,S1,B0,3,upstream_fault,normalize,True,False,True,True,job_1,normalize,0,1
trial-53444aea70e7970f,normalize_middle_record_omission,C07-S1-B1,confirmatory,C07,compact_reconsideration_job2,S1,B1,3,upstream_fault,normalize,True,False,True,True,job_1,normalize,0,1
trial-a06c5f63aeea8962,normalize_middle_record_omission,D01-S0-B0,descriptive,D01,io_job2,S0,B0,3,upstream_fault,normalize,True,False,True,False,job_1,,0,0
trial-889ec3d27e8ddf08,normalize_middle_record_omission,D01-S0-B1,descriptive,D01,io_job2,S0,B1,3,upstream_fault,normalize,True,False,True,False,job_1,select_demand,0,0
trial-8046d40b0bd4e0a2,normalize_middle_record_omission,D02-S0-B0,descriptive,D02,io_both,S0,B0,3,upstream_fault,normalize,True,False,True,False,job_1,,0,0
trial-ee69e11671f2a89b,normalize_middle_record_omission,D02-S0-B1,descriptive,D02,io_both,S0,B1,3,upstream_fault,normalize,True,False,True,False,job_1,,0,0
trial-aaf07604018cbd8e,normalize_middle_record_omission,D03-S0-B0,descriptive,D03,current_both_jobs,S0,B0,3,upstream_fault,normalize,True,False,True,False,job_1,,0,0
trial-8c040690ef97c24e,normalize_middle_record_omission,D03-S0-B1,descriptive,D03,current_both_jobs,S0,B1,3,upstream_fault,normalize,True,False,True,False,job_1,select_demand,0,0
trial-08576c55ab0f9d07,normalize_middle_record_omission,D04-S0-B0,descriptive,D04,etiq_empty_both,S0,B0,3,upstream_fault,normalize,True,False,True,False,job_1,,0,0
trial-c771a51dbb9584b0,normalize_middle_record_omission,D04-S0-B1,descriptive,D04,etiq_empty_both,S0,B1,3,upstream_fault,normalize,True,False,True,False,job_1,select_demand,0,0
trial-6e62e951ce1368b5,normalize_middle_record_omission,D05-S0-B0,descriptive,D05,full_graph_job2_legacy,S0,B0,3,upstream_fault,normalize,True,False,True,True,job_1,normalize,0,0
trial-71aa9dca978782f4,normalize_middle_record_omission,D05-S0-B1,descriptive,D05,full_graph_job2_legacy,S0,B1,3,upstream_fault,normalize,True,False,True,True,job_1,normalize,0,0
trial-433de4f4c66dcfd2,normalize_middle_record_omission,D06-S0-B0,descriptive,D06,broad_selected_fixed_job2_legacy,S0,B0,3,upstream_fault,normalize,True,False,True,True,job_1,normalize,0,0
trial-e36d49a39d2727f6,normalize_middle_record_omission,D06-S0-B1,descriptive,D06,broad_selected_fixed_job2_legacy,S0,B1,3,upstream_fault,normalize,True,False,True,True,job_1,normalize,0,0
trial-a07621a87d54f4e2,normalize_middle_record_omission,D07-S0-B0,descriptive,D07,broad_selected_adaptive_job2_legacy,S0,B0,3,upstream_fault,normalize,True,False,True,True,job_1,normalize,0,0
trial-0a3ec6a70e113676,normalize_middle_record_omission,D07-S0-B1,descriptive,D07,broad_selected_adaptive_job2_legacy,S0,B1,3,upstream_fault,normalize,True,False,True,True,job_1,normalize,0,0
trial-6066cb900163b417,normalize_middle_record_omission,D08-S0-B0,descriptive,D08,random_matched_job2_legacy,S0,B0,3,upstream_fault,normalize,True,False,True,True,job_1,normalize,0,0
trial-3df12d700f69cc96,normalize_middle_record_omission,D08-S0-B1,descriptive,D08,random_matched_job2_legacy,S0,B1,3,upstream_fault,normalize,True,False,True,True,job_1,normalize,0,0
trial-66a1dca582dde9b2,normalize_middle_record_omission,D09-S0-B0,descriptive,D09,compact_adaptive_voluntary_job2,S0,B0,3,upstream_fault,normalize,True,False,True,True,job_1,normalize,0,0
trial-33a6abc68736a97e,normalize_middle_record_omission,D09-S0-B1,descriptive,D09,compact_adaptive_voluntary_job2,S0,B1,3,upstream_fault,normalize,True,False,True,True,job_1,normalize,0,0
trial-01cb455f85f53387,normalize_middle_record_omission,D10-S0-B0,descriptive,D10,compact_fixed_both,S0,B0,3,upstream_fault,normalize,True,False,True,True,job_1,normalize,0,0
trial-f22ef0edc865795d,normalize_middle_record_omission,D10-S0-B1,descriptive,D10,compact_fixed_both,S0,B1,3,upstream_fault,normalize,True,False,True,True,job_1,normalize,0,0
trial-b2834ae789608f27,normalize_middle_record_omission,D11-S0-B0,descriptive,D11,compact_adaptive_voluntary_both,S0,B0,3,upstream_fault,normalize,True,False,True,True,job_1,normalize,0,0
trial-1af7a5871ce86eaa,normalize_middle_record_omission,D11-S0-B1,descriptive,D11,compact_adaptive_voluntary_both,S0,B1,3,upstream_fault,normalize,True,False,True,True,job_1,normalize,0,0
trial-118b9dae3cbe6af8,normalize_middle_record_omission,D12-S0-B0,descriptive,D12,compact_adaptive_required_one_both,S0,B0,3,upstream_fault,normalize,True,False,True,True,job_1,normalize,1,0
trial-2f49bbcc0cbbc0c3,normalize_middle_record_omission,D12-S0-B1,descriptive,D12,compact_adaptive_required_one_both,S0,B1,3,upstream_fault,normalize,True,False,True,True,job_1,normalize,1,0
trial-623f802b9224bce1,normalize_middle_record_omission,C01-S0-B0,confirmatory,C01,current_job2,S0,B0,3,upstream_fault,normalize,True,False,True,False,job_1,,0,0
trial-750509269b24b1b7,normalize_middle_record_omission,C01-S0-B1,confirmatory,C01,current_job2,S0,B1,3,upstream_fault,normalize,True,False,True,False,job_1,select_demand,0,0
trial-a31171847c33b3aa,normalize_middle_record_omission,C01-S1-B0,confirmatory,C01,current_job2,S1,B0,3,upstream_fault,normalize,True,False,True,True,job_1,normalize,0,0
trial-ccf043c9319cb8fb,normalize_middle_record_omission,C01-S1-B1,confirmatory,C01,current_job2,S1,B1,3,upstream_fault,normalize,True,False,True,True,job_1,normalize,0,0
trial-c2c8672c2a00c4ad,normalize_middle_record_omission,C02-S0-B0,confirmatory,C02,history_empty,S0,B0,3,upstream_fault,normalize,True,False,True,False,job_1,,0,0
trial-53c021dc41a4301a,normalize_middle_record_omission,C02-S0-B1,confirmatory,C02,history_empty,S0,B1,3,upstream_fault,normalize,True,False,True,False,job_1,select_demand,0,0
trial-a42241134d55c245,normalize_middle_record_omission,C02-S1-B0,confirmatory,C02,history_empty,S1,B0,3,upstream_fault,normalize,True,False,True,True,job_1,normalize,0,0
trial-91367c98cbf383db,normalize_middle_record_omission,C02-S1-B1,confirmatory,C02,history_empty,S1,B1,3,upstream_fault,normalize,True,False,True,True,job_1,normalize,0,0
trial-ef7e481499875c12,normalize_middle_record_omission,C03-S0-B0,confirmatory,C03,history_full,S0,B0,3,upstream_fault,normalize,True,False,True,False,job_1,,0,0
trial-de5d6c8eedd0b1f2,normalize_middle_record_omission,C03-S0-B1,confirmatory,C03,history_full,S0,B1,3,upstream_fault,normalize,True,False,True,False,job_1,select_demand,0,0
trial-812c4b636385aaf0,normalize_middle_record_omission,C03-S1-B0,confirmatory,C03,history_full,S1,B0,3,upstream_fault,normalize,True,False,True,True,job_1,normalize,0,0
trial-b7a515fd742bab9e,normalize_middle_record_omission,C03-S1-B1,confirmatory,C03,history_full,S1,B1,3,upstream_fault,normalize,True,False,True,True,job_1,normalize,0,0
trial-7a159edb7a8d23a3,normalize_middle_record_omission,C04-S0-B0,confirmatory,C04,etiq_empty_job2,S0,B0,3,upstream_fault,normalize,True,False,True,False,job_1,,0,0
trial-3b0b999cbeec6b7d,normalize_middle_record_omission,C04-S0-B1,confirmatory,C04,etiq_empty_job2,S0,B1,3,upstream_fault,normalize,True,False,True,False,job_1,select_demand,0,0
trial-58ec0b5945b9f30b,normalize_middle_record_omission,C04-S1-B0,confirmatory,C04,etiq_empty_job2,S1,B0,3,upstream_fault,normalize,True,False,True,True,job_1,normalize,0,0
trial-45539de1343add32,provenance_ranking_reversal,C05-S0-B0,confirmatory,C05,compact_fixed_job2,S0,B0,3,upstream_fault,assemble_provenance,True,False,True,True,job_1,assemble_provenance,0,0
trial-6afc2613aaef9d73,provenance_ranking_reversal,C05-S0-B1,confirmatory,C05,compact_fixed_job2,S0,B1,3,upstream_fault,assemble_provenance,True,False,True,True,job_1,assemble_provenance,0,0
trial-5941c5cfa01dee52,provenance_ranking_reversal,C05-S1-B0,confirmatory,C05,compact_fixed_job2,S1,B0,3,upstream_fault,assemble_provenance,True,False,True,True,job_1,assemble_provenance,0,0
trial-b18f1ea22ec0393b,provenance_ranking_reversal,C05-S1-B1,confirmatory,C05,compact_fixed_job2,S1,B1,3,upstream_fault,assemble_provenance,True,False,True,True,job_1,assemble_provenance,0,0
trial-6e92ff62c491b832,provenance_ranking_reversal,C06-S0-B0,confirmatory,C06,compact_adaptive_required_one_job2,S0,B0,3,upstream_fault,assemble_provenance,True,False,True,True,job_1,assemble_provenance,1,0
trial-011648e540abb6d0,provenance_ranking_reversal,C06-S0-B1,confirmatory,C06,compact_adaptive_required_one_job2,S0,B1,3,upstream_fault,assemble_provenance,True,False,True,True,job_1,assemble_provenance,1,0
trial-eccd892f318cd604,provenance_ranking_reversal,C06-S1-B0,confirmatory,C06,compact_adaptive_required_one_job2,S1,B0,3,upstream_fault,assemble_provenance,True,False,True,True,job_1,assemble_provenance,1,0
trial-926da270d6ef720a,provenance_ranking_reversal,C06-S1-B1,confirmatory,C06,compact_adaptive_required_one_job2,S1,B1,3,upstream_fault,assemble_provenance,True,False,True,True,job_1,assemble_provenance,1,0
trial-a20e827e3219f06d,provenance_ranking_reversal,C07-S0-B0,confirmatory,C07,compact_reconsideration_job2,S0,B0,3,upstream_fault,assemble_provenance,True,False,True,True,job_1,assemble_provenance,0,1
trial-1551f8b9c8d85b94,provenance_ranking_reversal,C07-S0-B1,confirmatory,C07,compact_reconsideration_job2,S0,B1,3,upstream_fault,assemble_provenance,True,False,True,True,job_1,assemble_provenance,0,1
trial-c9c00aba3fd4f50e,provenance_ranking_reversal,C07-S1-B0,confirmatory,C07,compact_reconsideration_job2,S1,B0,3,upstream_fault,assemble_provenance,True,False,True,True,job_1,assemble_provenance,0,1
trial-0633f3a7f02a58c7,provenance_ranking_reversal,C07-S1-B1,confirmatory,C07,compact_reconsideration_job2,S1,B1,3,upstream_fault,assemble_provenance,True,False,True,True,job_1,assemble_provenance,0,1
trial-f1e681544886972a,provenance_ranking_reversal,D01-S0-B0,descriptive,D01,io_job2,S0,B0,3,upstream_fault,assemble_provenance,True,False,True,False,job_1,,0,0
trial-d52bb0ff3dd20a69,provenance_ranking_reversal,D01-S0-B1,descriptive,D01,io_job2,S0,B1,3,upstream_fault,assemble_provenance,True,False,True,True,job_1,assemble_provenance,0,0
trial-922294f889adb50f,provenance_ranking_reversal,D02-S0-B0,descriptive,D02,io_both,S0,B0,3,upstream_fault,assemble_provenance,True,False,True,False,job_1,,0,0
trial-ae6d17db4d3e69ea,provenance_ranking_reversal,D02-S0-B1,descriptive,D02,io_both,S0,B1,3,upstream_fault,assemble_provenance,True,False,True,True,job_1,assemble_provenance,0,0
trial-35088bb7f159baeb,provenance_ranking_reversal,D03-S0-B0,descriptive,D03,current_both_jobs,S0,B0,3,upstream_fault,assemble_provenance,True,False,True,False,job_1,,0,0
trial-3016944f3658665d,provenance_ranking_reversal,D03-S0-B1,descriptive,D03,current_both_jobs,S0,B1,3,upstream_fault,assemble_provenance,True,False,True,True,job_1,assemble_provenance,0,0
trial-6653147a54b32b03,provenance_ranking_reversal,D04-S0-B0,descriptive,D04,etiq_empty_both,S0,B0,3,upstream_fault,assemble_provenance,True,False,True,False,job_1,,0,0
trial-769987bdeafc446d,provenance_ranking_reversal,D04-S0-B1,descriptive,D04,etiq_empty_both,S0,B1,3,upstream_fault,assemble_provenance,True,False,True,True,job_1,assemble_provenance,0,0
trial-ecbf7050d3794838,provenance_ranking_reversal,D05-S0-B0,descriptive,D05,full_graph_job2_legacy,S0,B0,3,upstream_fault,assemble_provenance,True,False,True,True,job_1,assemble_provenance,0,0
trial-b4f3c72e87bdd027,provenance_ranking_reversal,D05-S0-B1,descriptive,D05,full_graph_job2_legacy,S0,B1,3,upstream_fault,assemble_provenance,True,False,True,True,job_1,assemble_provenance,0,0
trial-935420a3796bd4ed,provenance_ranking_reversal,D06-S0-B0,descriptive,D06,broad_selected_fixed_job2_legacy,S0,B0,3,upstream_fault,assemble_provenance,True,False,True,True,job_1,assemble_provenance,0,0
trial-0047551e0c2b3345,provenance_ranking_reversal,D06-S0-B1,descriptive,D06,broad_selected_fixed_job2_legacy,S0,B1,3,upstream_fault,assemble_provenance,True,False,True,True,job_1,assemble_provenance,0,0
trial-9c44e1d6a3153dac,provenance_ranking_reversal,D07-S0-B0,descriptive,D07,broad_selected_adaptive_job2_legacy,S0,B0,3,upstream_fault,assemble_provenance,True,False,True,True,job_1,assemble_provenance,0,0
trial-3855b7f8011d1668,provenance_ranking_reversal,D07-S0-B1,descriptive,D07,broad_selected_adaptive_job2_legacy,S0,B1,3,upstream_fault,assemble_provenance,True,False,True,True,job_1,assemble_provenance,0,0
trial-6200e2274edaef4b,provenance_ranking_reversal,D08-S0-B0,descriptive,D08,random_matched_job2_legacy,S0,B0,3,upstream_fault,assemble_provenance,True,False,True,True,job_1,assemble_provenance,0,0
trial-ad8a6fd9d091a52d,provenance_ranking_reversal,D08-S0-B1,descriptive,D08,random_matched_job2_legacy,S0,B1,3,upstream_fault,assemble_provenance,True,False,True,True,job_1,assemble_provenance,0,0
trial-9aef1a32aa4c10ac,provenance_ranking_reversal,D09-S0-B0,descriptive,D09,compact_adaptive_voluntary_job2,S0,B0,3,upstream_fault,assemble_provenance,True,False,True,True,job_1,assemble_provenance,0,0
trial-74227073964a34ba,provenance_ranking_reversal,D09-S0-B1,descriptive,D09,compact_adaptive_voluntary_job2,S0,B1,3,upstream_fault,assemble_provenance,True,False,True,True,job_1,assemble_provenance,0,0
trial-42131be88bdea164,provenance_ranking_reversal,D10-S0-B0,descriptive,D10,compact_fixed_both,S0,B0,3,upstream_fault,assemble_provenance,True,False,True,True,job_1,assemble_provenance,0,0
trial-ea8283ae4f3bf81b,provenance_ranking_reversal,D10-S0-B1,descriptive,D10,compact_fixed_both,S0,B1,3,upstream_fault,assemble_provenance,True,False,True,True,job_1,assemble_provenance,0,0
trial-bcde1da13421c4b7,provenance_ranking_reversal,D11-S0-B0,descriptive,D11,compact_adaptive_voluntary_both,S0,B0,3,upstream_fault,assemble_provenance,True,False,True,True,job_1,assemble_provenance,0,0
trial-d852be42dea7cf24,provenance_ranking_reversal,D11-S0-B1,descriptive,D11,compact_adaptive_voluntary_both,S0,B1,3,upstream_fault,assemble_provenance,True,False,True,True,job_1,assemble_provenance,0,0
trial-89b9224a1cd02056,provenance_ranking_reversal,D12-S0-B0,descriptive,D12,compact_adaptive_required_one_both,S0,B0,3,upstream_fault,assemble_provenance,True,False,True,True,job_1,assemble_provenance,1,0
trial-4c2ab52f336ed245,provenance_ranking_reversal,D12-S0-B1,descriptive,D12,compact_adaptive_required_one_both,S0,B1,3,upstream_fault,assemble_provenance,True,False,True,True,job_1,assemble_provenance,1,0
trial-346850f2c0e80e9e,provenance_ranking_reversal,C01-S0-B0,confirmatory,C01,current_job2,S0,B0,3,upstream_fault,assemble_provenance,True,False,True,False,job_1,,0,0
trial-a05d43472f40e66a,provenance_ranking_reversal,C01-S0-B1,confirmatory,C01,current_job2,S0,B1,3,upstream_fault,assemble_provenance,True,False,True,True,job_1,assemble_provenance,0,0
trial-3e2935edf179136c,provenance_ranking_reversal,C01-S1-B0,confirmatory,C01,current_job2,S1,B0,3,upstream_fault,assemble_provenance,True,False,True,True,job_1,assemble_provenance,0,0
trial-336dc33f26aa21e1,provenance_ranking_reversal,C01-S1-B1,confirmatory,C01,current_job2,S1,B1,3,upstream_fault,assemble_provenance,True,False,True,True,job_1,assemble_provenance,0,0
trial-03efe5b15333e88c,provenance_ranking_reversal,C02-S0-B0,confirmatory,C02,history_empty,S0,B0,3,upstream_fault,assemble_provenance,True,False,True,False,job_1,,0,0
trial-2c7833583827a857,provenance_ranking_reversal,C02-S0-B1,confirmatory,C02,history_empty,S0,B1,3,upstream_fault,assemble_provenance,True,False,True,True,job_1,assemble_provenance,0,0
trial-5be71f4009b8f296,provenance_ranking_reversal,C02-S1-B0,confirmatory,C02,history_empty,S1,B0,3,upstream_fault,assemble_provenance,True,False,True,True,job_1,assemble_provenance,0,0
trial-6f5e9a9543e38871,provenance_ranking_reversal,C02-S1-B1,confirmatory,C02,history_empty,S1,B1,3,upstream_fault,assemble_provenance,True,False,True,True,job_1,assemble_provenance,0,0
trial-6cce35f2fbb092a1,provenance_ranking_reversal,C03-S0-B0,confirmatory,C03,history_full,S0,B0,3,upstream_fault,assemble_provenance,True,False,True,False,job_1,,0,0
trial-0b116089d5f9bee1,provenance_ranking_reversal,C03-S0-B1,confirmatory,C03,history_full,S0,B1,3,upstream_fault,assemble_provenance,True,False,True,True,job_1,assemble_provenance,0,0
trial-1699d3ca9e8ff1f1,provenance_ranking_reversal,C03-S1-B0,confirmatory,C03,history_full,S1,B0,3,upstream_fault,assemble_provenance,True,False,True,True,job_1,assemble_provenance,0,0
trial-19097bd43f8cbbab,provenance_ranking_reversal,C03-S1-B1,confirmatory,C03,history_full,S1,B1,3,upstream_fault,assemble_provenance,True,False,True,True,job_1,assemble_provenance,0,0
trial-4c6ab8aef7728bf7,provenance_ranking_reversal,C04-S0-B0,confirmatory,C04,etiq_empty_job2,S0,B0,3,upstream_fault,assemble_provenance,True,False,True,False,job_1,,0,0
trial-f819d8c7f295510e,provenance_ranking_reversal,C04-S0-B1,confirmatory,C04,etiq_empty_job2,S0,B1,3,upstream_fault,assemble_provenance,True,False,True,True,job_1,assemble_provenance,0,0
trial-6da5eac9ad2d9959,provenance_ranking_reversal,C04-S1-B0,confirmatory,C04,etiq_empty_job2,S1,B0,3,upstream_fault,assemble_provenance,True,False,True,True,job_1,assemble_provenance,0,0
trial-49f6b55451446328,provenance_ranking_reversal,C04-S1-B1,confirmatory,C04,etiq_empty_job2,S1,B1,3,upstream_fault,assemble_provenance,True,False,True,True,job_1,assemble_provenance,0,0
trial-1ee9d7d3ee590469,provenance_join_identity,C05-S0-B1,confirmatory,C05,compact_fixed_job2,S0,B1,3,upstream_fault,assemble_provenance,True,False,True,True,job_1,assemble_provenance,0,0
trial-f9c08bb630b9341f,provenance_join_identity,C05-S1-B0,confirmatory,C05,compact_fixed_job2,S1,B0,3,upstream_fault,assemble_provenance,True,False,True,True,job_1,assemble_provenance,0,0
trial-fb30a0ec4be2d664,provenance_join_identity,C05-S1-B1,confirmatory,C05,compact_fixed_job2,S1,B1,3,upstream_fault,assemble_provenance,True,False,True,True,job_1,assemble_provenance,0,0
trial-45d334c25eae9832,provenance_join_identity,C06-S0-B0,confirmatory,C06,compact_adaptive_required_one_job2,S0,B0,3,upstream_fault,assemble_provenance,True,False,True,True,job_1,assemble_provenance,1,0
trial-0af7839176a10c91,provenance_join_identity,C06-S0-B1,confirmatory,C06,compact_adaptive_required_one_job2,S0,B1,3,upstream_fault,assemble_provenance,True,False,True,True,job_1,assemble_provenance,1,0
trial-43709bb06ff172c5,provenance_join_identity,C06-S1-B0,confirmatory,C06,compact_adaptive_required_one_job2,S1,B0,3,upstream_fault,assemble_provenance,True,False,True,True,job_1,assemble_provenance,1,0
trial-403c0983d54202df,provenance_join_identity,C06-S1-B1,confirmatory,C06,compact_adaptive_required_one_job2,S1,B1,3,upstream_fault,assemble_provenance,True,False,True,True,job_1,assemble_provenance,1,0
trial-a3605c835538615a,provenance_join_identity,C07-S0-B0,confirmatory,C07,compact_reconsideration_job2,S0,B0,3,upstream_fault,assemble_provenance,True,False,True,True,job_1,assemble_provenance,0,1
trial-44bc33961fe761da,provenance_join_identity,C07-S0-B1,confirmatory,C07,compact_reconsideration_job2,S0,B1,3,upstream_fault,assemble_provenance,True,False,True,True,job_1,assemble_provenance,0,1
trial-ea994495b27e98a3,provenance_join_identity,C07-S1-B0,confirmatory,C07,compact_reconsideration_job2,S1,B0,3,upstream_fault,assemble_provenance,True,False,True,True,job_1,assemble_provenance,0,1
trial-3efed4f4a934d4c4,provenance_join_identity,C07-S1-B1,confirmatory,C07,compact_reconsideration_job2,S1,B1,3,upstream_fault,assemble_provenance,True,False,True,True,job_1,assemble_provenance,0,1
trial-f8b9c07d9132cc5c,provenance_join_identity,D01-S0-B0,descriptive,D01,io_job2,S0,B0,3,upstream_fault,assemble_provenance,True,False,False,False,job_2,,0,0
trial-bc5c9bc29797d283,provenance_join_identity,D01-S0-B1,descriptive,D01,io_job2,S0,B1,3,upstream_fault,assemble_provenance,True,False,False,False,job_2,prioritize,0,0
trial-f408eff42aa95a59,provenance_join_identity,D02-S0-B0,descriptive,D02,io_both,S0,B0,3,upstream_fault,assemble_provenance,True,False,False,False,job_2,,0,0
trial-fd63cdb73f50fc64,provenance_join_identity,D02-S0-B1,descriptive,D02,io_both,S0,B1,3,upstream_fault,assemble_provenance,True,False,False,False,job_2,prioritize,0,0
trial-243eb46e9b376680,provenance_join_identity,D03-S0-B0,descriptive,D03,current_both_jobs,S0,B0,3,upstream_fault,assemble_provenance,True,False,False,False,job_2,,0,0
trial-f9ad617fabd4bc2c,provenance_join_identity,D03-S0-B1,descriptive,D03,current_both_jobs,S0,B1,3,upstream_fault,assemble_provenance,True,False,False,False,job_2,prioritize,0,0
trial-a90237cddd221ccc,provenance_join_identity,D04-S0-B0,descriptive,D04,etiq_empty_both,S0,B0,3,upstream_fault,assemble_provenance,True,False,False,False,job_2,,0,0
trial-fff8b5c07a0b8615,provenance_join_identity,D04-S0-B1,descriptive,D04,etiq_empty_both,S0,B1,3,upstream_fault,assemble_provenance,True,False,True,True,job_1,assemble_provenance,0,0
trial-61c1e2f1ad4fd08f,provenance_join_identity,D05-S0-B0,descriptive,D05,full_graph_job2_legacy,S0,B0,3,upstream_fault,assemble_provenance,True,False,True,True,job_1,assemble_provenance,0,0
trial-0ce28af50bdefd5b,provenance_join_identity,D05-S0-B1,descriptive,D05,full_graph_job2_legacy,S0,B1,3,upstream_fault,assemble_provenance,True,False,True,True,job_1,assemble_provenance,0,0
trial-433eaa89ef2b4b07,provenance_join_identity,D06-S0-B0,descriptive,D06,broad_selected_fixed_job2_legacy,S0,B0,3,upstream_fault,assemble_provenance,True,False,True,True,job_1,assemble_provenance,0,0
trial-7d0b54e734de61dc,provenance_join_identity,D06-S0-B1,descriptive,D06,broad_selected_fixed_job2_legacy,S0,B1,3,upstream_fault,assemble_provenance,True,False,True,True,job_1,assemble_provenance,0,0
trial-5b172be8f5a5d91b,provenance_join_identity,D07-S0-B0,descriptive,D07,broad_selected_adaptive_job2_legacy,S0,B0,3,upstream_fault,assemble_provenance,True,False,True,True,job_1,assemble_provenance,0,0
trial-d21c042a2f07bc03,provenance_join_identity,D07-S0-B1,descriptive,D07,broad_selected_adaptive_job2_legacy,S0,B1,3,upstream_fault,assemble_provenance,True,False,True,True,job_1,assemble_provenance,0,0
trial-44afe7e8a0bf969a,provenance_join_identity,D08-S0-B0,descriptive,D08,random_matched_job2_legacy,S0,B0,3,upstream_fault,assemble_provenance,True,False,True,True,job_1,assemble_provenance,0,0
trial-818bca92bb2fb583,provenance_join_identity,D08-S0-B1,descriptive,D08,random_matched_job2_legacy,S0,B1,3,upstream_fault,assemble_provenance,True,False,True,True,job_1,assemble_provenance,0,0
trial-6126ebe0992207cd,provenance_join_identity,D09-S0-B0,descriptive,D09,compact_adaptive_voluntary_job2,S0,B0,3,upstream_fault,assemble_provenance,True,False,True,True,job_1,assemble_provenance,0,0
trial-9efe149912159067,provenance_join_identity,D09-S0-B1,descriptive,D09,compact_adaptive_voluntary_job2,S0,B1,3,upstream_fault,assemble_provenance,True,False,True,True,job_1,assemble_provenance,0,0
trial-5d2300d35dd8676e,provenance_join_identity,D10-S0-B0,descriptive,D10,compact_fixed_both,S0,B0,3,upstream_fault,assemble_provenance,True,False,True,True,job_1,assemble_provenance,0,0
trial-6a56823dbc81a098,provenance_join_identity,D10-S0-B1,descriptive,D10,compact_fixed_both,S0,B1,3,upstream_fault,assemble_provenance,True,False,True,True,job_1,assemble_provenance,0,0
trial-baa2de2a19eaba7c,provenance_join_identity,D11-S0-B0,descriptive,D11,compact_adaptive_voluntary_both,S0,B0,3,upstream_fault,assemble_provenance,True,False,True,True,job_1,assemble_provenance,0,0
trial-9fd82f5902873a57,provenance_join_identity,D11-S0-B1,descriptive,D11,compact_adaptive_voluntary_both,S0,B1,3,upstream_fault,assemble_provenance,True,False,True,True,job_1,assemble_provenance,0,0
trial-370c06267e197545,provenance_join_identity,D12-S0-B0,descriptive,D12,compact_adaptive_required_one_both,S0,B0,3,upstream_fault,assemble_provenance,True,False,True,True,job_1,assemble_provenance,1,0
trial-df1359d5495ec094,provenance_join_identity,D12-S0-B1,descriptive,D12,compact_adaptive_required_one_both,S0,B1,3,upstream_fault,assemble_provenance,True,False,True,True,job_1,assemble_provenance,1,0
trial-f65a6dd8114b0df2,provenance_join_identity,C01-S0-B0,confirmatory,C01,current_job2,S0,B0,3,upstream_fault,assemble_provenance,True,False,False,False,job_2,,0,0
trial-9673819957b55675,provenance_join_identity,C01-S0-B1,confirmatory,C01,current_job2,S0,B1,3,upstream_fault,assemble_provenance,True,False,False,False,job_2,prioritize,0,0
trial-ccf9d9f4a4a712e0,provenance_join_identity,C01-S1-B0,confirmatory,C01,current_job2,S1,B0,3,upstream_fault,assemble_provenance,True,False,True,True,job_1,assemble_provenance,0,0
trial-36586257464aec73,provenance_join_identity,C01-S1-B1,confirmatory,C01,current_job2,S1,B1,3,upstream_fault,assemble_provenance,True,False,False,False,job_2,prioritize,0,0
trial-e8dc44e91e4a32e7,provenance_join_identity,C02-S0-B0,confirmatory,C02,history_empty,S0,B0,3,upstream_fault,assemble_provenance,True,False,False,False,job_2,,0,0
trial-469fd3c661f273e3,provenance_join_identity,C02-S0-B1,confirmatory,C02,history_empty,S0,B1,3,upstream_fault,assemble_provenance,True,False,False,False,job_2,prioritize,0,0
trial-2c70de02f9a93cfd,provenance_join_identity,C02-S1-B0,confirmatory,C02,history_empty,S1,B0,3,upstream_fault,assemble_provenance,True,False,False,False,job_2,prioritize,0,0
trial-43a2e95cca6ccbc1,provenance_join_identity,C02-S1-B1,confirmatory,C02,history_empty,S1,B1,3,upstream_fault,assemble_provenance,True,False,True,True,job_1,assemble_provenance,0,0
trial-29551921f2eb86d5,provenance_join_identity,C03-S0-B0,confirmatory,C03,history_full,S0,B0,3,upstream_fault,assemble_provenance,False,False,False,False,,,0,0
trial-0a3a0115b9b0405a,provenance_join_identity,C03-S0-B1,confirmatory,C03,history_full,S0,B1,3,upstream_fault,assemble_provenance,True,False,False,False,job_2,prioritize,0,0
trial-ba2bf19110d04ceb,provenance_join_identity,C03-S1-B0,confirmatory,C03,history_full,S1,B0,3,upstream_fault,assemble_provenance,True,False,False,False,job_2,prioritize,0,0
trial-2f40eaebace722e8,provenance_join_identity,C03-S1-B1,confirmatory,C03,history_full,S1,B1,3,upstream_fault,assemble_provenance,True,False,True,True,job_1,assemble_provenance,0,0
trial-54751e30ef9f6b1d,provenance_join_identity,C04-S0-B0,confirmatory,C04,etiq_empty_job2,S0,B0,3,upstream_fault,assemble_provenance,True,False,False,False,job_2,,0,0
trial-4cd5b64d7272b3a3,provenance_join_identity,C04-S0-B1,confirmatory,C04,etiq_empty_job2,S0,B1,3,upstream_fault,assemble_provenance,True,False,False,False,job_2,prioritize,0,0
trial-e7db95b8b1e0da96,provenance_join_identity,C04-S1-B0,confirmatory,C04,etiq_empty_job2,S1,B0,3,upstream_fault,assemble_provenance,True,False,True,True,job_1,assemble_provenance,0,0
trial-d3a73c843f014a92,provenance_join_identity,C04-S1-B1,confirmatory,C04,etiq_empty_job2,S1,B1,3,upstream_fault,assemble_provenance,True,False,True,True,job_1,assemble_provenance,0,0
trial-43d0db7276fcd5bf,provenance_join_identity,C05-S0-B0,confirmatory,C05,compact_fixed_job2,S0,B0,3,upstream_fault,assemble_provenance,True,False,True,True,job_1,assemble_provenance,0,0
trial-96ef352d1e661b65,n16-clean-control,C05-S1-B0,confirmatory,C05,compact_fixed_job2,S1,B0,3,matched_clean_control,,False,False,False,False,,,0,0
trial-0e716593b9e556f1,n16-clean-control,C05-S1-B1,confirmatory,C05,compact_fixed_job2,S1,B1,3,matched_clean_control,,False,False,False,False,,,0,0
trial-80422f30647b6efc,n16-clean-control,C06-S0-B0,confirmatory,C06,compact_adaptive_required_one_job2,S0,B0,3,matched_clean_control,,False,False,False,False,,,1,0
trial-223a93565520f360,n16-clean-control,C06-S0-B1,confirmatory,C06,compact_adaptive_required_one_job2,S0,B1,3,matched_clean_control,,False,False,False,False,,,1,0
trial-071420e5804deb26,n16-clean-control,C06-S1-B0,confirmatory,C06,compact_adaptive_required_one_job2,S1,B0,3,matched_clean_control,,False,False,False,False,,,1,0
trial-8c7e13701e036458,n16-clean-control,C06-S1-B1,confirmatory,C06,compact_adaptive_required_one_job2,S1,B1,3,matched_clean_control,,False,False,False,False,,,1,0
trial-769bdbc9ed5050e2,n16-clean-control,C07-S0-B0,confirmatory,C07,compact_reconsideration_job2,S0,B0,3,matched_clean_control,,False,False,False,False,,,0,1
trial-70a50c326dee4cac,n16-clean-control,C07-S0-B1,confirmatory,C07,compact_reconsideration_job2,S0,B1,3,matched_clean_control,,False,False,False,False,,,0,1
trial-4bc2fe4d40da0a32,n16-clean-control,C07-S1-B0,confirmatory,C07,compact_reconsideration_job2,S1,B0,3,matched_clean_control,,False,False,False,False,,,0,1
trial-aeff9d0ef4ba6238,n16-clean-control,C07-S1-B1,confirmatory,C07,compact_reconsideration_job2,S1,B1,3,matched_clean_control,,False,False,False,False,,,0,1
trial-08aacc1428a2b343,n16-clean-control,D01-S0-B0,descriptive,D01,io_job2,S0,B0,3,matched_clean_control,,True,True,False,False,job_2,,0,0
trial-391861f6afc93ce8,n16-clean-control,D01-S0-B1,descriptive,D01,io_job2,S0,B1,3,matched_clean_control,,False,False,False,False,,,0,0
trial-159871b91cd23106,n16-clean-control,D02-S0-B0,descriptive,D02,io_both,S0,B0,3,matched_clean_control,,False,False,False,False,,,0,0
trial-5c9ab1e2558a0c90,n16-clean-control,D02-S0-B1,descriptive,D02,io_both,S0,B1,3,matched_clean_control,,False,False,False,False,,,0,0
trial-c858e9cbaa2e0d0c,n16-clean-control,D03-S0-B0,descriptive,D03,current_both_jobs,S0,B0,3,matched_clean_control,,False,False,False,False,,,0,0
trial-05f5190e9d6be52a,n16-clean-control,D03-S0-B1,descriptive,D03,current_both_jobs,S0,B1,3,matched_clean_control,,False,False,False,False,,,0,0
trial-182773881a4edbd4,n16-clean-control,D04-S0-B0,descriptive,D04,etiq_empty_both,S0,B0,3,matched_clean_control,,False,False,False,False,,,0,0
trial-a546a1f5e0d69f33,n16-clean-control,D04-S0-B1,descriptive,D04,etiq_empty_both,S0,B1,3,matched_clean_control,,False,False,False,False,,,0,0
trial-bb70a652d608c68f,n16-clean-control,D05-S0-B0,descriptive,D05,full_graph_job2_legacy,S0,B0,3,matched_clean_control,,False,False,False,False,,,0,0
trial-4a85b62981fc81cd,n16-clean-control,D05-S0-B1,descriptive,D05,full_graph_job2_legacy,S0,B1,3,matched_clean_control,,False,False,False,False,,,0,0
trial-62342b41ca0114b1,n16-clean-control,D06-S0-B0,descriptive,D06,broad_selected_fixed_job2_legacy,S0,B0,3,matched_clean_control,,False,False,False,False,,,0,0
trial-8bd0fad05d71323b,n16-clean-control,D06-S0-B1,descriptive,D06,broad_selected_fixed_job2_legacy,S0,B1,3,matched_clean_control,,False,False,False,False,,,0,0
trial-d8a08383a073501c,n16-clean-control,D07-S0-B0,descriptive,D07,broad_selected_adaptive_job2_legacy,S0,B0,3,matched_clean_control,,False,False,False,False,,,0,0
trial-d0fd40a356e8fc3f,n16-clean-control,D07-S0-B1,descriptive,D07,broad_selected_adaptive_job2_legacy,S0,B1,3,matched_clean_control,,False,False,False,False,,,0,0
trial-76c63ab034009e39,n16-clean-control,D08-S0-B0,descriptive,D08,random_matched_job2_legacy,S0,B0,3,matched_clean_control,,False,False,False,False,,,0,0
trial-100c495f2a3fd71c,n16-clean-control,D08-S0-B1,descriptive,D08,random_matched_job2_legacy,S0,B1,3,matched_clean_control,,False,False,False,False,,,0,0
trial-4b548a784ad46136,n16-clean-control,D09-S0-B0,descriptive,D09,compact_adaptive_voluntary_job2,S0,B0,3,matched_clean_control,,False,False,False,False,,,0,0
trial-5d4441f44d7532c7,n16-clean-control,D09-S0-B1,descriptive,D09,compact_adaptive_voluntary_job2,S0,B1,3,matched_clean_control,,False,False,False,False,,,0,0
trial-cd41c5410cab9e71,n16-clean-control,D10-S0-B0,descriptive,D10,compact_fixed_both,S0,B0,3,matched_clean_control,,False,False,False,False,,,0,0
trial-8063348b4c19d908,n16-clean-control,D10-S0-B1,descriptive,D10,compact_fixed_both,S0,B1,3,matched_clean_control,,False,False,False,False,,,0,0
trial-50f73d10c801d8fe,n16-clean-control,D11-S0-B0,descriptive,D11,compact_adaptive_voluntary_both,S0,B0,3,matched_clean_control,,False,False,False,False,,,0,0
trial-03bf6f4e360495c8,n16-clean-control,D11-S0-B1,descriptive,D11,compact_adaptive_voluntary_both,S0,B1,3,matched_clean_control,,False,False,False,False,,,0,0
trial-ffdc0912fa181595,n16-clean-control,D12-S0-B0,descriptive,D12,compact_adaptive_required_one_both,S0,B0,3,matched_clean_control,,False,False,False,False,,,1,0
trial-342c231f9ad9f20e,n16-clean-control,D12-S0-B1,descriptive,D12,compact_adaptive_required_one_both,S0,B1,3,matched_clean_control,,False,False,False,False,,,1,0
trial-544267acfd968864,n16-clean-control,C01-S0-B0,confirmatory,C01,current_job2,S0,B0,3,matched_clean_control,,True,True,False,False,job_2,,0,0
trial-aca7c34c1c08513a,n16-clean-control,C01-S0-B1,confirmatory,C01,current_job2,S0,B1,3,matched_clean_control,,False,False,False,False,,,0,0
trial-3992d0def2d6b3a8,n16-clean-control,C01-S1-B0,confirmatory,C01,current_job2,S1,B0,3,matched_clean_control,,True,True,False,False,job_2,prioritize,0,0
trial-c57537e6d3b56b1e,n16-clean-control,C01-S1-B1,confirmatory,C01,current_job2,S1,B1,3,matched_clean_control,,False,False,False,False,,,0,0
trial-51d02b544cfa336a,n16-clean-control,C02-S0-B0,confirmatory,C02,history_empty,S0,B0,3,matched_clean_control,,True,True,False,False,job_2,,0,0
trial-e8a299d12a614542,n16-clean-control,C02-S0-B1,confirmatory,C02,history_empty,S0,B1,3,matched_clean_control,,False,False,False,False,,,0,0
trial-04c8f16952ca3d21,n16-clean-control,C02-S1-B0,confirmatory,C02,history_empty,S1,B0,3,matched_clean_control,,False,False,False,False,,,0,0
trial-6d60a2742ab2af78,n16-clean-control,C02-S1-B1,confirmatory,C02,history_empty,S1,B1,3,matched_clean_control,,False,False,False,False,,,0,0
trial-38af2283b7cdd762,n16-clean-control,C03-S0-B0,confirmatory,C03,history_full,S0,B0,3,matched_clean_control,,False,False,False,False,,,0,0
trial-431510bf9d2d3022,n16-clean-control,C03-S0-B1,confirmatory,C03,history_full,S0,B1,3,matched_clean_control,,False,False,False,False,,,0,0
trial-b45082619503166f,n16-clean-control,C03-S1-B0,confirmatory,C03,history_full,S1,B0,3,matched_clean_control,,False,False,False,False,,,0,0
trial-fe689f4fe5f5d086,n16-clean-control,C03-S1-B1,confirmatory,C03,history_full,S1,B1,3,matched_clean_control,,False,False,False,False,,,0,0
trial-f40862a99f900acf,n16-clean-control,C04-S0-B0,confirmatory,C04,etiq_empty_job2,S0,B0,3,matched_clean_control,,True,True,False,False,job_2,,0,0
trial-7b454ace4221b53b,n16-clean-control,C04-S0-B1,confirmatory,C04,etiq_empty_job2,S0,B1,3,matched_clean_control,,False,False,False,False,,,0,0
trial-237cd75d0eaa13f9,n16-clean-control,C04-S1-B0,confirmatory,C04,etiq_empty_job2,S1,B0,3,matched_clean_control,,False,False,False,False,,,0,0
trial-5366753c80952968,n16-clean-control,C04-S1-B1,confirmatory,C04,etiq_empty_job2,S1,B1,3,matched_clean_control,,False,False,False,False,,,0,0
trial-c9dc07dee30458f6,n16-clean-control,C05-S0-B0,confirmatory,C05,compact_fixed_job2,S0,B0,3,matched_clean_control,,False,False,False,False,,,0,0
trial-81fd126336758439,n16-clean-control,C05-S0-B1,confirmatory,C05,compact_fixed_job2,S0,B1,3,matched_clean_control,,False,False,False,False,,,0,0
trial-ba58eea9ee32c117,select_threshold_omission,C05-S1-B1,confirmatory,C05,compact_fixed_job2,S1,B1,3,upstream_fault,select_demand,False,False,False,False,,,0,0
trial-93f8b77afc9522e4,select_threshold_omission,C06-S0-B0,confirmatory,C06,compact_adaptive_required_one_job2,S0,B0,3,upstream_fault,select_demand,True,False,True,True,job_1,select_demand,1,0
trial-0e8d19d0a774d30e,select_threshold_omission,C06-S0-B1,confirmatory,C06,compact_adaptive_required_one_job2,S0,B1,3,upstream_fault,select_demand,False,False,False,False,,,1,0
trial-616e6601bf45e3d2,select_threshold_omission,C06-S1-B0,confirmatory,C06,compact_adaptive_required_one_job2,S1,B0,3,upstream_fault,select_demand,True,False,True,True,job_1,select_demand,1,0
trial-d039bb66805791fb,select_threshold_omission,C06-S1-B1,confirmatory,C06,compact_adaptive_required_one_job2,S1,B1,3,upstream_fault,select_demand,False,False,False,False,,,1,0
trial-ab6e6eb4b839e450,select_threshold_omission,C07-S0-B0,confirmatory,C07,compact_reconsideration_job2,S0,B0,3,upstream_fault,select_demand,True,False,True,True,job_1,select_demand,0,1
trial-545e1c35ba5930f3,select_threshold_omission,C07-S0-B1,confirmatory,C07,compact_reconsideration_job2,S0,B1,3,upstream_fault,select_demand,False,False,False,False,,,0,1
trial-3cd95749618dfd26,select_threshold_omission,C07-S1-B0,confirmatory,C07,compact_reconsideration_job2,S1,B0,3,upstream_fault,select_demand,True,False,True,True,job_1,select_demand,0,1
trial-fcf06a70e1948ca3,select_threshold_omission,C07-S1-B1,confirmatory,C07,compact_reconsideration_job2,S1,B1,3,upstream_fault,select_demand,True,False,True,True,job_1,select_demand,0,1
trial-419b7c124fd716ae,select_threshold_omission,D01-S0-B0,descriptive,D01,io_job2,S0,B0,3,upstream_fault,select_demand,True,False,True,False,job_1,,0,0
trial-5fcc771de6d001a9,select_threshold_omission,D01-S0-B1,descriptive,D01,io_job2,S0,B1,3,upstream_fault,select_demand,True,False,True,True,job_1,select_demand,0,0
trial-c6f4e84ca1f24400,select_threshold_omission,D02-S0-B0,descriptive,D02,io_both,S0,B0,3,upstream_fault,select_demand,True,False,True,False,job_1,,0,0
trial-20f6a5bd9357acc5,select_threshold_omission,D02-S0-B1,descriptive,D02,io_both,S0,B1,3,upstream_fault,select_demand,True,False,True,True,job_1,select_demand,0,0
trial-d084c15a0303160f,select_threshold_omission,D03-S0-B0,descriptive,D03,current_both_jobs,S0,B0,3,upstream_fault,select_demand,True,False,True,False,job_1,,0,0
trial-ad7f071705c02c68,select_threshold_omission,D03-S0-B1,descriptive,D03,current_both_jobs,S0,B1,3,upstream_fault,select_demand,True,False,True,True,job_1,select_demand,0,0
trial-734524fe0297f76c,select_threshold_omission,D04-S0-B0,descriptive,D04,etiq_empty_both,S0,B0,3,upstream_fault,select_demand,True,False,True,False,job_1,,0,0
trial-d94c54c3e5c28692,select_threshold_omission,D04-S0-B1,descriptive,D04,etiq_empty_both,S0,B1,3,upstream_fault,select_demand,True,False,True,True,job_1,select_demand,0,0
trial-002d48d07de60e67,select_threshold_omission,D05-S0-B0,descriptive,D05,full_graph_job2_legacy,S0,B0,3,upstream_fault,select_demand,False,False,False,False,,,0,0
trial-cd79aa6b68391254,select_threshold_omission,D05-S0-B1,descriptive,D05,full_graph_job2_legacy,S0,B1,3,upstream_fault,select_demand,False,False,False,False,,,0,0
trial-9afe8cceb4c79fcd,select_threshold_omission,D06-S0-B0,descriptive,D06,broad_selected_fixed_job2_legacy,S0,B0,3,upstream_fault,select_demand,True,False,True,True,job_1,select_demand,0,0
trial-efff1f289ee9cd75,select_threshold_omission,D06-S0-B1,descriptive,D06,broad_selected_fixed_job2_legacy,S0,B1,3,upstream_fault,select_demand,False,False,False,False,,,0,0
trial-c9a9656b9422d68f,select_threshold_omission,D07-S0-B0,descriptive,D07,broad_selected_adaptive_job2_legacy,S0,B0,3,upstream_fault,select_demand,False,False,False,False,,,0,0
trial-202fa6dea3c65e66,select_threshold_omission,D07-S0-B1,descriptive,D07,broad_selected_adaptive_job2_legacy,S0,B1,3,upstream_fault,select_demand,False,False,False,False,,,0,0
trial-e1cba5cf0d75b643,select_threshold_omission,D08-S0-B0,descriptive,D08,random_matched_job2_legacy,S0,B0,3,upstream_fault,select_demand,False,False,False,False,,,0,0
trial-98264ccc22cb9f68,select_threshold_omission,D08-S0-B1,descriptive,D08,random_matched_job2_legacy,S0,B1,3,upstream_fault,select_demand,False,False,False,False,,,0,0
trial-a080eb175beefaab,select_threshold_omission,D09-S0-B0,descriptive,D09,compact_adaptive_voluntary_job2,S0,B0,3,upstream_fault,select_demand,True,False,True,True,job_1,select_demand,0,0
trial-ab45224e0ecbd364,select_threshold_omission,D09-S0-B1,descriptive,D09,compact_adaptive_voluntary_job2,S0,B1,3,upstream_fault,select_demand,False,False,False,False,,,0,0
trial-05047b509b0df620,select_threshold_omission,D10-S0-B0,descriptive,D10,compact_fixed_both,S0,B0,3,upstream_fault,select_demand,True,False,True,True,job_1,select_demand,0,0
trial-041686d2ac78507e,select_threshold_omission,D10-S0-B1,descriptive,D10,compact_fixed_both,S0,B1,3,upstream_fault,select_demand,False,False,False,False,,,0,0
trial-4e015ca8e8f57737,select_threshold_omission,D11-S0-B0,descriptive,D11,compact_adaptive_voluntary_both,S0,B0,3,upstream_fault,select_demand,False,False,False,False,,,0,0
trial-fd27d3add2b61307,select_threshold_omission,D11-S0-B1,descriptive,D11,compact_adaptive_voluntary_both,S0,B1,3,upstream_fault,select_demand,False,False,False,False,,,0,0
trial-f05534af796c248c,select_threshold_omission,D12-S0-B0,descriptive,D12,compact_adaptive_required_one_both,S0,B0,3,upstream_fault,select_demand,True,False,True,True,job_1,select_demand,1,0
trial-9a477fc74272cb24,select_threshold_omission,D12-S0-B1,descriptive,D12,compact_adaptive_required_one_both,S0,B1,3,upstream_fault,select_demand,True,False,True,True,job_1,select_demand,1,0
trial-43bc4792ac66e168,select_threshold_omission,C01-S0-B0,confirmatory,C01,current_job2,S0,B0,3,upstream_fault,select_demand,True,False,True,False,job_1,,0,0
trial-5e1a00bcd0b69e11,select_threshold_omission,C01-S0-B1,confirmatory,C01,current_job2,S0,B1,3,upstream_fault,select_demand,True,False,True,True,job_1,select_demand,0,0
trial-73d128a22f4d9aa1,select_threshold_omission,C01-S1-B0,confirmatory,C01,current_job2,S1,B0,3,upstream_fault,select_demand,False,False,False,False,,,0,0
trial-2840c118c250293d,select_threshold_omission,C01-S1-B1,confirmatory,C01,current_job2,S1,B1,3,upstream_fault,select_demand,False,False,False,False,,,0,0
trial-8eee2e81f6d14031,select_threshold_omission,C02-S0-B0,confirmatory,C02,history_empty,S0,B0,3,upstream_fault,select_demand,True,False,True,False,job_1,,0,0
trial-d100b82d16258bd3,select_threshold_omission,C02-S0-B1,confirmatory,C02,history_empty,S0,B1,3,upstream_fault,select_demand,True,False,True,False,job_1,,0,0
trial-f5bc25c86d32add5,select_threshold_omission,C02-S1-B0,confirmatory,C02,history_empty,S1,B0,3,upstream_fault,select_demand,False,False,False,False,,,0,0
trial-2d65a85321983cbe,select_threshold_omission,C02-S1-B1,confirmatory,C02,history_empty,S1,B1,3,upstream_fault,select_demand,False,False,False,False,,,0,0
trial-19373af7ebd04150,select_threshold_omission,C03-S0-B0,confirmatory,C03,history_full,S0,B0,3,upstream_fault,select_demand,True,False,True,False,job_1,,0,0
trial-8420812736949fc8,select_threshold_omission,C03-S0-B1,confirmatory,C03,history_full,S0,B1,3,upstream_fault,select_demand,False,False,False,False,,,0,0
trial-8666c48f79df85fd,select_threshold_omission,C03-S1-B0,confirmatory,C03,history_full,S1,B0,3,upstream_fault,select_demand,False,False,False,False,,,0,0
trial-9983a52943f74abb,select_threshold_omission,C03-S1-B1,confirmatory,C03,history_full,S1,B1,3,upstream_fault,select_demand,False,False,False,False,,,0,0
trial-b880ed57c659410b,select_threshold_omission,C04-S0-B0,confirmatory,C04,etiq_empty_job2,S0,B0,3,upstream_fault,select_demand,True,False,True,False,job_1,,0,0
trial-d9675b035d6bfeaa,select_threshold_omission,C04-S0-B1,confirmatory,C04,etiq_empty_job2,S0,B1,3,upstream_fault,select_demand,True,False,True,True,job_1,select_demand,0,0
trial-10fb568889c681be,select_threshold_omission,C04-S1-B0,confirmatory,C04,etiq_empty_job2,S1,B0,3,upstream_fault,select_demand,False,False,False,False,,,0,0
trial-d4f7ad7c7fabf36c,select_threshold_omission,C04-S1-B1,confirmatory,C04,etiq_empty_job2,S1,B1,3,upstream_fault,select_demand,False,False,False,False,,,0,0
trial-1a7951d3edf4441b,select_threshold_omission,C05-S0-B0,confirmatory,C05,compact_fixed_job2,S0,B0,3,upstream_fault,select_demand,True,False,True,True,job_1,select_demand,0,0
trial-ceb6881ca949c813,select_threshold_omission,C05-S0-B1,confirmatory,C05,compact_fixed_job2,S0,B1,3,upstream_fault,select_demand,False,False,False,False,,,0,0
trial-f9e09da3de539021,select_threshold_omission,C05-S1-B0,confirmatory,C05,compact_fixed_job2,S1,B0,3,upstream_fault,select_demand,False,False,False,False,,,0,0
trial-0ba8080b0cfb1d92,select_wrong_source_weight,C06-S0-B0,confirmatory,C06,compact_adaptive_required_one_job2,S0,B0,3,upstream_fault,select_demand,True,False,True,True,job_1,select_demand,1,0
trial-a0902712375906c9,select_wrong_source_weight,C06-S0-B1,confirmatory,C06,compact_adaptive_required_one_job2,S0,B1,3,upstream_fault,select_demand,True,False,True,True,job_1,select_demand,1,0
trial-1cfea2b70eba01ee,select_wrong_source_weight,C06-S1-B0,confirmatory,C06,compact_adaptive_required_one_job2,S1,B0,3,upstream_fault,select_demand,True,False,True,True,job_1,select_demand,1,0
trial-fbadef48d8aa479d,select_wrong_source_weight,C06-S1-B1,confirmatory,C06,compact_adaptive_required_one_job2,S1,B1,3,upstream_fault,select_demand,True,False,True,True,job_1,select_demand,1,0
trial-db0bda4471110086,select_wrong_source_weight,C07-S0-B0,confirmatory,C07,compact_reconsideration_job2,S0,B0,3,upstream_fault,select_demand,True,False,True,True,job_1,select_demand,0,1
trial-0d02b08ec953f6db,select_wrong_source_weight,C07-S0-B1,confirmatory,C07,compact_reconsideration_job2,S0,B1,3,upstream_fault,select_demand,True,False,True,True,job_1,select_demand,0,1
trial-8bbce9f363d58802,select_wrong_source_weight,C07-S1-B0,confirmatory,C07,compact_reconsideration_job2,S1,B0,3,upstream_fault,select_demand,True,False,True,True,job_1,select_demand,0,1
trial-b4abc9ede988f463,select_wrong_source_weight,C07-S1-B1,confirmatory,C07,compact_reconsideration_job2,S1,B1,3,upstream_fault,select_demand,True,False,True,True,job_1,select_demand,0,1
trial-3ff1a8506a374078,select_wrong_source_weight,D01-S0-B0,descriptive,D01,io_job2,S0,B0,3,upstream_fault,select_demand,True,False,True,False,job_1,,0,0
trial-61784f9cd87442d4,select_wrong_source_weight,D01-S0-B1,descriptive,D01,io_job2,S0,B1,3,upstream_fault,select_demand,True,False,True,False,job_1,,0,0
trial-7154b97429fc9174,select_wrong_source_weight,D02-S0-B0,descriptive,D02,io_both,S0,B0,3,upstream_fault,select_demand,True,False,True,False,job_1,,0,0
trial-203714126f3a79b0,select_wrong_source_weight,D02-S0-B1,descriptive,D02,io_both,S0,B1,3,upstream_fault,select_demand,True,False,True,False,job_1,,0,0
trial-88fc3dd4237b701a,select_wrong_source_weight,D03-S0-B0,descriptive,D03,current_both_jobs,S0,B0,3,upstream_fault,select_demand,True,False,True,False,job_1,,0,0
trial-be4b453c21752307,select_wrong_source_weight,D03-S0-B1,descriptive,D03,current_both_jobs,S0,B1,3,upstream_fault,select_demand,True,False,True,True,job_1,select_demand,0,0
trial-1f1cbc8837f9a83f,select_wrong_source_weight,D04-S0-B0,descriptive,D04,etiq_empty_both,S0,B0,3,upstream_fault,select_demand,True,False,True,False,job_1,,0,0
trial-925c26a67794666e,select_wrong_source_weight,D04-S0-B1,descriptive,D04,etiq_empty_both,S0,B1,3,upstream_fault,select_demand,True,False,True,False,job_1,,0,0
trial-811bfa86f5ca622b,select_wrong_source_weight,D05-S0-B0,descriptive,D05,full_graph_job2_legacy,S0,B0,3,upstream_fault,select_demand,True,False,True,True,job_1,select_demand,0,0
trial-e76df3f0236aa222,select_wrong_source_weight,D05-S0-B1,descriptive,D05,full_graph_job2_legacy,S0,B1,3,upstream_fault,select_demand,True,False,True,True,job_1,select_demand,0,0
trial-0c5ef580992df888,select_wrong_source_weight,D06-S0-B0,descriptive,D06,broad_selected_fixed_job2_legacy,S0,B0,3,upstream_fault,select_demand,True,False,True,True,job_1,select_demand,0,0
trial-f11526a586b4af23,select_wrong_source_weight,D06-S0-B1,descriptive,D06,broad_selected_fixed_job2_legacy,S0,B1,3,upstream_fault,select_demand,True,False,True,True,job_1,select_demand,0,0
trial-fe34bb4dff0db796,select_wrong_source_weight,D07-S0-B0,descriptive,D07,broad_selected_adaptive_job2_legacy,S0,B0,3,upstream_fault,select_demand,True,False,True,True,job_1,select_demand,0,0
trial-2644b73e71f6d59d,select_wrong_source_weight,D07-S0-B1,descriptive,D07,broad_selected_adaptive_job2_legacy,S0,B1,3,upstream_fault,select_demand,True,False,True,True,job_1,select_demand,0,0
trial-94ccca01960a6e38,select_wrong_source_weight,D08-S0-B0,descriptive,D08,random_matched_job2_legacy,S0,B0,3,upstream_fault,select_demand,True,False,True,True,job_1,select_demand,0,0
trial-e2c0701a7a5e958d,select_wrong_source_weight,D08-S0-B1,descriptive,D08,random_matched_job2_legacy,S0,B1,3,upstream_fault,select_demand,True,False,True,True,job_1,select_demand,0,0
trial-b49f77d1705e5098,select_wrong_source_weight,D09-S0-B0,descriptive,D09,compact_adaptive_voluntary_job2,S0,B0,3,upstream_fault,select_demand,True,False,True,True,job_1,select_demand,0,0
trial-7079cdb9774bde34,select_wrong_source_weight,D09-S0-B1,descriptive,D09,compact_adaptive_voluntary_job2,S0,B1,3,upstream_fault,select_demand,True,False,True,True,job_1,select_demand,0,0
trial-bbadae2d0e11431e,select_wrong_source_weight,D10-S0-B0,descriptive,D10,compact_fixed_both,S0,B0,3,upstream_fault,select_demand,True,False,True,True,job_1,select_demand,0,0
trial-ebdd75b30889f9cb,select_wrong_source_weight,D10-S0-B1,descriptive,D10,compact_fixed_both,S0,B1,3,upstream_fault,select_demand,True,False,True,True,job_1,select_demand,0,0
trial-c37717af879fe055,select_wrong_source_weight,D11-S0-B0,descriptive,D11,compact_adaptive_voluntary_both,S0,B0,3,upstream_fault,select_demand,True,False,True,True,job_1,select_demand,0,0
trial-29ee042ef593115e,select_wrong_source_weight,D11-S0-B1,descriptive,D11,compact_adaptive_voluntary_both,S0,B1,3,upstream_fault,select_demand,True,False,True,True,job_1,select_demand,0,0
trial-117e8ace856020f7,select_wrong_source_weight,D12-S0-B0,descriptive,D12,compact_adaptive_required_one_both,S0,B0,3,upstream_fault,select_demand,True,False,True,True,job_1,select_demand,1,0
trial-c2c0285e08421a3d,select_wrong_source_weight,D12-S0-B1,descriptive,D12,compact_adaptive_required_one_both,S0,B1,3,upstream_fault,select_demand,True,False,True,True,job_1,select_demand,1,0
trial-37903d224aecbc15,select_wrong_source_weight,C01-S0-B0,confirmatory,C01,current_job2,S0,B0,3,upstream_fault,select_demand,True,False,True,False,job_1,,0,0
trial-9e817c658129d699,select_wrong_source_weight,C01-S0-B1,confirmatory,C01,current_job2,S0,B1,3,upstream_fault,select_demand,True,False,True,False,job_1,,0,0
trial-aef1a3c51af1418e,select_wrong_source_weight,C01-S1-B0,confirmatory,C01,current_job2,S1,B0,3,upstream_fault,select_demand,True,False,True,True,job_1,select_demand,0,0
trial-0ea534c8bee3b47e,select_wrong_source_weight,C01-S1-B1,confirmatory,C01,current_job2,S1,B1,3,upstream_fault,select_demand,True,False,True,True,job_1,select_demand,0,0
trial-165f9ace4649b3ae,select_wrong_source_weight,C02-S0-B0,confirmatory,C02,history_empty,S0,B0,3,upstream_fault,select_demand,True,False,False,False,job_2,,0,0
trial-2f7552572769112f,select_wrong_source_weight,C02-S0-B1,confirmatory,C02,history_empty,S0,B1,3,upstream_fault,select_demand,True,False,True,False,job_1,,0,0
trial-70540054b0c24b23,select_wrong_source_weight,C02-S1-B0,confirmatory,C02,history_empty,S1,B0,3,upstream_fault,select_demand,True,False,True,True,job_1,select_demand,0,0
trial-d1a94bf5179476c6,select_wrong_source_weight,C02-S1-B1,confirmatory,C02,history_empty,S1,B1,3,upstream_fault,select_demand,True,False,True,True,job_1,select_demand,0,0
trial-bbb8edeb8987208c,select_wrong_source_weight,C03-S0-B0,confirmatory,C03,history_full,S0,B0,3,upstream_fault,select_demand,True,False,True,False,job_1,,0,0
trial-c73eda4ddd11025f,select_wrong_source_weight,C03-S0-B1,confirmatory,C03,history_full,S0,B1,3,upstream_fault,select_demand,True,False,True,False,job_1,,0,0
trial-8ffdeddc56bb5a96,select_wrong_source_weight,C03-S1-B0,confirmatory,C03,history_full,S1,B0,3,upstream_fault,select_demand,True,False,True,True,job_1,select_demand,0,0
trial-e7efec9bc7620350,select_wrong_source_weight,C03-S1-B1,confirmatory,C03,history_full,S1,B1,3,upstream_fault,select_demand,True,False,True,True,job_1,select_demand,0,0
trial-118bf0e54d2e20e7,select_wrong_source_weight,C04-S0-B0,confirmatory,C04,etiq_empty_job2,S0,B0,3,upstream_fault,select_demand,True,False,True,False,job_1,,0,0
trial-51fa295138ca4453,select_wrong_source_weight,C04-S0-B1,confirmatory,C04,etiq_empty_job2,S0,B1,3,upstream_fault,select_demand,True,False,True,False,job_1,,0,0
trial-918832da9d1c37a1,select_wrong_source_weight,C04-S1-B0,confirmatory,C04,etiq_empty_job2,S1,B0,3,upstream_fault,select_demand,True,False,True,True,job_1,select_demand,0,0
trial-de64c8182ef08da7,select_wrong_source_weight,C04-S1-B1,confirmatory,C04,etiq_empty_job2,S1,B1,3,upstream_fault,select_demand,True,False,True,True,job_1,select_demand,0,0
trial-757c6e5d09448161,select_wrong_source_weight,C05-S0-B0,confirmatory,C05,compact_fixed_job2,S0,B0,3,upstream_fault,select_demand,True,False,True,True,job_1,select_demand,0,0
trial-31fde710521c73f2,select_wrong_source_weight,C05-S0-B1,confirmatory,C05,compact_fixed_job2,S0,B1,3,upstream_fault,select_demand,True,False,True,True,job_1,select_demand,0,0
trial-a3f9f8efff71706b,select_wrong_source_weight,C05-S1-B0,confirmatory,C05,compact_fixed_job2,S1,B0,3,upstream_fault,select_demand,True,False,True,True,job_1,select_demand,0,0
trial-7391c9beff57e10a,select_wrong_source_weight,C05-S1-B1,confirmatory,C05,compact_fixed_job2,S1,B1,3,upstream_fault,select_demand,True,False,True,True,job_1,select_demand,0,0
