trial_id,cell_id,mode,call_index,purpose,input_tokens,cached_input_tokens,output_tokens,total_tokens,latency_seconds,estimated_cost_usd
trial-a68547c85fa58cde,C01-S0-B0,C01,1,initial_review,16671,1408,709,,17.66612577399792,0.098289
trial-d6fa863b2a04a076,C01-S0-B1,C01,1,initial_review,17409,1408,899,,21.292628032999346,0.107679
trial-7e2e7974f3b6eb8c,C01-S1-B0,C01,1,initial_review,18686,11648,816,,19.68735456200011,0.065494
trial-61cbb78d886c92df,C01-S1-B1,C01,1,initial_review,19423,11648,785,,19.852133740998397,0.068249
trial-7ebaa286534b9247,C02-S0-B0,C02,1,initial_review,16682,1408,824,,23.194930575999024,0.101794
trial-eebb0ff2d87ceeee,C02-S0-B1,C02,1,initial_review,17419,1408,854,,21.032868308000616,0.106379
trial-778520658760e1f4,C02-S1-B0,C02,1,initial_review,18695,11648,804,,20.039536891999887,0.065179
trial-0766bf670e88f692,C02-S1-B1,C02,1,initial_review,19434,11648,801,,19.450350131999585,0.068784
trial-4c028059af01fc4d,C03-S0-B0,C03,1,initial_review,18452,1408,708,,17.523505381999712,0.107164
trial-d56615eb23294f4b,C03-S0-B1,C03,1,initial_review,19190,11648,856,,20.05934028900083,0.069214
trial-f6f934461e5c28f3,C03-S1-B0,C03,1,initial_review,20468,1408,850,,20.189343074001954,0.121504
trial-d74265d3a60c5d18,C03-S1-B1,C03,1,initial_review,21204,11648,811,,20.52034771399849,0.077934
trial-91823f8cd9025f49,C04-S0-B0,C04,1,initial_review,16800,11648,859,,21.77669772399895,0.057354
trial-e054dc1b8efaf44f,C04-S0-B1,C04,1,initial_review,17537,11648,888,,20.550575535999087,0.061909
trial-e681da01bb9a00d6,C04-S1-B0,C04,1,initial_review,18814,11648,816,,26.81013375600014,0.066134
trial-43f824d676ba712b,C04-S1-B1,C04,1,initial_review,19552,11648,769,,18.992747577001865,0.068414
trial-6398786d680df695,C05-S0-B0,C05,1,initial_review,23244,11648,837,,20.145787071000086,0.088914
trial-511dfaef177d7c62,C05-S0-B1,C05,1,initial_review,23984,11648,898,,28.000387616997614,0.094444
trial-dedde6cf05e1e0db,C05-S1-B0,C05,1,initial_review,25260,11648,848,,24.600487058,0.099324
trial-ffbe7c754cc7fb41,C05-S1-B1,C05,1,initial_review,25996,11648,815,,22.433310399999755,0.102014
trial-7de794d572a1fe32,C06-S0-B0,C06,1,initial_review,23313,1408,830,,22.30349600699992,0.135129
trial-7de794d572a1fe32,C06-S0-B0,C06,2,nested_group_follow_up,46002,11648,845,,22.569332375998783,0.202944
trial-54fae306f6b76ef0,C06-S0-B1,C06,1,initial_review,24052,1408,1710,,36.58929486299894,0.165224
trial-54fae306f6b76ef0,C06-S0-B1,C06,2,nested_group_follow_up,46613,11648,861,,23.195391238998127,0.206479
trial-c42b4864ce24dd19,C06-S1-B0,C06,1,initial_review,25329,11648,641,,17.09102473799794,0.093459
trial-c42b4864ce24dd19,C06-S1-B0,C06,2,nested_group_follow_up,48019,11648,940,,22.108399571003247,0.215879
trial-129cc978ca9c9486,C06-S1-B1,C06,1,initial_review,26067,1408,2718,,54.15128090299913,0.205539
trial-129cc978ca9c9486,C06-S1-B1,C06,2,nested_group_follow_up,48628,11648,829,,19.740159477001725,0.215594
trial-5c06d4abec5e77ea,C07-S0-B0,C07,1,initial_review,23298,1408,885,,20.970852446000208,0.136704
trial-5c06d4abec5e77ea,C07-S0-B0,C07,2,same_evidence_reconsideration,23303,11648,865,,20.758666833997268,0.090049
trial-bc325cfc2be22db0,C07-S0-B1,C07,1,initial_review,24037,1408,868,,20.24194441200234,0.139889
trial-bc325cfc2be22db0,C07-S0-B1,C07,2,same_evidence_reconsideration,24042,11648,809,,20.858058744997834,0.092064
trial-3f4e8da465c2f4cf,C07-S1-B0,C07,1,initial_review,25314,1408,824,,20.46122936499887,0.144954
trial-3f4e8da465c2f4cf,C07-S1-B0,C07,2,same_evidence_reconsideration,25317,11648,877,,20.8271168129977,0.100479
trial-10957ab2d6d8d10d,C07-S1-B1,C07,1,initial_review,26052,11648,757,,18.99293614400085,0.100554
trial-10957ab2d6d8d10d,C07-S1-B1,C07,2,same_evidence_reconsideration,26055,11648,853,,21.936611171997356,0.103449
trial-8c60bd7c5b82f48b,D01-S0-B0,D01,1,initial_review,16077,11648,783,,18.869963975001156,0.051459
trial-39575bf1996dd67f,D01-S0-B1,D01,1,initial_review,16816,11648,806,,20.550955049999175,0.055844
trial-dd97430bb15273fc,D02-S0-B0,D02,1,initial_review,17031,11648,512,,14.037924911997834,0.048099
trial-39370bab53f4cfb7,D02-S0-B1,D02,1,initial_review,17767,11648,859,,19.849016260999633,0.062189
trial-411266966ddb20f4,D03-S0-B0,D03,1,initial_review,18077,11648,661,,16.594101669998054,0.057799
trial-7be92dd105076c81,D03-S0-B1,D03,1,initial_review,18815,11648,852,,19.844983185001183,0.067219
trial-17af614f4129496e,D04-S0-B0,D04,1,initial_review,18205,11648,544,,15.536643164999987,0.054929
trial-b7ea69126f3ebfe0,D04-S0-B1,D04,1,initial_review,18944,1408,830,,19.909058412999002,0.113284
trial-45499db89ea80b3f,D05-S0-B0,D05,1,initial_review,64301,1408,811,,19.686251112001628,0.339499
trial-a76267e9ecad6f52,D05-S0-B1,D05,1,initial_review,65039,1408,906,,22.133932206997997,0.346039
trial-cbb3b9acb39b5886,D06-S0-B0,D06,1,initial_review,50298,11648,1344,,34.91995267400125,0.239394
trial-970d0663123063c0,D06-S0-B1,D06,1,initial_review,51038,1408,952,,21.92907374599963,0.277414
trial-0439eda37b6147fc,D07-S0-B0,D07,1,initial_review,50310,1408,822,,22.79961339500005,0.269874
trial-dce8f1a46fd2bf2a,D07-S0-B1,D07,1,initial_review,51048,11648,801,,19.617106362002232,0.226854
trial-fedc0b018dfbbd2f,D08-S0-B0,D08,1,initial_review,51136,11648,935,,24.18682241300121,0.231314
trial-67bba9f9d4ffe944,D08-S0-B1,D08,1,initial_review,51874,11648,925,,21.355750532002276,0.234704
trial-fc7f2313acf53307,D09-S0-B0,D09,1,initial_review,23318,1408,866,,21.926995745001477,0.136234
trial-7b56c4fde0838b8a,D09-S0-B1,D09,1,initial_review,24055,1408,858,,20.044228061000467,0.139679
trial-d4a3242e5fc5923d,D10-S0-B0,D10,1,initial_review,24651,11648,557,,14.53839411700028,0.087549
trial-212e837fb5b7536e,D10-S0-B1,D10,1,initial_review,25389,11648,600,,16.287315268000384,0.092529
trial-2ad8c34398db8b4f,D11-S0-B0,D11,1,initial_review,24724,1408,790,,19.443553335000615,0.140984
trial-8d6f8f5c4e39e12c,D11-S0-B1,D11,1,initial_review,25461,1408,919,,21.775390070997673,0.148539
trial-ce78c470a487e03e,D12-S0-B0,D12,1,initial_review,24720,1408,881,,21.179910398001084,0.143694
trial-ce78c470a487e03e,D12-S0-B0,D12,2,nested_group_follow_up,47410,11648,834,,22.877735513000516,0.209654
trial-e2f0325c9fe97525,D12-S0-B1,D12,1,initial_review,25460,11648,821,,20.38004092600022,0.099514
trial-e2f0325c9fe97525,D12-S0-B1,D12,2,nested_group_follow_up,48019,11648,751,,19.34220029700009,0.210209
trial-2f1ad3c8577c99dc,C01-S0-B1,C01,1,initial_review,17749,11648,811,,19.26874437400329,0.060659
trial-7feb379d96407673,C01-S1-B0,C01,1,initial_review,19027,11648,780,,23.008321085002535,0.066119
trial-6a9919921fe7671d,C01-S1-B1,C01,1,initial_review,19763,11648,854,,21.548143441999855,0.072019
trial-bf1d8a1a5279876c,C02-S0-B0,C02,1,initial_review,17021,11648,795,,19.761756084997614,0.056539
trial-9a63b0b7ca675cfa,C02-S0-B1,C02,1,initial_review,17759,11648,801,,19.703464067002642,0.060409
trial-7390594012d95949,C02-S1-B0,C02,1,initial_review,19036,11648,843,,20.179276679002214,0.068054
trial-98312da8fd783500,C02-S1-B1,C02,1,initial_review,19774,11648,547,,15.290553955001087,0.062864
trial-2519e7d77983e42c,C03-S0-B0,C03,1,initial_review,18923,11648,504,,14.324080668000533,0.057319
trial-c3ce67a10a8b2ebd,C03-S0-B1,C03,1,initial_review,19661,1408,836,,20.060361890999047,0.117049
trial-5d70964e1a1c51ba,C03-S1-B0,C03,1,initial_review,20940,11648,485,,22.846470925000176,0.066834
trial-7fb03f6f20abf075,C03-S1-B1,C03,1,initial_review,21677,11648,482,,13.5451978279998,0.070429
trial-a2fb219c66152313,C04-S0-B0,C04,1,initial_review,17138,11648,880,,20.84585110199987,0.059674
trial-c10162443e56e062,C04-S0-B1,C04,1,initial_review,17876,11648,878,,20.859119725999335,0.063304
trial-893d3640643be16b,C04-S1-B0,C04,1,initial_review,19154,11648,523,,15.188782408000407,0.059044
trial-f3ad3fc72223be0c,C04-S1-B1,C04,1,initial_review,19893,11648,625,,16.515516778003075,0.065799
trial-15ea3fe97aa5879f,C05-S0-B0,C05,1,initial_review,23531,11648,906,,21.017194298001414,0.092419
trial-f5452b50c6fa53dd,C05-S0-B1,C05,1,initial_review,24271,11648,765,,19.404739744000835,0.091889
trial-36a76bda4dee096f,C05-S1-B0,C05,1,initial_review,25548,1408,559,,15.164297090002947,0.138174
trial-c556a5c1bc2768f7,C05-S1-B1,C05,1,initial_review,26286,11648,791,,19.85668852300296,0.102744
trial-27a75b154ec693b9,C06-S0-B0,C06,1,initial_review,23602,1408,1371,,29.712114742000267,0.152804
trial-27a75b154ec693b9,C06-S0-B0,C06,2,nested_group_follow_up,48433,11648,583,,17.088616657001694,0.207239
trial-bba3be7a53a7c5c2,C06-S0-B1,C06,1,initial_review,24339,11648,918,,22.367135149001115,0.096819
trial-bba3be7a53a7c5c2,C06-S0-B1,C06,2,nested_group_follow_up,49173,11648,760,,18.544990263999352,0.216249
trial-18426743f96009e2,C06-S1-B0,C06,1,initial_review,25617,11648,863,,20.544411907998438,0.101559
trial-18426743f96009e2,C06-S1-B0,C06,2,nested_group_follow_up,50450,11648,603,,16.511306616001093,0.217924
trial-6892356071461e15,C06-S1-B1,C06,1,initial_review,26357,11648,843,,20.03696435999882,0.104659
trial-6892356071461e15,C06-S1-B1,C06,2,nested_group_follow_up,51187,11648,761,,18.80215562599915,0.226349
trial-38aec6ff9b27ac30,C07-S0-B0,C07,1,initial_review,23587,11648,574,,15.909527514999354,0.082739
trial-38aec6ff9b27ac30,C07-S0-B0,C07,2,same_evidence_reconsideration,23591,11648,678,,17.096713278999232,0.085879
trial-74ddc86a6e437d5c,C07-S0-B1,C07,1,initial_review,24325,11648,794,,19.469480527000997,0.093029
trial-74ddc86a6e437d5c,C07-S0-B1,C07,2,same_evidence_reconsideration,24329,11648,673,,16.945152123000298,0.089419
trial-82421462929bec7d,C07-S1-B0,C07,1,initial_review,25603,1408,677,,17.273513557000115,0.141989
trial-82421462929bec7d,C07-S1-B0,C07,2,same_evidence_reconsideration,25608,11648,713,,17.94720969700211,0.097014
trial-d1b247d2cd639dd6,C07-S1-B1,C07,1,initial_review,26342,11648,717,,17.81561553100255,0.100804
trial-d1b247d2cd639dd6,C07-S1-B1,C07,2,same_evidence_reconsideration,26346,11648,882,,20.511671596999804,0.105774
trial-213c8c1ccd6ea855,D01-S0-B0,D01,1,initial_review,16341,11648,794,,20.718192322001414,0.053109
trial-166545e086c05e5b,D01-S0-B1,D01,1,initial_review,17080,11648,827,,19.63512094500038,0.057794
trial-c9ac7028f364eb5d,D02-S0-B0,D02,1,initial_review,17367,11648,522,,14.157600309998088,0.050079
trial-7d3738a927d5521e,D02-S0-B1,D02,1,initial_review,18105,11648,768,,19.05541252799958,0.061149
trial-55abd6ddd3a48218,D03-S0-B0,D03,1,initial_review,18551,11648,699,,18.234964958999626,0.061309
trial-67d17bd1a1762377,D03-S0-B1,D03,1,initial_review,19289,11648,805,,19.085012802002893,0.068179
trial-cb52561c9d74af82,D04-S0-B0,D04,1,initial_review,18679,11648,432,,13.82097530000101,0.053939
trial-e8a1b55c666a3552,D04-S0-B1,D04,1,initial_review,19417,11648,801,,20.750418079001975,0.068699
trial-ea5c6fa6e71f5062,D05-S0-B0,D05,1,initial_review,65822,11648,603,,16.25691436899797,0.294784
trial-0148e956a5b67568,D05-S0-B1,D05,1,initial_review,66558,11648,813,,19.65671508200103,0.304764
trial-42a9ca979361f38f,D06-S0-B0,D06,1,initial_review,50345,1408,616,,16.167040276999614,0.263869
trial-74cdf94165350d70,D06-S0-B1,D06,1,initial_review,51082,11648,877,,21.67437468999924,0.229304
trial-272effcfc36bf42a,D07-S0-B0,D07,1,initial_review,50355,11648,818,,19.61053738999908,0.223899
trial-fa8eb04d149a1b56,D07-S0-B1,D07,1,initial_review,51092,11648,516,,14.256530481001391,0.218524
trial-37d894583eb0cb6e,D08-S0-B0,D08,1,initial_review,51117,11648,832,,20.11508995099939,0.228129
trial-cd1d98fb73f9c69c,D08-S0-B1,D08,1,initial_review,51857,11648,862,,20.56357890199797,0.232729
trial-af068dac10bf269e,D09-S0-B0,D09,1,initial_review,23605,11648,848,,20.211622804999934,0.091049
trial-79f78b619ce464a6,D09-S0-B1,D09,1,initial_review,24343,11648,781,,21.34931061200041,0.092729
trial-400e6a13a7992b1c,D10-S0-B0,D10,1,initial_review,25074,11648,590,,16.780361963003088,0.090654
trial-68e62387e485c54e,D10-S0-B1,D10,1,initial_review,25810,1408,657,,17.168601027999102,0.142424
trial-86d6088c05d941dc,D11-S0-B0,D11,1,initial_review,25145,11648,773,,18.941195562001667,0.096499
trial-8a0b076fd21d422f,D11-S0-B1,D11,1,initial_review,25883,11648,745,,18.38789359799921,0.099349
trial-d64c9b31a64f6dd5,D12-S0-B0,D12,1,initial_review,25144,11648,891,,20.432832673999656,0.100034
trial-d64c9b31a64f6dd5,D12-S0-B0,D12,2,nested_group_follow_up,49977,11648,597,,15.977238840001519,0.215379
trial-96c264addb28313b,D12-S0-B1,D12,1,initial_review,25882,11648,795,,19.60883370800002,0.100844
trial-96c264addb28313b,D12-S0-B1,D12,2,nested_group_follow_up,50713,11648,514,,17.029198903997894,0.216569
trial-c9ec7d6748669878,C01-S0-B0,C01,1,initial_review,17009,11648,829,,20.730053129002044,0.057499
trial-91eceecee7f63317,C01-S1-B0,C01,1,initial_review,18704,11648,866,,20.096789609000552,0.067084
trial-a80e7654e2e57e41,C01-S1-B1,C01,1,initial_review,19441,11648,814,,19.24964363899926,0.069209
trial-7babfaee0f8b9def,C02-S0-B0,C02,1,initial_review,16699,11648,680,,17.222268460998748,0.051479
trial-457bd0a33d3f21bc,C02-S0-B1,C02,1,initial_review,17436,11648,796,,19.984727376999217,0.058644
trial-b36cbe0e1d2bbcda,C02-S1-B0,C02,1,initial_review,18712,11648,614,,15.875058377998357,0.059564
trial-9ccfff155fecf0a0,C02-S1-B1,C02,1,initial_review,19452,11648,796,,20.039274321999983,0.068724
trial-020f28bdda4880e9,C03-S0-B0,C03,1,initial_review,18473,11648,700,,17.23531404699679,0.060949
trial-c6a5dfd2bf7bc6c6,C03-S0-B1,C03,1,initial_review,19212,11648,767,,19.507153143000323,0.066654
trial-03e5250f59e18965,C03-S1-B0,C03,1,initial_review,20486,11648,639,,17.23815143899992,0.069184
trial-126010a18347c8b4,C03-S1-B1,C03,1,initial_review,21533,9600,847,,22.206509562001884,0.089875
trial-f10ccff1573e1e6e,C04-S0-B0,C04,1,initial_review,17126,9600,733,,18.68695155200112,0.06442
trial-c31ea787043a6284,C04-S0-B1,C04,1,initial_review,17556,11648,848,,20.100180761997763,0.060804
trial-2b8d6dab51f9ee78,C04-S1-B0,C04,1,initial_review,18831,11648,822,,20.47178384200015,0.066399
trial-d28a87356104bcce,C04-S1-B1,C04,1,initial_review,19570,11648,839,,19.56084163700143,0.070604
trial-cbd7d1df0a7f3317,C05-S0-B0,C05,1,initial_review,23215,11648,637,,16.401091181000083,0.082769
trial-4c19c2c94d6f1976,C05-S0-B1,C05,1,initial_review,23955,11648,805,,20.111163474000932,0.091509
trial-acd05a1abdbe584a,C05-S1-B0,C05,1,initial_review,25229,11648,580,,15.129788815000211,0.091129
trial-aae111c926da06de,C05-S1-B1,C05,1,initial_review,25969,11648,765,,18.553822742997,0.100379
trial-ae6d526472b5ab3d,C06-S0-B0,C06,1,initial_review,23287,11648,843,,19.69991955200021,0.089309
trial-ae6d526472b5ab3d,C06-S0-B0,C06,2,nested_group_follow_up,48026,11648,783,,19.56263007099915,0.211204
trial-61593ffa71f996c3,C06-S0-B1,C06,1,initial_review,24024,11648,837,,21.391772240000137,0.092814
trial-61593ffa71f996c3,C06-S0-B1,C06,2,nested_group_follow_up,48763,11648,701,,19.154886098000134,0.212429
trial-c5e2321818aee2cc,C06-S1-B0,C06,1,initial_review,25298,11648,1395,,30.686917776998598,0.115924
trial-c5e2321818aee2cc,C06-S1-B0,C06,2,nested_group_follow_up,50039,11648,586,,15.614900904998649,0.215359
trial-e7ac372e327694a0,C06-S1-B1,C06,1,initial_review,26038,11648,666,,17.727599525002006,0.097754
trial-e7ac372e327694a0,C06-S1-B1,C06,2,nested_group_follow_up,48837,11648,834,,20.924526899998455,0.216789
trial-d1f6f67f9d4b917c,C07-S0-B0,C07,1,initial_review,23272,1408,727,,18.05787198699909,0.131834
trial-d1f6f67f9d4b917c,C07-S0-B0,C07,2,same_evidence_reconsideration,23275,11648,889,,20.794686789999105,0.090629
trial-43d1e356a2375105,C07-S0-B1,C07,1,initial_review,24009,1408,816,,19.571906743,0.138189
trial-43d1e356a2375105,C07-S0-B1,C07,2,same_evidence_reconsideration,24014,11648,862,,21.126019252998958,0.093514
trial-b4d50f87dd289d8d,C07-S1-B0,C07,1,initial_review,25286,11648,709,,18.7020664499978,0.095284
trial-b4d50f87dd289d8d,C07-S1-B0,C07,2,same_evidence_reconsideration,25289,11648,830,,22.088620362002985,0.098929
trial-981d14eaf94a835b,C07-S1-B1,C07,1,initial_review,26023,11648,728,,19.976252032000048,0.099539
trial-981d14eaf94a835b,C07-S1-B1,C07,2,same_evidence_reconsideration,26027,11648,848,,22.524807599998894,0.103159
trial-4c917e245b7d9c66,D01-S0-B0,D01,1,initial_review,16091,11648,810,,21.811714186002064,0.052339
trial-ebcbbf66a79d854c,D01-S0-B1,D01,1,initial_review,16828,11648,786,,22.575045195000712,0.055304
trial-fbe7c6f92efd2d00,D02-S0-B0,D02,1,initial_review,17043,11648,511,,14.473967944999458,0.048129
trial-1232049084c56822,D02-S0-B1,D02,1,initial_review,17782,11648,812,,19.554697585001122,0.060854
trial-27d9bf3f1f8b109f,D03-S0-B0,D03,1,initial_review,18094,11648,597,,17.42908281199925,0.055964
trial-ee650f4fe03fcaa4,D03-S0-B1,D03,1,initial_review,18832,11648,515,,14.149864074999641,0.057194
trial-d25ad4f2bb35d30a,D04-S0-B0,D04,1,initial_review,18223,11648,488,,14.500337862002198,0.053339
trial-0c82fef0fcdf12af,D04-S0-B1,D04,1,initial_review,18960,11648,841,,20.017612759002077,0.067614
trial-e1fca5121a11b57f,D05-S0-B0,D05,1,initial_review,64576,1408,851,,20.42976981800166,0.342074
trial-402ae9ef31a5c868,D05-S0-B1,D05,1,initial_review,65314,11648,817,,20.557926438999857,0.298664
trial-7854aea5d9b110c8,D06-S0-B0,D06,1,initial_review,49885,11648,900,,22.12972463799815,0.224009
trial-67277a623bd43fd7,D06-S0-B1,D06,1,initial_review,50623,11648,877,,20.74873081700207,0.227009
trial-0d040556c2c8f980,D07-S0-B0,D07,1,initial_review,49896,11648,708,,17.64199098899917,0.218304
trial-675a9c25b56fb052,D07-S0-B1,D07,1,initial_review,50632,11648,887,,21.307212316001824,0.227354
trial-718050df7ccd023f,D08-S0-B0,D08,1,initial_review,50588,11648,949,,23.496989841998584,0.228994
trial-4d0aa9cc35ca5deb,D08-S0-B1,D08,1,initial_review,51326,11648,855,,20.891207193999435,0.229864
trial-eb4a513a67935c78,D09-S0-B0,D09,1,initial_review,23289,1408,824,,20.54818493199855,0.134829
trial-653ed8668ff06e81,D09-S0-B1,D09,1,initial_review,24027,1408,802,,19.220142539001245,0.137859
trial-ed44a9f8b3da570d,D10-S0-B0,D10,1,initial_review,24621,11648,531,,15.909672953999689,0.086619
trial-f223c75d38523dfd,D10-S0-B1,D10,1,initial_review,25360,11648,742,,18.639386309998372,0.096644
trial-58f95aed9922be57,D11-S0-B0,D11,1,initial_review,24695,1408,615,,15.817648326003109,0.135589
trial-8c0244f447a422c9,D11-S0-B1,D11,1,initial_review,25433,11648,877,,20.36378056099784,0.101059
trial-4b388e2962efc408,D12-S0-B0,D12,1,initial_review,50306,25344,1454,,32.173422897998535,0.181102
trial-4b388e2962efc408,D12-S0-B0,D12,2,nested_group_follow_up,49430,11648,732,,18.465545445997122,0.216694
trial-06baf3aeb8230334,D12-S0-B1,D12,1,initial_review,25429,11648,843,,20.747592109000834,0.100019
trial-06baf3aeb8230334,D12-S0-B1,D12,2,nested_group_follow_up,50169,11648,675,,18.13822210700164,0.218679
trial-054ff8163693d05c,C01-S0-B0,C01,1,initial_review,16689,11648,770,,20.554027693000535,0.054129
trial-125580b5b1f076d2,C01-S0-B1,C01,1,initial_review,17426,11648,816,,19.58089339399885,0.059194
trial-6563c1fda9569740,C01-S1-B1,C01,1,initial_review,19423,11648,746,,18.20838349299811,0.067079
trial-1ee40d7ae54a70da,C02-S0-B0,C02,1,initial_review,16681,11648,759,,18.286350959002448,0.053759
trial-e0bdb04eb157eee4,C02-S0-B1,C02,1,initial_review,17419,1408,895,,20.93123796800137,0.107609
trial-512997796e6c64d3,C02-S1-B0,C02,1,initial_review,18695,11648,829,,20.264992039999925,0.065929
trial-9b110c938de0f12a,C02-S1-B1,C02,1,initial_review,19434,11648,701,,17.76476663500216,0.065784
trial-fe1c8464e08178b0,C03-S0-B0,C03,1,initial_review,18452,11648,801,,19.627378408997174,0.063874
trial-e9877bfcf92d17ec,C03-S0-B1,C03,1,initial_review,19189,11648,813,,19.133081462998234,0.067919
trial-9fb654e9cfcedc9c,C03-S1-B0,C03,1,initial_review,20468,1408,494,,14.11145501899955,0.110824
trial-d54c6c5d72f5abf8,C03-S1-B1,C03,1,initial_review,21205,11648,647,,15.9309695990014,0.073019
trial-ea9abbf4dc068bd5,C04-S0-B0,C04,1,initial_review,16798,11648,751,,19.13380631399923,0.054104
trial-fbb429f16a08e95d,C04-S0-B1,C04,1,initial_review,17538,11648,862,,20.53406742900188,0.061134
trial-3e4e4d8d83be1961,C04-S1-B0,C04,1,initial_review,18815,11648,727,,18.374237182997604,0.063469
trial-02aa3f6132c99a62,C04-S1-B1,C04,1,initial_review,19553,11648,840,,20.621739007998258,0.070549
trial-12d77abc0bbf56ea,C05-S0-B0,C05,1,initial_review,23204,11648,615,,16.21286416899966,0.082054
trial-3907a72916b4e0a5,C05-S0-B1,C05,1,initial_review,23943,11648,676,,17.02495726199777,0.087579
trial-981dc94bdbcbb707,C05-S1-B0,C05,1,initial_review,25218,11648,690,,17.124692731998948,0.094374
trial-a93d64f06cdc23ca,C05-S1-B1,C05,1,initial_review,25957,11648,727,,18.6414941610019,0.099179
trial-8445616c19df4a13,C06-S0-B0,C06,1,initial_review,23274,11648,863,,20.26104035699973,0.089844
trial-8445616c19df4a13,C06-S0-B0,C06,2,nested_group_follow_up,47973,11648,678,,18.38350583599822,0.207789
trial-cd4d57503c8ea4be,C06-S0-B1,C06,1,initial_review,24011,11648,855,,19.904305611999007,0.093289
trial-cd4d57503c8ea4be,C06-S0-B1,C06,2,nested_group_follow_up,48711,11648,732,,20.022316869999486,0.213099
trial-26b3c3a3da015be8,C06-S1-B0,C06,1,initial_review,25290,11648,830,,19.588175281001895,0.098934
trial-26b3c3a3da015be8,C06-S1-B0,C06,2,nested_group_follow_up,49989,11648,596,,15.8420835049983,0.215409
trial-a28bac12117a8d0a,C06-S1-B1,C06,1,initial_review,26028,11648,876,,20.77372555599868,0.104004
trial-a28bac12117a8d0a,C06-S1-B1,C06,2,nested_group_follow_up,50726,11648,834,,20.078160329998354,0.226234
trial-801d000286beed37,C07-S0-B0,C07,1,initial_review,23260,11648,801,,20.072387764001178,0.087914
trial-801d000286beed37,C07-S0-B0,C07,2,same_evidence_reconsideration,23263,11648,673,,17.16573971699836,0.084089
trial-e626e81b8fa31183,C07-S0-B1,C07,1,initial_review,23997,11648,620,,16.609247570999287,0.086169
trial-e626e81b8fa31183,C07-S0-B1,C07,2,same_evidence_reconsideration,24001,11648,840,,20.213455785997212,0.092789
trial-39b134cb5b588a16,C07-S1-B0,C07,1,initial_review,25274,11648,568,,15.465634823001892,0.090994
trial-39b134cb5b588a16,C07-S1-B0,C07,2,same_evidence_reconsideration,25278,11648,548,,17.833320169000217,0.090414
trial-0e3fdf9ee78a182e,C07-S1-B1,C07,1,initial_review,26012,11648,782,,20.668675773998984,0.101104
trial-0e3fdf9ee78a182e,C07-S1-B1,C07,2,same_evidence_reconsideration,26015,11648,612,,16.318003055999725,0.096019
trial-4f7f9a4be2b18f7c,D01-S0-B0,D01,1,initial_review,16077,11648,799,,19.4242981339994,0.051939
trial-49a30b3ce75111bf,D01-S0-B1,D01,1,initial_review,16815,11648,827,,19.38409309200142,0.056469
trial-b7657519e34e2ad2,D02-S0-B0,D02,1,initial_review,17030,11648,843,,21.851733826999407,0.058024
trial-ba48a5bcc4bd6b6a,D02-S0-B1,D02,1,initial_review,17769,11648,844,,20.294746339000994,0.061749
trial-8a47e3562dd21468,D03-S0-B0,D03,1,initial_review,18078,11648,591,,16.231964587997936,0.055704
trial-eafd2ef8afbd2a43,D03-S0-B1,D03,1,initial_review,18815,11648,884,,20.88480017299662,0.068179
trial-bdaf582961cecada,D04-S0-B0,D04,1,initial_review,18206,11648,518,,14.715221073998691,0.054154
trial-ee3afb7afc160a21,D04-S0-B1,D04,1,initial_review,18943,11648,648,,18.092057515001216,0.061739
trial-f242f2280765939a,D05-S0-B0,D05,1,initial_review,64584,11648,869,,20.62171189899891,0.296574
trial-c3203826c8d5dff7,D05-S0-B1,D05,1,initial_review,65321,11648,723,,18.52191594800024,0.295879
trial-629778c709fe433a,D06-S0-B0,D06,1,initial_review,49942,11648,885,,21.076933178999752,0.223844
trial-70fbc9dd0096d8e1,D06-S0-B1,D06,1,initial_review,50681,11648,849,,20.96554195099816,0.226459
trial-4d7f69964b9359d3,D07-S0-B0,D07,1,initial_review,49951,11648,853,,20.953852818998712,0.222929
trial-492ed281f929cb72,D07-S0-B1,D07,1,initial_review,50692,1408,777,,18.852219497999613,0.270434
trial-2a4214a9b54941dd,D08-S0-B0,D08,1,initial_review,50933,11648,902,,21.57399956000154,0.229309
trial-4a7c50f712938575,D08-S0-B1,D08,1,initial_review,51671,11648,885,,21.06221712000115,0.232489
trial-18bbc24e27fe7d97,D09-S0-B0,D09,1,initial_review,23276,11648,924,,21.217228692999925,0.091684
trial-7619aa8585109f0c,D09-S0-B1,D09,1,initial_review,24017,11648,736,,19.0279316619999,0.089749
trial-15ad9cf378290305,D10-S0-B0,D10,1,initial_review,24612,11648,740,,18.364301364999847,0.092844
trial-6c620a4eb6fd323d,D10-S0-B1,D10,1,initial_review,25349,11648,836,,21.923190905999945,0.099409
trial-c722250316a8681b,D11-S0-B0,D11,1,initial_review,24684,11648,623,,17.677149294999253,0.089694
trial-56d1919aa354aafb,D11-S0-B1,D11,1,initial_review,25422,1408,775,,18.518399459997454,0.144024
trial-82821393130c3cc6,D12-S0-B0,D12,1,initial_review,24682,11648,834,,20.20360078700105,0.096014
trial-82821393130c3cc6,D12-S0-B0,D12,2,nested_group_follow_up,49382,11648,574,,16.691578280999238,0.211714
trial-c32b08d9f47ae7e1,D12-S0-B1,D12,1,initial_review,25420,11648,855,,20.35675522100064,0.100334
trial-c32b08d9f47ae7e1,D12-S0-B1,D12,2,nested_group_follow_up,50119,11648,604,,20.744157939996512,0.216299
trial-b7611005562833c5,C01-S0-B0,C01,1,initial_review,16671,11648,856,,20.758304503000545,0.056619
trial-c19b03d6d2771e35,C01-S0-B1,C01,1,initial_review,17408,11648,816,,19.849371938998956,0.059104
trial-5b624d3894a5c61d,C01-S1-B0,C01,1,initial_review,18686,11648,691,,17.45393372699982,0.061744
trial-d0ba0290a35314ed,C02-S0-B0,C02,1,initial_review,17023,11648,901,,21.711513127000217,0.059729
trial-2e05bf78ded6965a,C02-S0-B1,C02,1,initial_review,17763,11648,859,,20.503306891998363,0.062169
trial-72a60dc6bcd3e718,C02-S1-B0,C02,1,initial_review,19039,11648,891,,21.358117124000273,0.069509
trial-cbbf483d02a4c56b,C02-S1-B1,C02,1,initial_review,19777,11648,782,,19.268028983999102,0.069929
trial-e8754eba03d8331c,C03-S0-B0,C03,1,initial_review,18919,11648,869,,20.270502105999185,0.068249
trial-7bb55bfd30616b75,C03-S0-B1,C03,1,initial_review,19658,11648,823,,20.18437694900058,0.070564
trial-7dfd247a114e0bb7,C03-S1-B0,C03,1,initial_review,20934,11648,818,,20.06709874200169,0.076794
trial-de5052995da69e34,C03-S1-B1,C03,1,initial_review,21672,11648,787,,19.54001877599876,0.079554
trial-c3cade092ed6b7e4,C04-S0-B0,C04,1,initial_review,17141,11648,782,,20.776510555999266,0.056749
trial-0c52ff45cf833fa5,C04-S0-B1,C04,1,initial_review,17880,11648,863,,21.65868366399809,0.062874
trial-915e98083e9bffc0,C04-S1-B0,C04,1,initial_review,19157,11648,573,,15.166566826002963,0.060559
trial-25eea9f28650e822,C04-S1-B1,C04,1,initial_review,19893,11648,880,,20.404174785999203,0.073449
trial-2eb14e395454d11e,C05-S0-B0,C05,1,initial_review,23602,11648,891,,25.181171308999183,0.092324
trial-dc444f0b7170c994,C05-S0-B1,C05,1,initial_review,24338,11648,685,,17.194491749000008,0.089824
trial-27f476bc66ce8b14,C05-S1-B0,C05,1,initial_review,25617,11648,796,,24.02442226799758,0.099549
trial-32d98da9a736cd4c,C05-S1-B1,C05,1,initial_review,26354,11648,873,,20.367066284998145,0.105544
trial-f00af844e3024385,C06-S0-B0,C06,1,initial_review,23671,11648,848,,20.626675390001765,0.091379
trial-f00af844e3024385,C06-S0-B0,C06,2,nested_group_follow_up,48368,11648,648,,16.773666310997214,0.208864
trial-13c6416640d4d266,C06-S0-B1,C06,1,initial_review,24410,11648,881,,21.621830824002245,0.096064
trial-13c6416640d4d266,C06-S0-B1,C06,2,nested_group_follow_up,49106,11648,625,,16.24285035399953,0.211864
trial-7947fa253e680b74,C06-S1-B0,C06,1,initial_review,25687,11648,894,,20.898335071000474,0.102839
trial-7947fa253e680b74,C06-S1-B0,C06,2,nested_group_follow_up,50385,11648,817,,22.59617200499997,0.224019
trial-6280ab30cbdcfffb,C06-S1-B1,C06,1,initial_review,26424,11648,834,,22.71641458099839,0.104724
trial-6280ab30cbdcfffb,C06-S1-B1,C06,2,nested_group_follow_up,51122,11648,673,,18.157581651001237,0.223384
trial-cf679e955c6c098c,C07-S0-B0,C07,1,initial_review,23656,11648,777,,18.926866690999304,0.089174
trial-cf679e955c6c098c,C07-S0-B0,C07,2,same_evidence_reconsideration,23659,11648,820,,19.486007113002415,0.090479
trial-e12987c98e1ec67d,C07-S0-B1,C07,1,initial_review,24394,11648,850,,21.27628838199962,0.095054
trial-e12987c98e1ec67d,C07-S0-B1,C07,2,same_evidence_reconsideration,24397,11648,907,,21.017298212998867,0.096779
trial-1f5dd96732b88314,C07-S1-B0,C07,1,initial_review,25671,11648,814,,19.91579735400228,0.100359
trial-1f5dd96732b88314,C07-S1-B0,C07,2,same_evidence_reconsideration,25676,11648,609,,16.948141435001162,0.094234
trial-aaf77147dec2fe30,C07-S1-B1,C07,1,initial_review,26411,11648,776,,19.065190591998544,0.102919
trial-aaf77147dec2fe30,C07-S1-B1,C07,2,same_evidence_reconsideration,26414,11648,843,,21.345196911999665,0.104944
trial-d8ba7b483bbd54ce,D01-S0-B0,D01,1,initial_review,16343,11648,855,,20.522616956001002,0.054949
trial-ece436500ece1760,D01-S0-B1,D01,1,initial_review,17080,11648,946,,21.668990702000883,0.061364
trial-cb62ad1e477288f6,D02-S0-B0,D02,1,initial_review,17369,11648,759,,19.26223992299856,0.057199
trial-c253ed20629f0053,D02-S0-B1,D02,1,initial_review,18108,11648,856,,20.569002661999548,0.063804
trial-e82b0a13796680d9,D03-S0-B0,D03,1,initial_review,18553,11648,639,,17.35568657299882,0.059519
trial-cd4c24ca3cb92d23,D03-S0-B1,D03,1,initial_review,19292,11648,753,,18.179580073003308,0.066634
trial-894c5183e3e51470,D04-S0-B0,D04,1,initial_review,18683,11648,792,,19.12222006799857,0.064759
trial-369b67d9b0a85d21,D04-S0-B1,D04,1,initial_review,19421,11648,821,,21.16193083899998,0.069319
trial-1cecbbfa53959e36,D05-S0-B0,D05,1,initial_review,66044,11648,806,,21.284458504000213,0.301984
trial-e7556528bab5b757,D05-S0-B1,D05,1,initial_review,66781,11648,780,,18.98382368500097,0.304889
trial-d7657e17ae7689fe,D06-S0-B0,D06,1,initial_review,50488,11648,840,,20.321266478000325,0.225224
trial-75a0b5bd21efa5ff,D06-S0-B1,D06,1,initial_review,51226,11648,813,,21.69949155500217,0.228104
trial-16b18b84f913f451,D07-S0-B0,D07,1,initial_review,50500,11648,867,,24.244994221000525,0.226094
trial-4cc8ea81ac76a47f,D07-S0-B1,D07,1,initial_review,51237,11648,871,,21.10445617699952,0.229899
trial-04d69263eaea47e3,D08-S0-B0,D08,1,initial_review,51599,11648,1156,,26.180253096998058,0.240259
trial-6cd7b54ec5adc127,D08-S0-B1,D08,1,initial_review,52338,11648,805,,19.87893233399882,0.233424
trial-f51937c614fb4e8b,D09-S0-B0,D09,1,initial_review,23674,11648,859,,20.256683653999062,0.091724
trial-b1a6db05d3030e59,D09-S0-B1,D09,1,initial_review,24411,11648,772,,19.840892357002303,0.092799
trial-8c61b29fd82273d8,D10-S0-B0,D10,1,initial_review,25142,11648,687,,16.981433901000855,0.093904
trial-25fd3037369dbc83,D10-S0-B1,D10,1,initial_review,25881,11648,773,,18.590111600002274,0.100179
trial-de4c081846e6e605,D11-S0-B0,D11,1,initial_review,25216,11648,840,,21.04805682799997,0.098864
trial-b749fc3b2f65907c,D11-S0-B1,D11,1,initial_review,25953,11648,803,,19.142528452000988,0.101439
trial-70c7782b0b9280dc,D12-S0-B0,D12,1,initial_review,25212,11648,841,,20.561644123001315,0.098874
trial-70c7782b0b9280dc,D12-S0-B0,D12,2,nested_group_follow_up,49911,11648,576,,16.0509838700018,0.214419
trial-0de941f095a77aca,D12-S0-B1,D12,1,initial_review,25950,11648,848,,19.840934957999707,0.102774
trial-0de941f095a77aca,D12-S0-B1,D12,2,nested_group_follow_up,50648,11648,672,,18.105292173000635,0.220984
trial-ab688736aa0e0651,C01-S0-B0,C01,1,initial_review,17014,11648,862,,20.86552691199904,0.058514
trial-6c1b16266b47905b,C01-S0-B1,C01,1,initial_review,17751,11648,780,,20.41788570299832,0.059739
trial-af564429e68bc54b,C01-S1-B0,C01,1,initial_review,19028,11648,847,,24.14678479400027,0.068134
trial-6afcb6d632738d27,C01-S1-B1,C01,1,initial_review,19765,11648,806,,19.069664926002588,0.070589
trial-d67fe70daebb572d,C02-S0-B1,C02,1,initial_review,17743,11648,712,,17.886281748997135,0.057659
trial-f47f3dee7af0da7f,C02-S1-B0,C02,1,initial_review,19019,11648,834,,20.213513990998763,0.067699
trial-aca4ace122b5b343,C02-S1-B1,C02,1,initial_review,19757,11648,798,,19.801834990001225,0.070309
trial-22413d3ae6b746b2,C03-S0-B0,C03,1,initial_review,18876,11648,761,,21.008010292000108,0.064794
trial-2fd2cd27de582054,C03-S0-B1,C03,1,initial_review,19614,11648,1250,,27.502814897998178,0.083154
trial-44a8fd70569b3cfa,C03-S1-B0,C03,1,initial_review,20890,11648,875,,20.666023622001376,0.078284
trial-b1d5ef66e5aab496,C03-S1-B1,C03,1,initial_review,21629,11648,815,,19.68242029799876,0.080179
trial-344cc613b3fcfcf1,C04-S0-B0,C04,1,initial_review,17121,11648,732,,20.12055618500017,0.055149
trial-d33692a824c7a240,C04-S0-B1,C04,1,initial_review,17860,11648,717,,23.620623699000134,0.058394
trial-e865d7a7a41730ea,C04-S1-B0,C04,1,initial_review,19136,11648,788,,20.422053977999894,0.066904
trial-4893651825dc24d5,C04-S1-B1,C04,1,initial_review,19877,11648,817,,19.82817198900011,0.071479
trial-798ab703343382ee,C05-S0-B0,C05,1,initial_review,23527,11648,786,,19.037533561997407,0.088799
trial-80d3a80232b84a1c,C05-S0-B1,C05,1,initial_review,24265,11648,758,,18.467410723002104,0.091649
trial-a01fc6c63631718b,C05-S1-B0,C05,1,initial_review,25542,11648,770,,18.722651523999957,0.098394
trial-da79f65d69f1382a,C05-S1-B1,C05,1,initial_review,26279,11648,632,,16.968528924000566,0.097939
trial-a71d4fc7ae8aee0f,C06-S0-B0,C06,1,initial_review,23597,11648,867,,25.74514858800103,0.091579
trial-a71d4fc7ae8aee0f,C06-S0-B0,C06,2,nested_group_follow_up,48526,11648,753,,18.820478087000083,0.212804
trial-22acb141318f605c,C06-S0-B1,C06,1,initial_review,24334,11648,860,,20.42576635200021,0.095054
trial-22acb141318f605c,C06-S0-B1,C06,2,nested_group_follow_up,49264,11648,730,,17.95190914700288,0.215804
trial-4ebd3a58a86c9f0b,C06-S1-B0,C06,1,initial_review,25612,11648,846,,21.312144535997504,0.101024
trial-4ebd3a58a86c9f0b,C06-S1-B0,C06,2,nested_group_follow_up,50541,11648,676,,17.479979733001528,0.220569
trial-fd8907063bed2898,C06-S1-B1,C06,1,initial_review,26349,11648,801,,19.374201466001978,0.103359
trial-fd8907063bed2898,C06-S1-B1,C06,2,nested_group_follow_up,51277,11648,766,,19.53128957000081,0.226949
trial-f7a7648c019125cd,C07-S0-B0,C07,1,initial_review,23581,11648,817,,20.37836844100093,0.089999
trial-f7a7648c019125cd,C07-S0-B0,C07,2,same_evidence_reconsideration,23585,11648,801,,24.04359569400185,0.089539
trial-96bc701efdd4a31b,C07-S0-B1,C07,1,initial_review,24320,11648,778,,19.563226293998014,0.092524
trial-96bc701efdd4a31b,C07-S0-B1,C07,2,same_evidence_reconsideration,24324,11648,786,,19.257856962001824,0.092784
trial-b86a8970dae8824f,C07-S1-B0,C07,1,initial_review,25594,11648,557,,15.362053378998098,0.092264
trial-b86a8970dae8824f,C07-S1-B0,C07,2,same_evidence_reconsideration,25600,11648,815,,19.91398970299997,0.100034
trial-50e01a70a16ad556,C07-S1-B1,C07,1,initial_review,26334,11648,849,,21.64940806300001,0.104724
trial-50e01a70a16ad556,C07-S1-B1,C07,2,same_evidence_reconsideration,26337,11648,806,,24.85146880799948,0.103449
trial-73fe7fbca606f54a,D01-S0-B0,D01,1,initial_review,16324,11648,767,,18.322254421000252,0.052214
trial-49671da7ca857b35,D01-S0-B1,D01,1,initial_review,17062,11648,705,,17.517460236998886,0.054044
trial-a41fa6b3cf0eeca7,D02-S0-B0,D02,1,initial_review,17635,9600,744,,18.49663545799922,0.067295
trial-ecd7bff1297c080d,D02-S0-B1,D02,1,initial_review,18074,11648,741,,19.898206566002045,0.060184
trial-ea53943b634c812c,D03-S0-B0,D03,1,initial_review,18502,11648,736,,17.834419204002188,0.062174
trial-7174e071835b6f8e,D03-S0-B1,D03,1,initial_review,19240,11648,728,,19.387153776999185,0.065624
trial-da3a78d23c302d3f,D04-S0-B0,D04,1,initial_review,18632,11648,817,,19.98152440299964,0.065254
trial-181ff2bc9287346d,D04-S0-B1,D04,1,initial_review,19370,11648,779,,18.743001326998638,0.067804
trial-1dcf9eb0d20ee72f,D05-S0-B0,D05,1,initial_review,65461,11648,877,,20.90454320400022,0.301199
trial-6f15139bdd251024,D05-S0-B1,D05,1,initial_review,66200,11648,1379,,30.363956060999044,0.319954
trial-7a29395cb3cb98b5,D06-S0-B0,D06,1,initial_review,50105,11648,862,,22.265947284002323,0.223969
trial-d172c601bff0864f,D06-S0-B1,D06,1,initial_review,50842,11648,1196,,26.172573629999533,0.237674
trial-51b1ec64b4d98b62,D07-S0-B0,D07,1,initial_review,50114,11648,913,,21.723288634999335,0.225544
trial-395353602ea053a4,D07-S0-B1,D07,1,initial_review,50854,11648,783,,21.890961158998834,0.225344
trial-0eb55ae6f54cad05,D08-S0-B0,D08,1,initial_review,51365,11648,819,,22.01535675299965,0.228979
trial-80f9fe9c11ec1fd6,D08-S0-B1,D08,1,initial_review,52105,11648,877,,22.395828606000578,0.234419
trial-4c2d6c564f85be26,D09-S0-B0,D09,1,initial_review,23600,11648,848,,20.367800617001194,0.091024
trial-3c1aa539494e8189,D09-S0-B1,D09,1,initial_review,24337,11648,828,,19.640748780999274,0.094109
trial-3b577025ecfdd1b4,D10-S0-B0,D10,1,initial_review,25035,11648,825,,19.13053564599977,0.097509
trial-314d192bd8a8fd02,D10-S0-B1,D10,1,initial_review,25774,11648,833,,19.79358893600147,0.101444
trial-d31e771f3d70ddc4,D11-S0-B0,D11,1,initial_review,25108,11648,811,,20.270745789999637,0.097454
trial-a7eeda29f6120126,D11-S0-B1,D11,1,initial_review,26147,1408,848,,20.67472386499867,0.149839
trial-6a5843e7765b27c4,D12-S0-B0,D12,1,initial_review,25105,11648,870,,21.172869111000182,0.099209
trial-6a5843e7765b27c4,D12-S0-B0,D12,2,nested_group_follow_up,50035,11648,684,,18.174265950001427,0.218279
trial-326da94e112475a4,D12-S0-B1,D12,1,initial_review,25842,11648,880,,21.880175275997317,0.103194
trial-326da94e112475a4,D12-S0-B1,D12,2,nested_group_follow_up,50771,11648,810,,23.215025610999874,0.225739
trial-38c642ac006fe87d,C01-S0-B0,C01,1,initial_review,16995,11648,704,,18.028077975002816,0.053679
trial-614f4b94ec695e7c,C01-S0-B1,C01,1,initial_review,17732,11648,756,,18.398008824999124,0.058924
trial-274cecb1f4b4b07c,C01-S1-B0,C01,1,initial_review,19008,11648,802,,19.9017592780001,0.066684
trial-68c2ddf7ea40cd83,C01-S1-B1,C01,1,initial_review,19748,11648,785,,18.9159616500001,0.069874
trial-dc5dcda1274429f1,C02-S0-B0,C02,1,initial_review,17004,11648,676,,17.48288281100031,0.052884
trial-8057f5e990c21b2a,C02-S1-B0,C02,1,initial_review,19035,11648,754,,18.52064072000212,0.065379
trial-15aa1d044ee96648,C02-S1-B1,C02,1,initial_review,19772,11648,778,,18.550302238996665,0.069784
trial-c79858cd85bdac5d,C03-S0-B0,C03,1,initial_review,18922,11648,557,,14.736478007998812,0.058904
trial-69f3bf9988ef844b,C03-S0-B1,C03,1,initial_review,19659,11648,701,,17.279318045002583,0.066909
trial-45d4ef501df87773,C03-S1-B0,C03,1,initial_review,20935,11648,607,,15.200511095001275,0.070469
trial-4d8ca6ccd12637c7,C03-S1-B1,C03,1,initial_review,21673,11648,816,,21.23740225000074,0.080429
trial-ed26e6786cdda74e,C04-S0-B0,C04,1,initial_review,17138,11648,761,,18.433332181997685,0.056104
trial-61f71ab0bf337816,C04-S0-B1,C04,1,initial_review,17875,11648,785,,18.765012764000858,0.060509
trial-93c2617d0f46714b,C04-S1-B0,C04,1,initial_review,19152,11648,729,,17.53703618900181,0.065214
trial-a2a5a264a2390bd5,C04-S1-B1,C04,1,initial_review,19890,11648,797,,18.94129504800003,0.070944
trial-27eba6e0ccd5a32c,C05-S0-B0,C05,1,initial_review,23565,11648,647,,18.81629734099988,0.084819
trial-ec3e85f12d742699,C05-S0-B1,C05,1,initial_review,24303,11648,684,,17.14673206700172,0.089619
trial-0db268f32faa14f1,C05-S1-B0,C05,1,initial_review,25579,11648,663,,18.179455418001453,0.095369
trial-b2a776c64c00aa73,C05-S1-B1,C05,1,initial_review,26319,11648,626,,17.66463292899789,0.097959
trial-337abfb9a9654379,C06-S0-B0,C06,1,initial_review,23635,1408,863,,21.266239789001702,0.137729
trial-337abfb9a9654379,C06-S0-B0,C06,2,nested_group_follow_up,48354,11648,743,,18.484852099998534,0.211644
trial-0117c6205b5e10af,C06-S0-B1,C06,1,initial_review,24373,11648,800,,19.707696093999402,0.093449
trial-0117c6205b5e10af,C06-S0-B1,C06,2,nested_group_follow_up,49283,11648,602,,16.521939887999906,0.212059
trial-6fc2b5dacc64d23a,C06-S1-B0,C06,1,initial_review,25650,1408,866,,20.697065447999194,0.147894
trial-6fc2b5dacc64d23a,C06-S1-B0,C06,2,nested_group_follow_up,50366,11648,508,,14.567652384997928,0.214654
trial-750a07292ceab9f7,C06-S1-B1,C06,1,initial_review,26388,11648,775,,19.07309709299807,0.102774
trial-750a07292ceab9f7,C06-S1-B1,C06,2,nested_group_follow_up,51299,11648,624,,17.13797721100127,0.222799
trial-1b28e85e948f28cf,C07-S0-B0,C07,1,initial_review,23621,11648,587,,16.136560809998628,0.083299
trial-1b28e85e948f28cf,C07-S0-B0,C07,2,same_evidence_reconsideration,23623,11648,710,,17.89406287499878,0.086999
trial-4993a94a4bed5ac5,C07-S0-B1,C07,1,initial_review,24357,11648,733,,19.456719351001084,0.091359
trial-4993a94a4bed5ac5,C07-S0-B1,C07,2,same_evidence_reconsideration,24362,11648,500,,16.785282529999677,0.084394
trial-57f35d6d72246d5b,C07-S1-B0,C07,1,initial_review,25636,11648,825,,19.396069932998216,0.100514
trial-57f35d6d72246d5b,C07-S1-B0,C07,2,same_evidence_reconsideration,25639,11648,744,,18.550508799002273,0.098099
trial-a7d807288c6958d2,C07-S1-B1,C07,1,initial_review,26373,1408,770,,18.79872877100206,0.148629
trial-a7d807288c6958d2,C07-S1-B1,C07,2,same_evidence_reconsideration,26377,11648,758,,18.393426981998346,0.102209
trial-ee64c4b44577d39b,D01-S0-B0,D01,1,initial_review,16340,11648,728,,17.924400092000724,0.051124
trial-f561d57cd57e9311,D01-S0-B1,D01,1,initial_review,17079,11648,873,,21.54626630200073,0.059169
trial-3a64d87ad8480120,D02-S0-B0,D02,1,initial_review,17369,11648,864,,21.209571839001,0.060349
trial-5bab36ca3a1daaa8,D02-S0-B1,D02,1,initial_review,18105,11648,700,,18.050204613999085,0.059109
trial-9335b9e0bfa03849,D03-S0-B0,D03,1,initial_review,18550,11648,501,,13.529986974001076,0.055364
trial-cf6bfb0a2e1be720,D03-S0-B1,D03,1,initial_review,19290,11648,553,,16.271209574999375,0.060624
trial-1cc4fd9f85901d1e,D04-S0-B0,D04,1,initial_review,18679,11648,650,,17.542286890002288,0.060479
trial-76dc5e1d3b8ffa80,D04-S0-B1,D04,1,initial_review,19417,11648,544,,14.866509434999898,0.060989
trial-87fe4952e120bfd6,D05-S0-B0,D05,1,initial_review,65987,11648,852,,20.526757395997265,0.303079
trial-506dbf2e7ef7eb7b,D05-S0-B1,D05,1,initial_review,66727,11648,756,,19.423027054999693,0.303899
trial-5989527d250f31d0,D06-S0-B0,D06,1,initial_review,50461,11648,641,,18.332218841998838,0.219119
trial-1f3b7d9930804681,D06-S0-B1,D06,1,initial_review,51199,11648,639,,17.166635073997895,0.222749
trial-3bc8aad9d49323bb,D07-S0-B0,D07,1,initial_review,50471,11648,762,,39.67352807199859,0.222799
trial-b89e62213b22258e,D07-S0-B1,D07,1,initial_review,51210,11648,1442,,31.653979447000893,0.246894
trial-2f8df5f9b8a03f69,D08-S0-B0,D08,1,initial_review,51278,11648,2393,,49.30160822099788,0.275764
trial-0d5c657ef9efe946,D08-S0-B1,D08,1,initial_review,52017,11648,957,,23.103017090998037,0.236379
trial-2f9037496ba9fa12,D09-S0-B0,D09,1,initial_review,23639,11648,753,,18.83185979300106,0.088369
trial-0582de6aef02c6a1,D09-S0-B1,D09,1,initial_review,24376,11648,775,,18.729675198999757,0.092714
trial-27abbf5d94067749,D10-S0-B0,D10,1,initial_review,25108,11648,653,,16.98264590100007,0.092714
trial-68889ee2880854f5,D10-S0-B1,D10,1,initial_review,25844,11648,657,,17.606066129999817,0.096514
trial-590f7432505610ff,D11-S0-B0,D11,1,initial_review,25180,11648,822,,19.67912554799841,0.098144
trial-8cfc35d2680941d3,D11-S0-B1,D11,1,initial_review,25917,11648,779,,19.4516174470009,0.100539
trial-20d9d8e0537b3c6c,D12-S0-B0,D12,1,initial_review,25175,11648,756,,18.347513061999052,0.096139
trial-20d9d8e0537b3c6c,D12-S0-B0,D12,2,nested_group_follow_up,50086,11648,803,,19.55851979900035,0.222104
trial-9cdd052104272e3e,D12-S0-B1,D12,1,initial_review,25913,11648,654,,18.610662871000386,0.096769
trial-9cdd052104272e3e,D12-S0-B1,D12,2,nested_group_follow_up,50824,11648,582,,15.947035449000396,0.219164
trial-54d142b1441a718c,C01-S0-B0,C01,1,initial_review,17010,11648,724,,18.382599380998727,0.054354
trial-bdf1c7bc3da2a145,C01-S0-B1,C01,1,initial_review,17749,11648,748,,18.873164149998047,0.058769
trial-6bc14edc8f4f102c,C01-S1-B0,C01,1,initial_review,19025,11648,799,,20.551142685999366,0.066679
trial-ef93a07c511ba37e,C01-S1-B1,C01,1,initial_review,19764,11648,747,,20.257940310999402,0.068814
trial-623214a8f1acc881,C02-S0-B0,C02,1,initial_review,17021,11648,729,,21.489596598999924,0.054559
trial-8dc4785929a716e1,C02-S0-B1,C02,1,initial_review,17758,11648,737,,18.997995707999507,0.058484
trial-df49028fdf243334,C02-S1-B1,C02,1,initial_review,19775,11648,816,,19.514587476998713,0.070939
trial-260b22c70e37226e,C03-S0-B0,C03,1,initial_review,18923,11648,602,,15.832118795999122,0.060259
trial-063703f71b00d6c8,C03-S0-B1,C03,1,initial_review,19661,11648,844,,20.135716792003223,0.071209
trial-2807f21051bf5981,C03-S1-B0,C03,1,initial_review,20940,11648,672,,17.068543519999366,0.072444
trial-b54421176fd5f586,C03-S1-B1,C03,1,initial_review,21679,11648,558,,14.836111567001353,0.072719
trial-0138a4895c5495e9,C04-S0-B0,C04,1,initial_review,17139,11648,804,,19.60400060399843,0.057399
trial-b8e3a7323e7d4d18,C04-S0-B1,C04,1,initial_review,17875,11648,866,,21.37231407699801,0.062939
trial-00fd9c1a2cb91349,C04-S1-B0,C04,1,initial_review,19153,11648,651,,16.162088914999913,0.062879
trial-2272f61e3490cca2,C04-S1-B1,C04,1,initial_review,19891,11648,763,,19.235346864999883,0.069929
trial-015d1692f51abd28,C05-S0-B0,C05,1,initial_review,23533,11648,521,,14.336699254999985,0.080879
trial-f7bf736c6c0b8da1,C05-S0-B1,C05,1,initial_review,24269,11648,746,,18.26382541500061,0.091309
trial-4361f468523e74bb,C05-S1-B0,C05,1,initial_review,25548,11648,633,,23.725157387001673,0.094314
trial-f1e2aecef9392ed4,C05-S1-B1,C05,1,initial_review,26285,11648,750,,19.010379979998106,0.101509
trial-59964ff296f94a4a,C06-S0-B0,C06,1,initial_review,23602,11648,1384,,30.04980769499889,0.107114
trial-59964ff296f94a4a,C06-S0-B0,C06,2,nested_group_follow_up,48432,11648,535,,14.971551361999445,0.205794
trial-6a90b5be252a9c52,C06-S0-B1,C06,1,initial_review,24340,11648,917,,23.148255181000422,0.096794
trial-6a90b5be252a9c52,C06-S0-B1,C06,2,nested_group_follow_up,49172,11648,592,,15.513432523999654,0.211204
trial-6494166d82023ff2,C06-S1-B0,C06,1,initial_review,25619,11648,719,,17.81298038300156,0.097249
trial-6494166d82023ff2,C06-S1-B0,C06,2,nested_group_follow_up,50450,11648,707,,19.15108495399909,0.221044
trial-93b1b1fbb3db5615,C06-S1-B1,C06,1,initial_review,26355,11648,645,,16.768907405999926,0.098709
trial-93b1b1fbb3db5615,C06-S1-B1,C06,2,nested_group_follow_up,51187,11648,728,,19.089866776001145,0.225359
trial-5df8809e05565865,C07-S0-B0,C07,1,initial_review,23586,11648,559,,14.958623776001332,0.082284
trial-5df8809e05565865,C07-S0-B0,C07,2,same_evidence_reconsideration,23591,11648,523,,15.360129553999286,0.081229
trial-751637067433c5a6,C07-S0-B1,C07,1,initial_review,24326,11648,709,,17.51056407899887,0.090484
trial-751637067433c5a6,C07-S0-B1,C07,2,same_evidence_reconsideration,24329,11648,710,,18.346148044001893,0.090529
trial-9210127610a4506f,C07-S1-B0,C07,1,initial_review,25604,11648,640,,16.988643104999937,0.094804
trial-9210127610a4506f,C07-S1-B0,C07,2,same_evidence_reconsideration,25608,11648,830,,21.32343045900052,0.100524
trial-5317ee01151f6d2f,C07-S1-B1,C07,1,initial_review,26340,11648,796,,19.20129085499866,0.103164
trial-5317ee01151f6d2f,C07-S1-B1,C07,2,same_evidence_reconsideration,26346,11648,584,,15.973530472001585,0.096834
trial-36c19f8d0a063f18,D01-S0-B0,D01,1,initial_review,16341,11648,785,,18.42878884200036,0.052839
trial-3b7a9b0de10f64e9,D01-S0-B1,D01,1,initial_review,17077,11648,892,,24.119073672001832,0.059729
trial-0ea7021a6b537abf,D02-S0-B0,D02,1,initial_review,17368,11648,563,,15.342989703000057,0.051314
trial-ff559eaa7908f3f8,D02-S0-B1,D02,1,initial_review,18106,1408,785,,18.701755985999625,0.107744
trial-ad2120d96b50a3a9,D03-S0-B0,D03,1,initial_review,18552,11648,562,,14.728795547998743,0.057204
trial-e87c996fac296123,D03-S0-B1,D03,1,initial_review,19289,11648,805,,19.793016338000598,0.068179
trial-65e7ced6753a5dca,D04-S0-B0,D04,1,initial_review,18679,11648,572,,15.011814308003522,0.058139
trial-aa10ba5bf62f1bdf,D04-S0-B1,D04,1,initial_review,19719,9600,836,,22.978021742997953,0.080475
trial-d3e5f4afc8928a7d,D05-S0-B0,D05,1,initial_review,65821,11648,763,,19.322183588996268,0.299579
trial-d9d09f31b5c9281f,D05-S0-B1,D05,1,initial_review,66559,11648,807,,20.404808279999997,0.304589
trial-f31df2dbc0c389ca,D06-S0-B0,D06,1,initial_review,50344,11648,592,,16.953365136003413,0.217064
trial-9ae15e9ca81bc9e9,D06-S0-B1,D06,1,initial_review,51081,1408,839,,19.99554252899543,0.274239
trial-dbfedc026bcd80a3,D07-S0-B0,D07,1,initial_review,50353,11648,807,,19.869173812003282,0.223559
trial-8edfea217c4e87db,D07-S0-B1,D07,1,initial_review,51093,11648,861,,20.034728112994344,0.228879
trial-b546ebb57af2a8e9,D08-S0-B0,D08,1,initial_review,51117,11648,888,,20.915031621996604,0.229809
trial-98581047cefe6d20,D08-S0-B1,D08,1,initial_review,51855,11648,852,,21.11604114399961,0.232419
trial-3e2d4c9fab70ca1b,D09-S0-B0,D09,1,initial_review,23605,1408,858,,20.563510796004266,0.137429
trial-3a66e791983aecb6,D09-S0-B1,D09,1,initial_review,24344,11648,713,,18.14222601399524,0.090694
trial-0b1563e74e6aaa88,D10-S0-B0,D10,1,initial_review,25074,11648,472,,13.895777290003025,0.087114
trial-279f6faa34b316d8,D10-S0-B1,D10,1,initial_review,25811,11648,622,,16.701946957000473,0.095299
trial-b2064b050b466144,D11-S0-B0,D11,1,initial_review,25145,11648,706,,17.597217652000836,0.094489
trial-bf81ff9d36e83824,D11-S0-B1,D11,1,initial_review,25884,11648,566,,14.831165864001377,0.093984
trial-549a7dbe478a679b,D12-S0-B0,D12,1,initial_review,25143,11648,675,,17.30171463300212,0.093549
trial-549a7dbe478a679b,D12-S0-B0,D12,2,nested_group_follow_up,49975,11648,390,,12.314408144004119,0.209159
trial-877e850322351986,D12-S0-B1,D12,1,initial_review,25881,11648,765,,18.938183338999806,0.099939
trial-877e850322351986,D12-S0-B1,D12,2,nested_group_follow_up,50712,11648,496,,15.5072621060026,0.216024
trial-51db92e29b3db28d,C01-S0-B0,C01,1,initial_review,17010,11648,847,,25.94898840699898,0.058044
trial-6b6519b9871a5813,C01-S0-B1,C01,1,initial_review,17749,11648,809,,19.308220259998052,0.060599
trial-de9ee3498bdc57a5,C01-S1-B0,C01,1,initial_review,19027,11648,488,,20.275296989006165,0.057359
trial-a6e0a053c2161723,C01-S1-B1,C01,1,initial_review,19764,11648,772,,20.309814681000717,0.069564
trial-dbf9e5a50c2da147,C02-S0-B0,C02,1,initial_review,17020,11648,841,,19.826108207998914,0.057914
trial-931740b63157d0e3,C02-S0-B1,C02,1,initial_review,17757,11648,756,,18.716692160000093,0.059049
trial-d82d20485430ad93,C02-S1-B0,C02,1,initial_review,19035,11648,481,,13.658729923001374,0.057189
trial-c747424310f3d6a1,C03-S0-B0,C03,1,initial_review,18472,11648,766,,19.322451667998394,0.062924
trial-d9cd15e0582b48aa,C03-S0-B1,C03,1,initial_review,19211,11648,791,,19.816617921002035,0.067369
trial-549ffc97c447e066,C03-S1-B0,C03,1,initial_review,20485,11648,516,,14.12725140999828,0.065489
trial-728aa4f4e0ff4bb8,C03-S1-B1,C03,1,initial_review,21225,11648,679,,16.936969763002708,0.074079
trial-b79468334d761ac6,C04-S0-B0,C04,1,initial_review,16817,11648,669,,16.5156534609996,0.051739
trial-c157eaca79ce1576,C04-S0-B1,C04,1,initial_review,17555,11648,772,,18.340843546000542,0.058519
trial-4ec0899d03bccd1c,C04-S1-B0,C04,1,initial_review,18832,11648,816,,19.41495348999888,0.066224
trial-949c839398c80fba,C04-S1-B1,C04,1,initial_review,19570,11648,819,,19.86890402699646,0.070004
trial-5827f3a074127c44,C05-S0-B0,C05,1,initial_review,23215,1408,841,,19.574002764995384,0.134969
trial-53e58e5394540892,C05-S0-B1,C05,1,initial_review,23954,11648,626,,16.729911392001668,0.086134
trial-e49a3bc5e3e5b758,C05-S1-B0,C05,1,initial_review,25230,11648,770,,18.478035174004617,0.096834
trial-deca6c59a1bbf97c,C05-S1-B1,C05,1,initial_review,25968,11648,798,,20.31071625000186,0.101364
trial-f4e21a92549b8e8d,C06-S0-B0,C06,1,initial_review,23286,11648,819,,19.469169343996327,0.088584
trial-f4e21a92549b8e8d,C06-S0-B0,C06,2,nested_group_follow_up,48026,11648,706,,17.600202314002672,0.208894
trial-72de5acab6f3305e,C06-S0-B1,C06,1,initial_review,24025,11648,855,,20.711368727999798,0.093359
trial-72de5acab6f3305e,C06-S0-B1,C06,2,nested_group_follow_up,48763,11648,625,,16.235587506002048,0.210149
trial-bae63d5dee3fc824,C06-S1-B0,C06,1,initial_review,25301,11648,705,,17.422427887002414,0.095239
trial-bae63d5dee3fc824,C06-S1-B0,C06,2,nested_group_follow_up,50039,11648,703,,17.953105785003572,0.218869
trial-eb8f632a7c55d62d,C06-S1-B1,C06,1,initial_review,26038,11648,842,,22.362087483001233,0.103034
trial-eb8f632a7c55d62d,C06-S1-B1,C06,2,nested_group_follow_up,50777,11648,752,,18.568898135999916,0.224029
trial-11db4e6524323e07,C07-S0-B0,C07,1,initial_review,23272,11648,847,,19.91497151400108,0.089354
trial-11db4e6524323e07,C07-S0-B0,C07,2,same_evidence_reconsideration,23276,11648,765,,21.08882615299808,0.086914
trial-8538b8eeec64e8ae,C07-S0-B1,C07,1,initial_review,24008,11648,819,,20.388289175003592,0.092194
trial-8538b8eeec64e8ae,C07-S0-B1,C07,2,same_evidence_reconsideration,24013,11648,748,,18.548014261999924,0.090089
trial-f06e343ee9b18d7c,C07-S1-B0,C07,1,initial_review,25287,11648,881,,20.789370594000502,0.100449
trial-f06e343ee9b18d7c,C07-S1-B0,C07,2,same_evidence_reconsideration,25291,11648,779,,21.47639612799685,0.097409
trial-ec469bfd32d44a2c,C07-S1-B1,C07,1,initial_review,26023,11648,591,,16.930324059998384,0.095429
trial-ec469bfd32d44a2c,C07-S1-B1,C07,2,same_evidence_reconsideration,26028,11648,751,,17.97033699399617,0.100254
trial-cd5acb557482ddef,D01-S0-B0,D01,1,initial_review,16091,11648,567,,16.6140719670002,0.045049
trial-3ab4dbc87d685fca,D01-S0-B1,D01,1,initial_review,16829,11648,782,,19.505201170002692,0.055189
trial-6fa42c8221ef6a32,D02-S0-B0,D02,1,initial_review,17042,11648,506,,14.91679763099819,0.047974
trial-c9ffe668baed5071,D02-S0-B1,D02,1,initial_review,17781,11648,765,,20.984007917999406,0.059439
trial-c36772e378605dc9,D03-S0-B0,D03,1,initial_review,18094,11648,844,,21.33022232100484,0.063374
trial-16f9204b74216a04,D03-S0-B1,D03,1,initial_review,18833,11648,767,,19.307733966998057,0.064759
trial-76a0d0bbb65552e1,D04-S0-B0,D04,1,initial_review,18223,11648,604,,15.75025007500517,0.056819
trial-3c8ae4c5015a7f28,D04-S0-B1,D04,1,initial_review,18961,11648,715,,18.07257853900228,0.063839
trial-cff0aa7d0de214e7,D05-S0-B0,D05,1,initial_review,64576,11648,857,,20.462511771998834,0.296174
trial-b1d36de89462a24a,D05-S0-B1,D05,1,initial_review,65315,11648,884,,21.54775582300499,0.300679
trial-009023f52c132b15,D06-S0-B0,D06,1,initial_review,49885,11648,873,,20.50220671400166,0.223199
trial-96497a2acf82a8c7,D06-S0-B1,D06,1,initial_review,50923,1408,860,,21.91690580699651,0.274079
trial-94425d16d81a5326,D07-S0-B0,D07,1,initial_review,49895,11648,742,,18.807318197999848,0.219319
trial-345fc108e2043924,D07-S0-B1,D07,1,initial_review,50632,11648,872,,21.487355272998684,0.226904
trial-d1248b20e1e40246,D08-S0-B0,D08,1,initial_review,50587,11648,804,,20.409890347000328,0.224639
trial-28a669ece14dafc4,D08-S0-B1,D08,1,initial_review,51327,11648,789,,19.928461107003386,0.227889
trial-8f6e86651a98cbdd,D09-S0-B0,D09,1,initial_review,23289,11648,907,,21.237725392995344,0.091239
trial-637a6d18ee951924,D09-S0-B1,D09,1,initial_review,24027,11648,755,,18.65449422600068,0.090369
trial-dd6c9283d8520ce4,D10-S0-B0,D10,1,initial_review,24621,11648,573,,16.896014705002017,0.087879
trial-2806919d119f5220,D10-S0-B1,D10,1,initial_review,25359,11648,585,,15.238303831996745,0.091929
trial-e60b3d20365e38fa,D11-S0-B0,D11,1,initial_review,24694,11648,772,,19.11509852099698,0.094214
trial-08c8f0828993b906,D11-S0-B1,D11,1,initial_review,25432,11648,855,,21.120325362004223,0.100394
trial-7ca755ab5f9f19f7,D12-S0-B0,D12,1,initial_review,24692,11648,844,,20.101293908002845,0.096364
trial-7ca755ab5f9f19f7,D12-S0-B0,D12,2,nested_group_follow_up,49430,11648,560,,14.551541603999794,0.211534
trial-4edf9366f65f679d,D12-S0-B1,D12,1,initial_review,25430,11648,804,,19.4153806089962,0.098854
trial-4edf9366f65f679d,D12-S0-B1,D12,2,nested_group_follow_up,50168,11648,645,,16.43226093299745,0.217774
trial-abcfaf7b57a81853,C01-S0-B0,C01,1,initial_review,16688,11648,743,,19.14544112599833,0.053314
trial-3439d9f311f93cc5,C01-S0-B1,C01,1,initial_review,17427,11648,826,,20.068221604997234,0.059499
trial-f45a16080caf90d5,C01-S1-B0,C01,1,initial_review,18703,11648,859,,21.16215479499806,0.066869
trial-ecf4caaa746fda63,C01-S1-B1,C01,1,initial_review,19441,11648,838,,21.52715500100021,0.069929
trial-758430738485c705,C02-S0-B0,C02,1,initial_review,16699,11648,758,,18.413301907996356,0.053819
trial-75cd9cfd1ce638ef,C02-S0-B1,C02,1,initial_review,17437,11648,823,,20.22525362199667,0.059459
trial-4d42eed9b74516ac,C02-S1-B0,C02,1,initial_review,18712,11648,753,,18.347796729998663,0.063734
trial-b126b799c5b2a7fe,C02-S1-B1,C02,1,initial_review,19451,11648,709,,18.598521542997332,0.066109
trial-fd04456007c31ada,C03-S0-B1,C03,1,initial_review,19490,1408,879,,21.694351653000922,0.117484
trial-f071f6a94358789b,C03-S1-B0,C03,1,initial_review,20467,11648,607,,15.789059345006535,0.068129
trial-2c64fff223f59205,C03-S1-B1,C03,1,initial_review,21206,11648,650,,17.407124094999745,0.073114
trial-fbe6a5a23f41fa39,C04-S0-B0,C04,1,initial_review,16799,11648,804,,19.268664146002266,0.055699
trial-a4c74e703fda5f44,C04-S0-B1,C04,1,initial_review,17537,11648,867,,20.447967870000866,0.061279
trial-383ea214cf6f3669,C04-S1-B0,C04,1,initial_review,18813,11648,791,,19.209244992001913,0.065379
trial-ab89329afeac0994,C04-S1-B1,C04,1,initial_review,19552,11648,658,,18.270339201000752,0.065084
trial-73eef199321505f8,C05-S0-B0,C05,1,initial_review,23204,11648,806,,19.739151210000273,0.087784
trial-c7857a8739e7db91,C05-S0-B1,C05,1,initial_review,23942,11648,857,,21.95538862000103,0.093004
trial-51635364ded02ef9,C05-S1-B0,C05,1,initial_review,25219,11648,721,,19.89341644799424,0.095309
trial-4f39f33dfef4288a,C05-S1-B1,C05,1,initial_review,25958,11648,693,,19.813233752996894,0.098164
trial-0c423d69e264ce73,C06-S0-B0,C06,1,initial_review,23274,11648,842,,20.717962244001683,0.089214
trial-0c423d69e264ce73,C06-S0-B0,C06,2,nested_group_follow_up,47973,11648,744,,19.768176956997195,0.209769
trial-f6a24778039805f9,C06-S0-B1,C06,1,initial_review,24011,11648,863,,20.725460499998007,0.093529
trial-f6a24778039805f9,C06-S0-B1,C06,2,nested_group_follow_up,48713,11648,622,,16.748207890006597,0.209809
trial-3d889178c63a0ec3,C06-S1-B0,C06,1,initial_review,25289,11648,863,,20.10768231000111,0.099919
trial-3d889178c63a0ec3,C06-S1-B0,C06,2,nested_group_follow_up,49990,11648,510,,15.290080933002173,0.212834
trial-b7cc2910fbc3fc9b,C06-S1-B1,C06,1,initial_review,26027,11648,843,,20.194485687999986,0.103009
trial-b7cc2910fbc3fc9b,C06-S1-B1,C06,2,nested_group_follow_up,50727,11648,592,,16.41544642399822,0.218979
trial-62709f953fc475f2,C07-S0-B0,C07,1,initial_review,23258,11648,802,,19.345483147997584,0.087934
trial-62709f953fc475f2,C07-S0-B0,C07,2,same_evidence_reconsideration,23264,11648,726,,17.935129842000606,0.085684
trial-ece1f8fcfea8446e,C07-S0-B1,C07,1,initial_review,23998,11648,742,,18.690946857997915,0.089834
trial-ece1f8fcfea8446e,C07-S0-B1,C07,2,same_evidence_reconsideration,24001,11648,864,,20.53645406600117,0.093509
trial-254033b8f1d48eda,C07-S1-B0,C07,1,initial_review,25273,11648,712,,18.01688855300017,0.095309
trial-254033b8f1d48eda,C07-S1-B0,C07,2,same_evidence_reconsideration,25278,11648,748,,18.839214617000835,0.096414
trial-c0df3e0a6a93806a,C07-S1-B1,C07,1,initial_review,26011,11648,559,,15.556341814997722,0.094409
trial-c0df3e0a6a93806a,C07-S1-B1,C07,2,same_evidence_reconsideration,26016,11648,683,,17.291447715004324,0.098154
trial-d0378d660c07419b,D01-S0-B0,D01,1,initial_review,16076,11648,789,,20.74653257200407,0.051634
trial-cff65de31fa70e52,D01-S0-B1,D01,1,initial_review,16815,11648,1366,,29.92388216099789,0.072639
trial-397822ad1dd32c56,D02-S0-B0,D02,1,initial_review,17030,11648,734,,17.658861102994706,0.054754
trial-e41bd1970a8f89ac,D02-S0-B1,D02,1,initial_review,17767,11648,815,,19.195034105003288,0.060869
trial-be9d69de0bd82441,D03-S0-B0,D03,1,initial_review,18078,11648,492,,15.473269604997768,0.052734
trial-d33f058f6156b7b0,D03-S0-B1,D03,1,initial_review,18817,11648,853,,19.74545477599895,0.067259
trial-cfac220960a7f85c,D04-S0-B0,D04,1,initial_review,18205,11648,463,,13.540549823002948,0.052499
trial-9a75a8953d002ebf,D04-S0-B1,D04,1,initial_review,18944,11648,756,,18.490293952003412,0.064984
trial-3011d4695360eced,D05-S0-B0,D05,1,initial_review,64583,11648,787,,19.352655071998015,0.294109
trial-2d0cd2adc751ecaf,D05-S0-B1,D05,1,initial_review,65322,11648,846,,20.02736365799501,0.299574
trial-1ad9a779b09f56e6,D06-S0-B0,D06,1,initial_review,49942,11648,659,,16.85826266600634,0.217064
trial-b61ea49a16caf413,D06-S0-B1,D06,1,initial_review,50680,11648,752,,18.127977247000672,0.223544
trial-e63cb126e53d7199,D07-S0-B0,D07,1,initial_review,49951,11648,848,,21.343160272001114,0.222779
trial-a62be023899664e8,D07-S0-B1,D07,1,initial_review,50689,11648,770,,19.06965159399988,0.224129
trial-3eb3000ee61b9ad0,D08-S0-B0,D08,1,initial_review,50933,11648,694,,23.705721663005534,0.223069
trial-e3d16720d0c7a9d1,D08-S0-B1,D08,1,initial_review,51671,11648,796,,20.02502278800239,0.229819
trial-b67910681c58b4d0,D09-S0-B0,D09,1,initial_review,23277,11648,859,,20.45998490999773,0.089739
trial-99f18824dbec6f83,D09-S0-B1,D09,1,initial_review,24016,11648,697,,16.814788560004672,0.088574
trial-eac5d92a033549cc,D10-S0-B0,D10,1,initial_review,24611,11648,834,,21.002646141001605,0.095659
trial-5cd436381b4a25f5,D10-S0-B1,D10,1,initial_review,25349,11648,860,,19.96222456900432,0.100129
trial-267972817bb26699,D11-S0-B0,D11,1,initial_review,24683,9600,683,,17.503291540997452,0.100705
trial-79e89dcb1319b973,D11-S0-B1,D11,1,initial_review,25421,11648,639,,16.61606057699828,0.093859
trial-fa783e43ea73526b,D12-S0-B0,D12,1,initial_review,24682,11648,833,,20.608651278998877,0.095984
trial-fa783e43ea73526b,D12-S0-B0,D12,2,nested_group_follow_up,49382,11648,651,,16.781710499999463,0.214024
trial-67654f5ce82d057a,D12-S0-B1,D12,1,initial_review,25420,11648,825,,20.061459074000595,0.099434
trial-67654f5ce82d057a,D12-S0-B1,D12,2,nested_group_follow_up,50118,11648,655,,18.044850408005004,0.217824
trial-77647785bb4bd8c4,C01-S0-B0,C01,1,initial_review,16672,11648,863,,20.27027969899791,0.056834
trial-222fc0f4d12d5d88,C01-S0-B1,C01,1,initial_review,17410,11648,821,,19.992944906996854,0.059264
trial-56a23b94f78fee40,C01-S1-B0,C01,1,initial_review,18685,11648,642,,16.80202999500034,0.060269
trial-423f93be9bf9a2c6,C01-S1-B1,C01,1,initial_review,19424,11648,735,,18.880191822994675,0.066754
trial-fb749ddf70bd0380,C02-S0-B0,C02,1,initial_review,16682,11648,788,,19.5533042820025,0.054634
trial-dc5b9053798f8356,C02-S0-B1,C02,1,initial_review,17419,11648,899,,22.1911668190005,0.061649
trial-1590d4c5d06df947,C02-S1-B0,C02,1,initial_review,18696,1408,631,,16.80810376899899,0.106074
trial-d46e80c945879f35,C02-S1-B1,C02,1,initial_review,19434,11648,706,,17.631665220003924,0.065934
trial-adca2b56cac8b9a9,C03-S0-B0,C03,1,initial_review,18452,11648,614,,16.842103474002215,0.058264
trial-fb9fb9906332f7c8,C03-S1-B0,C03,1,initial_review,20934,11648,875,,20.54652360900218,0.078504
trial-590d6c94cc662654,C03-S1-B1,C03,1,initial_review,21674,11648,884,,20.834671414995682,0.082474
trial-d6f763709531b94c,C04-S0-B0,C04,1,initial_review,17140,11648,869,,20.27520440999797,0.059354
trial-882f1d38e9082090,C04-S0-B1,C04,1,initial_review,17878,11648,847,,20.492759228996874,0.062384
trial-338a7775c3a69ae8,C04-S1-B0,C04,1,initial_review,19155,11648,807,,23.10836896300316,0.067569
trial-24df362042682db3,C04-S1-B1,C04,1,initial_review,19895,11648,658,,16.383469617001538,0.066799
trial-5559095166b6c1cd,C05-S0-B0,C05,1,initial_review,23602,11648,700,,18.62996306599962,0.086594
trial-a8abb32ffeb8a371,C05-S0-B1,C05,1,initial_review,24340,11648,736,,18.198536303003493,0.091364
trial-6f656cdcf51029bb,C05-S1-B0,C05,1,initial_review,25616,11648,765,,18.446649424004136,0.098614
trial-c6e80437fa82515c,C05-S1-B1,C05,1,initial_review,26355,11648,817,,19.46336077599699,0.103869
trial-eae8ad83dbbb2147,C06-S0-B0,C06,1,initial_review,23671,11648,1402,,30.792587370000547,0.107999
trial-eae8ad83dbbb2147,C06-S0-B0,C06,2,nested_group_follow_up,48368,11648,776,,19.108050764996733,0.212704
trial-c5c4d806f85c067a,C06-S0-B1,C06,1,initial_review,24409,11648,851,,19.995093819998147,0.095159
trial-c5c4d806f85c067a,C06-S0-B1,C06,2,nested_group_follow_up,49107,11648,682,,18.39084458399884,0.213579
trial-81d19c66a6d830a5,C06-S1-B0,C06,1,initial_review,25686,1408,885,,22.840208771995094,0.148644
trial-81d19c66a6d830a5,C06-S1-B0,C06,2,nested_group_follow_up,50385,11648,566,,16.52626660199894,0.216489
trial-acb8326a0321e4c1,C06-S1-B1,C06,1,initial_review,26424,11648,842,,20.015553967001324,0.104964
trial-acb8326a0321e4c1,C06-S1-B1,C06,2,nested_group_follow_up,51121,11648,764,,19.28531731000112,0.226109
trial-303ea3e87b7c187a,C07-S0-B0,C07,1,initial_review,23656,11648,815,,21.453056435006147,0.090314
trial-303ea3e87b7c187a,C07-S0-B0,C07,2,same_evidence_reconsideration,23659,11648,802,,19.51865015999647,0.089939
trial-68d7757a67fda7a4,C07-S0-B1,C07,1,initial_review,24394,1408,827,,21.008083969005384,0.140444
trial-68d7757a67fda7a4,C07-S0-B1,C07,2,same_evidence_reconsideration,24399,11648,821,,19.966821630005143,0.094209
trial-ba7937346e833f13,C07-S1-B0,C07,1,initial_review,25671,11648,792,,19.62562704699667,0.099699
trial-ba7937346e833f13,C07-S1-B0,C07,2,same_evidence_reconsideration,25674,11648,807,,18.902355607999198,0.100164
trial-fc1aed09290a1a87,C07-S1-B1,C07,1,initial_review,26411,11648,814,,20.66967472399847,0.104059
trial-fc1aed09290a1a87,C07-S1-B1,C07,2,same_evidence_reconsideration,26412,11648,809,,18.9207653630001,0.103914
trial-d82c7fbaee8e5d43,D01-S0-B0,D01,1,initial_review,16340,11648,772,,19.921923045993026,0.052444
trial-a0eee5534137e9a7,D01-S0-B1,D01,1,initial_review,17080,11648,855,,20.907967235994874,0.058634
trial-bd5822492d891ee5,D02-S0-B0,D02,1,initial_review,17370,11648,846,,20.26685415699467,0.059814
trial-6977d74f1228237e,D02-S0-B1,D02,1,initial_review,18108,11648,823,,19.97938733200135,0.062814
trial-58ea7da2291c6e7e,D03-S0-B0,D03,1,initial_review,18553,11648,872,,20.42355020600371,0.066509
trial-6ae7ae2b025576b4,D03-S0-B1,D03,1,initial_review,19292,11648,876,,21.521428209001897,0.070324
trial-3c92ca5581737652,D04-S0-B0,D04,1,initial_review,18682,11648,744,,20.177229888999136,0.063314
trial-bf4c3816d3752711,D04-S0-B1,D04,1,initial_review,19421,11648,865,,23.13823832500202,0.070639
trial-a6952b76a44a905b,D05-S0-B0,D05,1,initial_review,66044,11648,746,,19.075758348997624,0.300184
trial-5ba711ce46369e4d,D05-S0-B1,D05,1,initial_review,66782,11648,851,,22.963493607996497,0.307024
trial-00a359e63c5b1019,D06-S0-B0,D06,1,initial_review,50489,11648,867,,20.651500815998588,0.226039
trial-dd9e33dde68db5c8,D06-S0-B1,D06,1,initial_review,51227,11648,868,,21.00076098399586,0.229759
trial-da82f336b8a28a1b,D07-S0-B0,D07,1,initial_review,50500,11648,819,,19.93923484100378,0.224654
trial-92b9198996d78d2f,D07-S0-B1,D07,1,initial_review,51235,11648,800,,19.183723132999148,0.227759
trial-e942e2a5481b89d0,D08-S0-B0,D08,1,initial_review,51899,9600,818,,21.383846263001033,0.240835
trial-1872fcc7ec2b11fa,D08-S0-B1,D08,1,initial_review,52337,11648,862,,21.178208488003293,0.235129
trial-7b7fc8e30348c44d,D09-S0-B0,D09,1,initial_review,23674,11648,816,,21.2091448880019,0.090434
trial-c28871edb5e8fd1b,D09-S0-B1,D09,1,initial_review,24411,11648,841,,21.063999645994045,0.094869
trial-be10181b0504fd78,D10-S0-B0,D10,1,initial_review,25142,11648,740,,19.0356643060004,0.095494
trial-2a79981f8a3859b8,D10-S0-B1,D10,1,initial_review,25880,11648,785,,19.10446585700265,0.100534
trial-f47871d73c25d899,D11-S0-B0,D11,1,initial_review,25214,11648,774,,19.35843855600251,0.096874
trial-1924ed43a99a3883,D11-S0-B1,D11,1,initial_review,25953,11648,812,,20.667551324004307,0.101709
trial-c557adc5d9ffc86c,D12-S0-B0,D12,1,initial_review,25211,11648,777,,19.666258632998506,0.096949
trial-c557adc5d9ffc86c,D12-S0-B0,D12,2,nested_group_follow_up,49909,11648,638,,19.240747301999363,0.216269
trial-32b11b9cba3c5a58,D12-S0-B1,D12,1,initial_review,25950,11648,1315,,28.67005302499456,0.116784
trial-32b11b9cba3c5a58,D12-S0-B1,D12,2,nested_group_follow_up,50648,11648,779,,21.179901460003748,0.224194
trial-240e4044b16c5f84,C01-S0-B0,C01,1,initial_review,17012,11648,825,,20.53994670099928,0.057394
trial-375d9cebe0b801ab,C01-S0-B1,C01,1,initial_review,17752,11648,810,,19.50080487199739,0.060644
trial-0416f2a546fd1d0b,C01-S1-B0,C01,1,initial_review,19029,11648,679,,19.465344283002196,0.063099
trial-07bd3d3fa621d116,C01-S1-B1,C01,1,initial_review,19766,11648,759,,18.684030439995695,0.069184
trial-74ee7a9d0b4c349d,C02-S0-B0,C02,1,initial_review,17024,11648,893,,21.059758097995655,0.059494
trial-a9ba783d54af7e03,C02-S0-B1,C02,1,initial_review,17761,11648,840,,20.760309732999303,0.061589
trial-82121551ec08afce,C02-S1-B0,C02,1,initial_review,19037,11648,713,,18.78667673000018,0.064159
trial-44c869f4b231ad99,C02-S1-B1,C02,1,initial_review,19776,11648,782,,22.09731576500053,0.069924
trial-97533ce65a639b09,C03-S0-B0,C03,1,initial_review,18920,11648,850,,19.65928900900326,0.067684
trial-d52dc2ffcc401f17,C03-S0-B1,C03,1,initial_review,19657,11648,819,,19.10121292599797,0.070439
trial-e38de5122e841b56,C03-S1-B1,C03,1,initial_review,21629,11648,791,,20.73963962000562,0.079459
trial-afeacd74aa4c5886,C04-S0-B0,C04,1,initial_review,17122,11648,743,,19.555504029005533,0.055484
trial-5aedcda866849320,C04-S0-B1,C04,1,initial_review,17859,11648,723,,18.02920210600132,0.058569
trial-b9aa45d13e935dfc,C04-S1-B0,C04,1,initial_review,19137,11648,813,,18.69373633399664,0.067659
trial-6ca02f37212fb6c8,C04-S1-B1,C04,1,initial_review,19876,11648,804,,19.412241072001052,0.071084
trial-fe784a04a74ed1a9,C05-S0-B0,C05,1,initial_review,23526,11648,758,,18.653446591997636,0.087954
trial-fdb8f74192cc1892,C05-S0-B1,C05,1,initial_review,24266,11648,831,,19.453743409998424,0.093844
trial-9e927d053b8cb250,C05-S1-B0,C05,1,initial_review,25542,11648,867,,20.34680513800413,0.101304
trial-5aadc1d242ea8025,C05-S1-B1,C05,1,initial_review,26280,11648,759,,18.38000650399772,0.101754
trial-75b3f54622fbdd96,C06-S0-B0,C06,1,initial_review,23597,11648,796,,19.516580859002715,0.089449
trial-75b3f54622fbdd96,C06-S0-B0,C06,2,nested_group_follow_up,48525,11648,578,,15.191321548001724,0.207549
trial-3e59fd2dcc3203bf,C06-S0-B1,C06,1,initial_review,24333,11648,787,,20.135764182996354,0.092859
trial-3e59fd2dcc3203bf,C06-S0-B1,C06,2,nested_group_follow_up,49264,11648,848,,20.03193809700315,0.219344
trial-ae6b1306265bbe74,C06-S1-B0,C06,1,initial_review,25611,11648,792,,18.82330147400353,0.099399
trial-ae6b1306265bbe74,C06-S1-B0,C06,2,nested_group_follow_up,50540,11648,822,,20.204644789999293,0.224944
trial-b3418b92fc9d0a54,C06-S1-B1,C06,1,initial_review,26349,11648,863,,19.811952595999173,0.105219
trial-b3418b92fc9d0a54,C06-S1-B1,C06,2,nested_group_follow_up,51279,11648,661,,17.13632007200067,0.223809
trial-7d169f2417eb8186,C07-S0-B0,C07,1,initial_review,23581,11648,776,,21.03029189699737,0.088769
trial-7d169f2417eb8186,C07-S0-B0,C07,2,same_evidence_reconsideration,23585,11648,819,,19.96817164100503,0.090079
trial-ea4800d4dce32e9e,C07-S0-B1,C07,1,initial_review,24319,11648,796,,18.88335981599812,0.093059
trial-ea4800d4dce32e9e,C07-S0-B1,C07,2,same_evidence_reconsideration,24323,11648,796,,18.929933686995355,0.093079
trial-bb2a7c9ed6d6e84a,C07-S1-B0,C07,1,initial_review,25597,11648,766,,18.66627058699669,0.098549
trial-bb2a7c9ed6d6e84a,C07-S1-B0,C07,2,same_evidence_reconsideration,25599,11648,820,,22.107493742005317,0.100179
trial-ebe0c57fadf724d8,C07-S1-B1,C07,1,initial_review,26334,11648,865,,21.42110444499849,0.105204
trial-ebe0c57fadf724d8,C07-S1-B1,C07,2,same_evidence_reconsideration,26338,11648,776,,20.010969638999086,0.102554
trial-d64340f8f09f7751,D01-S0-B0,D01,1,initial_review,16324,11648,759,,18.301807593001286,0.051974
trial-7d784f8e13b5eb3e,D01-S0-B1,D01,1,initial_review,17061,11648,719,,18.124975210994307,0.054459
trial-78e1ce587d9a2bad,D02-S0-B0,D02,1,initial_review,17335,11648,797,,19.248500185996818,0.058169
trial-479f50000d0b2afb,D02-S0-B1,D02,1,initial_review,18075,11648,732,,17.779194186005043,0.059919
trial-ab1e69fbb79d1741,D03-S0-B0,D03,1,initial_review,18503,11648,754,,20.91670297300152,0.062719
trial-ef6de5bf63a1c338,D03-S0-B1,D03,1,initial_review,19242,11648,2790,,54.840410139004234,0.127494
trial-5cec0484037ed0bd,D04-S0-B0,D04,1,initial_review,18631,11648,748,,17.959076224004093,0.063179
trial-eb9e18ad240f0823,D04-S0-B1,D04,1,initial_review,19368,11648,822,,20.160361415997613,0.069084
trial-4b13813dfb3b3544,D05-S0-B0,D05,1,initial_review,65460,1408,834,,19.981802496993623,0.345984
trial-cc6d228a3d5b0921,D05-S0-B1,D05,1,initial_review,66201,11648,835,,20.871149913997215,0.303639
trial-aa63ff915f383e19,D06-S0-B0,D06,1,initial_review,50104,11648,2387,,48.28650323200418,0.269714
trial-28157819f7e89717,D06-S0-B1,D06,1,initial_review,50841,11648,845,,20.840637442001025,0.227139
trial-e2e898146d34dea1,D07-S0-B0,D07,1,initial_review,50113,11648,841,,20.116993506002473,0.223379
trial-2ddb040ff31e4c77,D07-S0-B1,D07,1,initial_review,50852,11648,844,,21.003689536999445,0.227164
trial-ce0d9f990df5caf4,D08-S0-B0,D08,1,initial_review,51366,11648,884,,20.97836245600047,0.230934
trial-c1f0adf02b4bfd7a,D08-S0-B1,D08,1,initial_review,52104,11648,893,,22.195321348001016,0.234894
trial-d5b7eb9e72da2e30,D09-S0-B0,D09,1,initial_review,23599,11648,833,,19.831743205999373,0.090569
trial-c9f90e801fb2fe3c,D09-S0-B1,D09,1,initial_review,24338,11648,1835,,37.69782272700104,0.124324
trial-0f7ed6b2a5f424a8,D10-S0-B0,D10,1,initial_review,25034,11648,860,,20.819885254000837,0.098554
trial-457a3390e24acf2c,D10-S0-B1,D10,1,initial_review,25774,11648,779,,19.571999310996034,0.099824
trial-7caa28979aab7675,D11-S0-B0,D11,1,initial_review,25108,11648,799,,19.07496638599696,0.097094
trial-5238df2399a20d72,D11-S0-B1,D11,1,initial_review,25847,11648,762,,18.938770185995963,0.099679
trial-f1d81d8d4e075a04,D12-S0-B0,D12,1,initial_review,25106,11648,882,,22.76372237600299,0.099574
trial-f1d81d8d4e075a04,D12-S0-B0,D12,2,nested_group_follow_up,50034,11648,809,,19.61236674900283,0.222024
trial-090e5fc5d0325a4b,D12-S0-B1,D12,1,initial_review,25843,11648,842,,20.507153190999816,0.102059
trial-090e5fc5d0325a4b,D12-S0-B1,D12,2,nested_group_follow_up,50771,11648,824,,20.309871400000702,0.226159
trial-5b9262c980737a13,C01-S0-B0,C01,1,initial_review,16995,11648,803,,19.14585105399601,0.056649
trial-d005fd41a8b3e909,C01-S0-B1,C01,1,initial_review,17731,11648,755,,21.540004423994105,0.058889
trial-948ca1c4d66a17fa,C01-S1-B0,C01,1,initial_review,19009,11648,813,,19.17003761199885,0.067019
trial-7bddda069b9b8ece,C01-S1-B1,C01,1,initial_review,19748,11648,801,,19.86110231499333,0.070354
trial-8d3f67061444ed4b,C02-S0-B0,C02,1,initial_review,17004,11648,694,,18.06420502700348,0.053424
trial-ce26e2b6339c7902,C02-S0-B1,C02,1,initial_review,17744,11648,750,,19.209149494003213,0.058804
trial-7f0f7c15b2cf56e8,C02-S1-B0,C02,1,initial_review,19019,11648,754,,18.01883862500108,0.065299
trial-1df4211d31eac8d7,C02-S1-B1,C02,1,initial_review,19758,11648,818,,19.658091173005232,0.070914
trial-b0e05050edde7e83,C03-S0-B0,C03,1,initial_review,18877,11648,800,,19.019972362999397,0.065969
trial-688e1315b5ab1ea6,C03-S0-B1,C03,1,initial_review,19612,11648,759,,18.488944185002765,0.068414
trial-8e10f92509b5ea3b,C03-S1-B0,C03,1,initial_review,20890,11648,765,,19.409127570004785,0.074984
trial-f061d0307c87c7a8,C04-S0-B0,C04,1,initial_review,17137,11648,780,,20.089420659001917,0.056669
trial-a7b650ab5db05dbb,C04-S0-B1,C04,1,initial_review,17877,11648,742,,18.231868464004947,0.059229
trial-5f3f3825a4f2b1e3,C04-S1-B0,C04,1,initial_review,19154,11648,865,,20.549233121004363,0.069304
trial-296ffe36dde78913,C04-S1-B1,C04,1,initial_review,19891,11648,706,,17.881690775000607,0.068219
trial-c1a08445e6ff6a94,C05-S0-B0,C05,1,initial_review,23565,11648,634,,16.809876453997276,0.084429
trial-a51bf5aa7f64182c,C05-S0-B1,C05,1,initial_review,24302,11648,734,,19.078944872999273,0.091114
trial-b5c2f75ee1196240,C05-S1-B0,C05,1,initial_review,25579,11648,668,,17.740742342000885,0.095519
trial-a13167afb67eae22,C05-S1-B1,C05,1,initial_review,26318,11648,537,,14.917341546999523,0.095284
trial-53278475e894c4cf,C06-S0-B0,C06,1,initial_review,23634,11648,686,,17.479293535994657,0.086334
trial-53278475e894c4cf,C06-S0-B0,C06,2,nested_group_follow_up,48546,11648,761,,18.766074311999546,0.213144
trial-ca9880bc79bc2c79,C06-S0-B1,C06,1,initial_review,24373,1408,1245,,27.401892005000263,0.152879
trial-ca9880bc79bc2c79,C06-S0-B1,C06,2,nested_group_follow_up,49283,11648,683,,17.077003311002045,0.214489
trial-a0520cba9a3db70c,C06-S1-B0,C06,1,initial_review,25650,11648,846,,19.84060849800153,0.101214
trial-a0520cba9a3db70c,C06-S1-B0,C06,2,nested_group_follow_up,50370,11648,537,,14.9915676419987,0.215544
trial-5b513a64cc98afbf,C06-S1-B1,C06,1,initial_review,26387,11648,814,,20.711025714001153,0.103939
trial-5b513a64cc98afbf,C06-S1-B1,C06,2,nested_group_follow_up,51297,11648,615,,16.301131421001628,0.222519
trial-70e5f28793bad13d,C07-S0-B0,C07,1,initial_review,23621,11648,803,,20.561625098998775,0.089779
trial-70e5f28793bad13d,C07-S0-B0,C07,2,same_evidence_reconsideration,23624,11648,739,,18.466586547001498,0.087874
trial-5baf1321b96ee0ef,C07-S0-B1,C07,1,initial_review,24359,11648,673,,20.074930295006197,0.089569
trial-5baf1321b96ee0ef,C07-S0-B1,C07,2,same_evidence_reconsideration,24362,11648,785,,23.143473217001883,0.092944
trial-85a0863ce8008056,C07-S1-B0,C07,1,initial_review,25636,11648,665,,17.067732403993432,0.095714
trial-85a0863ce8008056,C07-S1-B0,C07,2,same_evidence_reconsideration,25638,11648,750,,18.975278252000862,0.098274
trial-cc0466f11cb82fb2,C07-S1-B1,C07,1,initial_review,26374,11648,679,,16.800436049998098,0.099824
trial-cc0466f11cb82fb2,C07-S1-B1,C07,2,same_evidence_reconsideration,26377,11648,810,,19.664234321993717,0.103769
trial-dc22757920f03f54,D01-S0-B0,D01,1,initial_review,16340,11648,721,,18.888602703002107,0.050914
trial-53e9a17e27cdddcc,D01-S0-B1,D01,1,initial_review,17078,11648,517,,14.006205926001712,0.048484
trial-ce82a5ac0ba1b7a6,D02-S0-B0,D02,1,initial_review,17366,11648,500,,14.923686684000131,0.049414
trial-8ed93152942afde0,D02-S0-B1,D02,1,initial_review,18107,11648,539,,14.3771079940052,0.054289
trial-e4ca2e0b38a6db91,D03-S0-B0,D03,1,initial_review,18551,11648,663,,17.28737604700291,0.060229
trial-404d401cc517679b,D03-S0-B1,D03,1,initial_review,19287,11648,651,,16.202589840002474,0.063549
trial-bfc7176d7574968e,D04-S0-B0,D04,1,initial_review,18678,11648,645,,16.02006084099412,0.060324
trial-a1753234d946801c,D04-S0-B1,D04,1,initial_review,19417,11648,687,,17.469603630001075,0.065279
trial-e70edf5c213025f9,D05-S0-B0,D05,1,initial_review,65987,11648,911,,22.063643320005212,0.304849
trial-672fa039bf3940cf,D05-S0-B1,D05,1,initial_review,66726,11648,1368,,31.466641680002795,0.322254
trial-2bcd77c6eb3536a9,D06-S0-B0,D06,1,initial_review,50463,11648,931,,22.100267938003526,0.227829
trial-e2f1da2dc11bc79f,D06-S0-B1,D06,1,initial_review,51199,11648,771,,19.21764897200046,0.226709
trial-6c93b390b7793f9a,D07-S0-B0,D07,1,initial_review,50471,11648,1508,,32.057331037998665,0.245179
trial-7a3f644efef7e698,D07-S0-B1,D07,1,initial_review,51209,11648,842,,20.051974447997054,0.228889
trial-38406e43845b6498,D08-S0-B0,D08,1,initial_review,51278,11648,858,,21.382951254003274,0.229714
trial-19f33a0646ec21ad,D08-S0-B1,D08,1,initial_review,52015,11648,872,,20.558607302999008,0.233819
trial-0e38a7dcf5923851,D09-S0-B0,D09,1,initial_review,23639,11648,822,,19.548553316002653,0.090439
trial-8d80889e1dbb2cd5,D09-S0-B1,D09,1,initial_review,24376,11648,767,,19.137067479001416,0.092474
trial-7140415e03b383ff,D10-S0-B0,D10,1,initial_review,25106,11648,812,,19.27854986499733,0.097474
trial-59323f71fc576d6f,D10-S0-B1,D10,1,initial_review,25844,11648,666,,17.514873965003062,0.096784
trial-cbc5f02bb9fb5697,D11-S0-B0,D11,1,initial_review,25179,11648,736,,18.047359721000248,0.095559
trial-3f359ec9256c03c3,D11-S0-B1,D11,1,initial_review,25917,11648,795,,19.21586109299824,0.101019
trial-78b2f6bef8c34e2a,D12-S0-B0,D12,1,initial_review,25177,11648,793,,19.51357944600022,0.097259
trial-78b2f6bef8c34e2a,D12-S0-B0,D12,2,nested_group_follow_up,49894,11648,537,,14.016656097999658,0.213164
trial-958f013f197a4678,D12-S0-B1,D12,1,initial_review,25913,11648,681,,18.646522704002564,0.097579
trial-958f013f197a4678,D12-S0-B1,D12,2,nested_group_follow_up,50824,11648,565,,16.1051653359973,0.218654
trial-17053857b34925f4,C01-S0-B0,C01,1,initial_review,17012,11648,732,,19.109423432004405,0.054604
trial-54f7a0a0d42e8740,C01-S0-B1,C01,1,initial_review,17748,11648,797,,19.96560410800157,0.060234
trial-30d51194aea4e421,C01-S1-B0,C01,1,initial_review,19025,11648,802,,19.78713022000011,0.066769
trial-211ce142ab282883,C01-S1-B1,C01,1,initial_review,19762,11648,753,,18.731173519998265,0.068984
trial-a19bf98d59b43fa4,C02-S0-B0,C02,1,initial_review,17020,11648,583,,15.766796272000647,0.050174
trial-3a531a79b021773c,C02-S0-B1,C02,1,initial_review,17757,11648,755,,18.347668715003238,0.059019
trial-4330e894ded9eea5,C02-S1-B0,C02,1,initial_review,19035,11648,726,,17.73892650399648,0.064539
trial-742b46166fbcd5d2,C02-S1-B1,C02,1,initial_review,19772,11648,819,,19.391540515003726,0.071014
trial-8e821b5168005295,C03-S0-B0,C03,1,initial_review,18921,11648,598,,15.25820991100045,0.060129
trial-487c3c887b22c310,C03-S0-B1,C03,1,initial_review,19659,11648,515,,13.731709722000232,0.061329
trial-8d41d89959dc0b2a,C03-S1-B0,C03,1,initial_review,20937,11648,676,,18.080966510999133,0.072549
trial-4a8d0e44e4d23ed2,C03-S1-B1,C03,1,initial_review,21674,11648,644,,16.507323913996515,0.075274
trial-903b49d733558f62,C04-S0-B1,C04,1,initial_review,17537,11648,866,,21.708540977997473,0.061249
trial-eb44302ce96cf0c3,C04-S1-B0,C04,1,initial_review,18814,11648,868,,20.289217940997332,0.067694
trial-64adc62f3804bd02,C04-S1-B1,C04,1,initial_review,19551,11648,838,,19.968587645002117,0.070479
trial-bed4c1cd734b6726,C05-S0-B0,C05,1,initial_review,23243,11648,915,,20.958029774999886,0.091249
trial-eeb59765a9da5200,C05-S0-B1,C05,1,initial_review,23983,11648,874,,20.340153889999783,0.093719
trial-56c5ab812680e3eb,C05-S1-B0,C05,1,initial_review,25261,11648,835,,19.79798054300045,0.098939
trial-83d2321d2b1da7cd,C05-S1-B1,C05,1,initial_review,25998,11648,777,,18.536633948999224,0.100884
trial-f325797108f0aa9b,C06-S0-B0,C06,1,initial_review,23313,11648,1313,,28.78103015600209,0.103539
trial-f325797108f0aa9b,C06-S0-B0,C06,2,nested_group_follow_up,46003,11648,881,,20.669222554002772,0.204029
trial-59bc5f1d14e63b1b,C06-S0-B1,C06,1,initial_review,24053,11648,807,,19.461975517006067,0.092059
trial-59bc5f1d14e63b1b,C06-S0-B1,C06,2,nested_group_follow_up,46741,11648,851,,19.935319472002448,0.206819
trial-4808af8653b4f043,C06-S1-B0,C06,1,initial_review,25330,11648,888,,20.59569632700004,0.100874
trial-4808af8653b4f043,C06-S1-B0,C06,2,nested_group_follow_up,48018,11648,806,,21.26563445699867,0.211854
trial-fa395432dcb6b2d8,C06-S1-B1,C06,1,initial_review,26068,11648,833,,19.86909970999841,0.102914
trial-fa395432dcb6b2d8,C06-S1-B1,C06,2,nested_group_follow_up,48628,11648,838,,21.016906119999476,0.215864
trial-70ac5c1becda1438,C07-S0-B0,C07,1,initial_review,23299,11648,808,,20.204946165002184,0.088319
trial-70ac5c1becda1438,C07-S0-B0,C07,2,same_evidence_reconsideration,23305,11648,893,,21.283302379000816,0.090899
trial-154af0798c4fefda,C07-S0-B1,C07,1,initial_review,24038,11648,799,,20.884798189996218,0.091744
trial-154af0798c4fefda,C07-S0-B1,C07,2,same_evidence_reconsideration,24042,11648,841,,19.851090862997808,0.093024
trial-3974531fcd9fe3f9,C07-S1-B0,C07,1,initial_review,25313,11648,774,,19.96270200300205,0.097369
trial-3974531fcd9fe3f9,C07-S1-B0,C07,2,same_evidence_reconsideration,25318,11648,837,,20.273067232999892,0.099284
trial-fc9fb1aaa9b177a3,C07-S1-B1,C07,1,initial_review,26054,11648,853,,21.229240641994693,0.103444
trial-fc9fb1aaa9b177a3,C07-S1-B1,C07,2,same_evidence_reconsideration,26055,11648,1361,,29.98302305299876,0.118689
trial-15097f12f7c061e4,D01-S0-B0,D01,1,initial_review,16076,11648,828,,23.109807783002907,0.052804
trial-a62605d8a01d1c6b,D01-S0-B1,D01,1,initial_review,17333,16768,321,,24.704088810998655,0.020839
trial-3eea39cfa6f3b4ec,D02-S0-B0,D02,1,initial_review,17029,11648,676,,18.41901495100319,0.053009
trial-6faaba83846e41b0,D02-S0-B1,D02,1,initial_review,17768,11648,909,,28.274803186002828,0.063694
trial-fb14e192a8f07493,D03-S0-B0,D03,1,initial_review,18079,11648,684,,16.99016384800052,0.058499
trial-de77804a2ac590f2,D03-S0-B1,D03,1,initial_review,18815,11648,670,,18.01411742399796,0.061759
trial-e19d1f16d982d43f,D04-S0-B0,D04,1,initial_review,18205,11648,717,,18.75655803999689,0.060119
trial-573b2d8900ef6c2c,D04-S0-B1,D04,1,initial_review,18944,11648,715,,18.629064486005518,0.063754
trial-5220ee10582c9933,D05-S0-B0,D05,1,initial_review,64301,11648,866,,22.5044204260048,0.295069
trial-c8909341c5be3d02,D05-S0-B1,D05,1,initial_review,65038,11648,932,,22.14441554199584,0.300734
trial-46a31400e0a0266f,D06-S0-B0,D06,1,initial_review,50298,11648,865,,21.44563159900281,0.225024
trial-306a0fa23e1a1757,D06-S0-B1,D06,1,initial_review,51036,11648,882,,21.39840564300539,0.229224
trial-e07e7c3a2b22f502,D07-S0-B0,D07,1,initial_review,50310,11648,913,,21.283671172997856,0.226524
trial-0fe26f538a3a69d7,D07-S0-B1,D07,1,initial_review,51046,11648,842,,22.622726513996895,0.228074
trial-b6ab5ee9b0e8ef51,D08-S0-B0,D08,1,initial_review,51136,11648,898,,20.816528508003103,0.230204
trial-3b3922fd18fbf9e9,D08-S0-B1,D08,1,initial_review,51874,11648,857,,19.876472787997045,0.232664
trial-65807b799f89cd72,D09-S0-B0,D09,1,initial_review,23318,11648,852,,19.664301331999013,0.089734
trial-48f44ad64dc40825,D09-S0-B1,D09,1,initial_review,24055,11648,785,,18.741471155997715,0.091409
trial-0ce5a64307c8a74b,D10-S0-B0,D10,1,initial_review,24650,11648,802,,20.78932022400113,0.094894
trial-fa4c2d3a8dcb9e3b,D10-S0-B1,D10,1,initial_review,25389,11648,796,,19.404353327001445,0.098409
trial-11acf7b85cfa165d,D11-S0-B0,D11,1,initial_review,24726,11648,830,,20.157372656998632,0.096114
trial-17877097f32f810d,D11-S0-B1,D11,1,initial_review,25462,11648,1394,,29.68568474300264,0.116714
trial-7e3c70eafcea836f,D12-S0-B0,D12,1,initial_review,24722,11648,1198,,25.964407456995104,0.107134
trial-7e3c70eafcea836f,D12-S0-B0,D12,2,nested_group_follow_up,47411,11648,835,,19.618397079000715,0.209689
trial-26c9c34e99333dc2,D12-S0-B1,D12,1,initial_review,25458,11648,823,,19.18675633100065,0.099564
trial-26c9c34e99333dc2,D12-S0-B1,D12,2,nested_group_follow_up,48021,11648,668,,16.961878315996728,0.207729
trial-7ba943f80f0812c9,C01-S0-B0,C01,1,initial_review,16671,11648,744,,17.320841494998604,0.053259
trial-125ea7c6ac0e4536,C01-S0-B1,C01,1,initial_review,17409,11648,934,,21.5046026409982,0.062649
trial-60df981840f1658e,C01-S1-B0,C01,1,initial_review,18688,11648,787,,18.217757433005318,0.064634
trial-2ecd501e601a488b,C01-S1-B1,C01,1,initial_review,19424,11648,769,,18.90198134900129,0.067774
trial-2eda026a9ae56a05,C02-S0-B0,C02,1,initial_review,16683,11648,757,,18.20501262000471,0.053709
trial-8f66f422f1e0e390,C02-S0-B1,C02,1,initial_review,17419,11648,808,,20.80848366900318,0.058919
trial-daec74890b37cb49,C02-S1-B0,C02,1,initial_review,18696,11648,790,,20.50491308200435,0.064764
trial-2837579ad0b43bd0,C02-S1-B1,C02,1,initial_review,19433,11648,837,,19.88442241199664,0.069859
trial-eb88f97d0caa0f63,C03-S0-B0,C03,1,initial_review,18452,11648,571,,15.539599652998731,0.056974
trial-58659db5378b21b9,C03-S0-B1,C03,1,initial_review,19191,11648,880,,20.765411209999,0.069939
trial-59ed41f54e056e84,C03-S1-B0,C03,1,initial_review,20467,11648,835,,20.80186237199814,0.074969
trial-63f4a7b774114904,C03-S1-B1,C03,1,initial_review,21205,11648,892,,20.99514862200158,0.080369
trial-ecb9a2c9eb59ef7f,C04-S0-B0,C04,1,initial_review,16799,11648,901,,21.259695443004603,0.058609
trial-eb3e09006d7d6bb3,C04-S1-B0,C04,1,initial_review,18830,11648,722,,17.824885996000376,0.063394
trial-2779ce418179dddc,C04-S1-B1,C04,1,initial_review,19569,11648,708,,17.28809798900329,0.066669
trial-c02b68e7952e7234,C05-S0-B0,C05,1,initial_review,23215,11648,803,,18.90740576799726,0.087749
trial-e334eba100b4a04b,C05-S0-B1,C05,1,initial_review,23954,11648,850,,20.703957245998026,0.092854
trial-a8e722fdbacba362,C05-S1-B0,C05,1,initial_review,25231,11648,784,,18.779716097000346,0.097259
trial-7a82cff3bd6dc863,C05-S1-B1,C05,1,initial_review,25969,11648,625,,16.545207016999484,0.096179
trial-c5da004df18bf10c,C06-S0-B0,C06,1,initial_review,23287,11648,1370,,29.4858833410035,0.105119
trial-c5da004df18bf10c,C06-S0-B0,C06,2,nested_group_follow_up,48025,11648,667,,16.692071794001095,0.207719
trial-57121eba96c5937f,C06-S0-B1,C06,1,initial_review,24024,11648,850,,21.42155661399738,0.093204
trial-57121eba96c5937f,C06-S0-B1,C06,2,nested_group_follow_up,48763,11648,694,,17.66589122300502,0.212219
trial-b892b66de39753ae,C06-S1-B0,C06,1,initial_review,25299,11648,861,,20.276241888001096,0.099909
trial-b892b66de39753ae,C06-S1-B0,C06,2,nested_group_follow_up,50039,11648,573,,15.144092831003945,0.214969
trial-8f3880643d374202,C06-S1-B1,C06,1,initial_review,26038,11648,1367,,29.06722570800048,0.118784
trial-8f3880643d374202,C06-S1-B1,C06,2,nested_group_follow_up,50776,11648,625,,17.068144529002893,0.220214
trial-53c8d6641ab5605c,C07-S0-B0,C07,1,initial_review,23272,11648,838,,19.44814338500146,0.089084
trial-53c8d6641ab5605c,C07-S0-B0,C07,2,same_evidence_reconsideration,23275,11648,896,,20.61972044799768,0.090839
trial-8797322cbec55206,C07-S0-B1,C07,1,initial_review,24010,11648,918,,21.9921542459997,0.095174
trial-8797322cbec55206,C07-S0-B1,C07,2,same_evidence_reconsideration,24014,11648,873,,20.870007578996592,0.093844
trial-495d325a7ed2455d,C07-S1-B0,C07,1,initial_review,25286,11648,795,,19.645487413996307,0.097864
trial-495d325a7ed2455d,C07-S1-B0,C07,2,same_evidence_reconsideration,25289,11648,775,,18.600052978996246,0.097279
trial-1ae6abbf8e40c094,C07-S1-B1,C07,1,initial_review,26023,11648,735,,17.46450502800144,0.099749
trial-1ae6abbf8e40c094,C07-S1-B1,C07,2,same_evidence_reconsideration,26027,11648,731,,17.72972782600118,0.099649
trial-633478b3d2014112,D01-S0-B0,D01,1,initial_review,16090,11648,736,,17.48279774399998,0.050114
trial-50c8520175482560,D01-S0-B1,D01,1,initial_review,16828,11648,797,,20.185737047999282,0.055634
trial-505469195177a2d5,D02-S0-B0,D02,1,initial_review,17341,9600,712,,17.742006075000972,0.064865
trial-2ac67a0c602a9edc,D02-S0-B1,D02,1,initial_review,17778,11648,885,,24.349557341003674,0.063024
trial-7a488ac726982d9d,D03-S0-B0,D03,1,initial_review,18095,11648,531,,14.60608243799652,0.053989
trial-225e7da328f63018,D03-S0-B1,D03,1,initial_review,18832,11648,654,,17.7313480849989,0.061364
trial-5ae981373eaa4285,D04-S0-B0,D04,1,initial_review,18222,11648,772,,18.92532412300352,0.061854
trial-04a88c673e86cb43,D04-S0-B1,D04,1,initial_review,18961,11648,735,,17.420069808002154,0.064439
trial-1c937cc1bf99c1e8,D05-S0-B0,D05,1,initial_review,64576,11648,674,,17.62354707800114,0.290684
trial-5a461b4a3f132b66,D05-S0-B1,D05,1,initial_review,65313,11648,840,,20.741301239999302,0.299349
trial-3993d0b7c05fe113,D06-S0-B0,D06,1,initial_review,49885,11648,916,,20.985924216998683,0.224489
trial-fe967893020aeaf5,D06-S0-B1,D06,1,initial_review,50623,11648,765,,18.681063655996695,0.223649
trial-2dd5eb89fad0c6fd,D07-S0-B0,D07,1,initial_review,49895,11648,774,,18.50027890500496,0.220279
trial-6c0fb40887d74f4d,D07-S0-B1,D07,1,initial_review,50632,11648,808,,19.352728488003777,0.224984
trial-5cb28065913e3047,D08-S0-B0,D08,1,initial_review,50588,11648,707,,17.234277272997133,0.221734
trial-336eaef2da52f5f2,D08-S0-B1,D08,1,initial_review,51326,11648,867,,19.967465604997415,0.230224
trial-5368eec9fc919a7c,D09-S0-B0,D09,1,initial_review,23290,11648,613,,15.762588446996233,0.082424
trial-56f1952a060e85c5,D09-S0-B1,D09,1,initial_review,24027,11648,827,,19.607989787997212,0.092529
trial-0b6a24c691e8806d,D10-S0-B0,D10,1,initial_review,24622,11648,688,,17.339063423998596,0.091334
trial-de5717fc040dbd72,D10-S0-B1,D10,1,initial_review,25360,11648,631,,15.721133952996752,0.093314
trial-ee939b8868c1a125,D11-S0-B0,D11,1,initial_review,24694,11648,822,,19.1909081959966,0.095714
trial-98f49c383eb9a2ad,D11-S0-B1,D11,1,initial_review,25432,11648,860,,20.65359038900351,0.100544
trial-98982d835f8a6b62,D12-S0-B0,D12,1,initial_review,78503,60544,1151,,29.617162827998982,0.154597
trial-98982d835f8a6b62,D12-S0-B0,D12,2,nested_group_follow_up,49430,11648,849,,20.58155399200041,0.220204
trial-93bbe320c482e99a,D12-S0-B1,D12,1,initial_review,25429,11648,898,,21.5291048999934,0.101669
trial-93bbe320c482e99a,D12-S0-B1,D12,2,nested_group_follow_up,50167,11648,613,,16.258811063002213,0.216809
trial-b592d128ec7ba873,C01-S0-B0,C01,1,initial_review,16689,11648,1281,,27.37805596600083,0.069459
trial-1c60a6ad70424fe9,C01-S0-B1,C01,1,initial_review,17426,11648,816,,19.215841962999548,0.059194
trial-c927bb0ad434343d,C01-S1-B0,C01,1,initial_review,18705,11648,720,,18.66749227100081,0.062709
trial-cbbf03c887f4c9a0,C01-S1-B1,C01,1,initial_review,19441,11648,855,,20.394166906000464,0.070439
trial-b81c783bcf4a3c9a,C02-S0-B0,C02,1,initial_review,16701,11648,784,,19.966887809998298,0.054609
trial-a7d5f9cd8f8d38e2,C02-S0-B1,C02,1,initial_review,17437,11648,821,,19.474980125996808,0.059399
trial-d5e922f9cc74c0fa,C02-S1-B0,C02,1,initial_review,18712,11648,641,,15.956690459999663,0.060374
trial-4b2d4f0ce2da6af6,C02-S1-B1,C02,1,initial_review,19451,11648,756,,18.153187600997626,0.067519
trial-4c59afc6feab7849,C03-S0-B0,C03,1,initial_review,18472,11648,771,,18.700143036003283,0.063074
trial-058d179acd7a84fd,C03-S0-B1,C03,1,initial_review,19211,11648,776,,18.494027070999437,0.066919
trial-e5c5873aaa1ef307,C03-S1-B0,C03,1,initial_review,20485,11648,566,,15.323807922002743,0.066989
trial-0b31484518d6ebb9,C03-S1-B1,C03,1,initial_review,21224,11648,535,,14.005118180000864,0.069754
trial-4c28e0ef36c16ce5,C04-S0-B0,C04,1,initial_review,16818,11648,796,,18.68089349100046,0.055554
trial-fc687df781beb16b,C04-S0-B1,C04,1,initial_review,17554,11648,780,,17.980805216997396,0.058754
trial-29a32cc4bce566de,C04-S1-B1,C04,1,initial_review,19552,11648,825,,19.108977102005156,0.070094
trial-0cde906b9afc1047,C05-S0-B0,C05,1,initial_review,23203,11648,634,,16.171162724996975,0.082619
trial-75ceb4637fa46e0c,C05-S0-B1,C05,1,initial_review,23941,11648,854,,20.69228256999486,0.092909
trial-a6388fe180c0bc8d,C05-S1-B0,C05,1,initial_review,25218,11648,611,,16.68087537399697,0.092004
trial-b41f8002bf85c87a,C05-S1-B1,C05,1,initial_review,25957,11648,548,,15.854170212995086,0.093809
trial-1f0a6a8f73e553cc,C06-S0-B0,C06,1,initial_review,23274,1408,824,,19.47168775799946,0.134754
trial-1f0a6a8f73e553cc,C06-S0-B0,C06,2,nested_group_follow_up,47974,11648,527,,14.24480098499771,0.203264
trial-9d1470706aee2ce0,C06-S0-B1,C06,1,initial_review,24012,11648,860,,19.898844225004723,0.093444
trial-9d1470706aee2ce0,C06-S0-B1,C06,2,nested_group_follow_up,48712,11648,621,,16.183769900999323,0.209774
trial-009cd62fc0e1355b,C06-S1-B0,C06,1,initial_review,25290,11648,867,,20.791841304999252,0.100044
trial-009cd62fc0e1355b,C06-S1-B0,C06,2,nested_group_follow_up,49988,11648,631,,16.065115268000227,0.216454
trial-bd65d09aba3a6197,C06-S1-B1,C06,1,initial_review,26027,11648,832,,19.656741504993988,0.102679
trial-bd65d09aba3a6197,C06-S1-B1,C06,2,nested_group_follow_up,50727,11648,715,,17.696894449996762,0.222669
trial-864b359f1ced2ed9,C07-S0-B0,C07,1,initial_review,23260,11648,820,,19.01809050200245,0.088484
trial-864b359f1ced2ed9,C07-S0-B0,C07,2,same_evidence_reconsideration,23262,11648,694,,17.01202526499401,0.084714
trial-8fe18795fab4a935,C07-S0-B1,C07,1,initial_review,23997,11648,738,,17.61098953599867,0.089709
trial-8fe18795fab4a935,C07-S0-B1,C07,2,same_evidence_reconsideration,24000,11648,782,,19.23184834199492,0.091044
trial-146c82c401a7e85b,C07-S1-B0,C07,1,initial_review,25275,11648,878,,20.377221281996754,0.100299
trial-146c82c401a7e85b,C07-S1-B0,C07,2,same_evidence_reconsideration,25279,11648,664,,16.56850464799936,0.093899
trial-53444aea70e7970f,C07-S1-B1,C07,1,initial_review,26011,11648,681,,17.037580295000225,0.098069
trial-53444aea70e7970f,C07-S1-B1,C07,2,same_evidence_reconsideration,26015,11648,854,,20.171076935999736,0.103279
trial-a06c5f63aeea8962,D01-S0-B0,D01,1,initial_review,16077,11648,624,,15.319173755997326,0.046689
trial-889ec3d27e8ddf08,D01-S0-B1,D01,1,initial_review,16815,11648,901,,20.449946030996216,0.058689
trial-8046d40b0bd4e0a2,D02-S0-B0,D02,1,initial_review,17029,11648,578,,15.383876107000106,0.050069
trial-ee69e11671f2a89b,D02-S0-B1,D02,1,initial_review,17768,11648,832,,19.546215030000894,0.061384
trial-aaf07604018cbd8e,D03-S0-B0,D03,1,initial_review,18078,11648,738,,17.835256708000088,0.060114
trial-8c040690ef97c24e,D03-S0-B1,D03,1,initial_review,18816,11648,870,,20.651552817995253,0.067764
trial-08576c55ab0f9d07,D04-S0-B0,D04,1,initial_review,18206,11648,571,,15.206773673999123,0.055744
trial-c771a51dbb9584b0,D04-S0-B1,D04,1,initial_review,18944,11648,864,,21.060588218002522,0.068224
trial-6e62e951ce1368b5,D05-S0-B0,D05,1,initial_review,64584,11648,906,,21.192291036000825,0.297684
trial-71aa9dca978782f4,D05-S0-B1,D05,1,initial_review,65323,11648,556,,15.047725939002703,0.290879
trial-433de4f4c66dcfd2,D06-S0-B0,D06,1,initial_review,49942,11648,667,,17.89258767499996,0.217304
trial-e36d49a39d2727f6,D06-S0-B1,D06,1,initial_review,50679,11648,856,,20.987359357997775,0.226659
trial-a07621a87d54f4e2,D07-S0-B0,D07,1,initial_review,49952,11648,872,,20.542679853002483,0.223504
trial-0a3ec6a70e113676,D07-S0-B1,D07,1,initial_review,50691,11648,833,,20.22771182100405,0.226029
trial-6066cb900163b417,D08-S0-B0,D08,1,initial_review,50933,11648,876,,20.90021723300015,0.228529
trial-3df12d700f69cc96,D08-S0-B1,D08,1,initial_review,51671,11648,730,,17.4482008949999,0.227839
trial-66a1dca582dde9b2,D09-S0-B0,D09,1,initial_review,23277,11648,763,,18.275349010000355,0.086859
trial-33a6abc68736a97e,D09-S0-B1,D09,1,initial_review,24016,11648,848,,19.5775224550016,0.093104
trial-01cb455f85f53387,D10-S0-B0,D10,1,initial_review,24610,11648,635,,16.021577469000476,0.089684
trial-f22ef0edc865795d,D10-S0-B1,D10,1,initial_review,25349,11648,684,,17.0215695720035,0.094849
trial-b2834ae789608f27,D11-S0-B0,D11,1,initial_review,24684,11648,700,,16.835971967004298,0.092004
trial-1af7a5871ce86eaa,D11-S0-B1,D11,1,initial_review,25422,11648,811,,19.244120433002536,0.099024
trial-118b9dae3cbe6af8,D12-S0-B0,D12,1,initial_review,24681,11648,892,,21.191252063996217,0.097749
trial-118b9dae3cbe6af8,D12-S0-B0,D12,2,nested_group_follow_up,49380,11648,625,,15.455827859994315,0.213234
trial-2f49bbcc0cbbc0c3,D12-S0-B1,D12,1,initial_review,25420,11648,1343,,28.891146765003214,0.114974
trial-2f49bbcc0cbbc0c3,D12-S0-B1,D12,2,nested_group_follow_up,50118,11648,824,,19.52431253499526,0.222894
trial-623f802b9224bce1,C01-S0-B0,C01,1,initial_review,16670,11648,843,,19.157798591004394,0.056224
trial-750509269b24b1b7,C01-S0-B1,C01,1,initial_review,17410,11648,833,,19.35897393599589,0.059624
trial-a31171847c33b3aa,C01-S1-B0,C01,1,initial_review,18685,11648,880,,21.022900213996763,0.067409
trial-ccf043c9319cb8fb,C01-S1-B1,C01,1,initial_review,19424,11648,672,,16.503416517000005,0.064864
trial-c2c8672c2a00c4ad,C02-S0-B0,C02,1,initial_review,16680,11648,664,,16.59487220900337,0.050904
trial-53c021dc41a4301a,C02-S0-B1,C02,1,initial_review,17420,11648,846,,19.31793976300105,0.060064
trial-a42241134d55c245,C02-S1-B0,C02,1,initial_review,18696,11648,582,,15.239579200999287,0.058524
trial-91367c98cbf383db,C02-S1-B1,C02,1,initial_review,19435,11648,832,,19.656138752005063,0.069719
trial-ef7e481499875c12,C03-S0-B0,C03,1,initial_review,18453,11648,715,,17.03870787899359,0.061299
trial-de5d6c8eedd0b1f2,C03-S0-B1,C03,1,initial_review,19190,11648,839,,19.251730247000523,0.068704
trial-812c4b636385aaf0,C03-S1-B0,C03,1,initial_review,20466,11648,563,,14.916807194000285,0.066804
trial-b7a515fd742bab9e,C03-S1-B1,C03,1,initial_review,21207,11648,550,,15.572968571999809,0.070119
trial-7a159edb7a8d23a3,C04-S0-B0,C04,1,initial_review,16799,11648,821,,19.130734382997616,0.056209
trial-3b0b999cbeec6b7d,C04-S0-B1,C04,1,initial_review,17537,11648,867,,22.068656322997413,0.061279
trial-58ec0b5945b9f30b,C04-S1-B0,C04,1,initial_review,18814,11648,744,,17.54104048800218,0.063974
trial-45539de1343add32,C05-S0-B0,C05,1,initial_review,23602,11648,876,,20.376136466002208,0.091874
trial-6afc2613aaef9d73,C05-S0-B1,C05,1,initial_review,24339,11648,729,,18.43688689800183,0.091149
trial-5941c5cfa01dee52,C05-S1-B0,C05,1,initial_review,25616,11648,520,,13.737441448996833,0.091264
trial-b18f1ea22ec0393b,C05-S1-B1,C05,1,initial_review,26354,11648,813,,19.830709321999166,0.103744
trial-6e92ff62c491b832,C06-S0-B0,C06,1,initial_review,23672,11648,873,,21.208053367998218,0.092134
trial-6e92ff62c491b832,C06-S0-B0,C06,2,nested_group_follow_up,48369,11648,795,,19.37616456899559,0.213279
trial-011648e540abb6d0,C06-S0-B1,C06,1,initial_review,24410,11648,1348,,28.949876377999317,0.110074
trial-011648e540abb6d0,C06-S0-B1,C06,2,nested_group_follow_up,49107,11648,858,,19.835177578002913,0.218859
trial-eccd892f318cd604,C06-S1-B0,C06,1,initial_review,25686,11648,810,,18.810168832998897,0.100314
trial-eccd892f318cd604,C06-S1-B0,C06,2,nested_group_follow_up,50385,11648,505,,13.676452049003274,0.214659
trial-926da270d6ef720a,C06-S1-B1,C06,1,initial_review,26425,11648,662,,16.572081001002516,0.099569
trial-926da270d6ef720a,C06-S1-B1,C06,2,nested_group_follow_up,51521,11648,738,,17.77339172700158,0.227329
trial-a20e827e3219f06d,C07-S0-B0,C07,1,initial_review,23657,11648,912,,24.85505071100488,0.093229
trial-a20e827e3219f06d,C07-S0-B0,C07,2,same_evidence_reconsideration,23659,11648,839,,19.543337152994354,0.091049
trial-1551f8b9c8d85b94,C07-S0-B1,C07,1,initial_review,24394,11648,827,,19.003931951003324,0.094364
trial-1551f8b9c8d85b94,C07-S0-B1,C07,2,same_evidence_reconsideration,24398,11648,819,,20.11202784899797,0.094144
trial-c9c00aba3fd4f50e,C07-S1-B0,C07,1,initial_review,25671,11648,812,,18.864755612004956,0.100299
trial-c9c00aba3fd4f50e,C07-S1-B0,C07,2,same_evidence_reconsideration,25676,11648,744,,17.375728587001504,0.098284
trial-0633f3a7f02a58c7,C07-S1-B1,C07,1,initial_review,26409,11648,836,,20.46434310499899,0.104709
trial-0633f3a7f02a58c7,C07-S1-B1,C07,2,same_evidence_reconsideration,26413,11648,596,,15.681969192999532,0.097529
trial-f1e681544886972a,D01-S0-B0,D01,1,initial_review,16342,11648,783,,19.62118265299796,0.052784
trial-d52bb0ff3dd20a69,D01-S0-B1,D01,1,initial_review,17080,11648,1217,,26.446310460996756,0.069494
trial-922294f889adb50f,D02-S0-B0,D02,1,initial_review,17371,11648,808,,18.809879446002014,0.058679
trial-ae6d17db4d3e69ea,D02-S0-B1,D02,1,initial_review,18107,11648,805,,18.974219595998875,0.062269
trial-35088bb7f159baeb,D03-S0-B0,D03,1,initial_review,18554,11648,799,,18.50754894199781,0.064324
trial-3016944f3658665d,D03-S0-B1,D03,1,initial_review,19292,11648,733,,19.439185204995738,0.066034
trial-6653147a54b32b03,D04-S0-B0,D04,1,initial_review,18683,11648,828,,18.76665672299714,0.065839
trial-769987bdeafc446d,D04-S0-B1,D04,1,initial_review,19420,11648,765,,18.20515725000587,0.067634
trial-ecbf7050d3794838,D05-S0-B0,D05,1,initial_review,66044,11648,863,,22.014061267000216,0.303694
trial-b4f3c72e87bdd027,D05-S0-B1,D05,1,initial_review,66782,11648,816,,19.346264018997317,0.305974
trial-935420a3796bd4ed,D06-S0-B0,D06,1,initial_review,50487,11648,903,,20.337752196996007,0.227109
trial-0047551e0c2b3345,D06-S0-B1,D06,1,initial_review,51226,11648,833,,19.81216806399607,0.228704
trial-9c44e1d6a3153dac,D07-S0-B0,D07,1,initial_review,50498,11648,819,,18.987540681999235,0.224644
trial-3855b7f8011d1668,D07-S0-B1,D07,1,initial_review,51236,11648,753,,17.933690845005913,0.226354
trial-6200e2274edaef4b,D08-S0-B0,D08,1,initial_review,51599,11648,845,,19.855015833003563,0.230929
trial-ad8a6fd9d091a52d,D08-S0-B1,D08,1,initial_review,52339,1408,787,,18.328873477999878,0.278969
trial-9aef1a32aa4c10ac,D09-S0-B0,D09,1,initial_review,23674,11648,793,,18.35391523799626,0.089744
trial-74227073964a34ba,D09-S0-B1,D09,1,initial_review,24412,1408,788,,18.277016749001632,0.139364
trial-42131be88bdea164,D10-S0-B0,D10,1,initial_review,25141,11648,722,,17.256800988994655,0.094949
trial-ea8283ae4f3bf81b,D10-S0-B1,D10,1,initial_review,25880,11648,608,,15.138393706998613,0.095224
trial-bcde1da13421c4b7,D11-S0-B0,D11,1,initial_review,25214,11648,772,,19.005562610000197,0.096814
trial-d852be42dea7cf24,D11-S0-B1,D11,1,initial_review,25953,11648,741,,17.994559408994974,0.099579
trial-89b9224a1cd02056,D12-S0-B0,D12,1,initial_review,82678,63616,1032,,25.959803363999526,0.158078
trial-89b9224a1cd02056,D12-S0-B0,D12,2,nested_group_follow_up,49910,11648,669,,16.514799245000177,0.217204
trial-4c2ab52f336ed245,D12-S0-B1,D12,1,initial_review,25950,11648,917,,21.223778772000514,0.104844
trial-4c2ab52f336ed245,D12-S0-B1,D12,2,nested_group_follow_up,50648,11648,510,,14.57227364499704,0.216124
trial-346850f2c0e80e9e,C01-S0-B0,C01,1,initial_review,17014,11648,1334,,28.002486443001544,0.072674
trial-a05d43472f40e66a,C01-S0-B1,C01,1,initial_review,17752,11648,850,,19.902981225000985,0.061844
trial-3e2935edf179136c,C01-S1-B0,C01,1,initial_review,19027,11648,909,,20.717912586995226,0.069989
trial-336dc33f26aa21e1,C01-S1-B1,C01,1,initial_review,19767,11648,824,,20.498872834003123,0.071139
trial-03efe5b15333e88c,C02-S0-B0,C02,1,initial_review,17022,11648,790,,18.965307787999336,0.056394
trial-2c7833583827a857,C02-S0-B1,C02,1,initial_review,17759,11648,848,,19.498094747999858,0.061819
trial-5be71f4009b8f296,C02-S1-B0,C02,1,initial_review,19039,11648,801,,19.21731972199632,0.066809
trial-6f5e9a9543e38871,C02-S1-B1,C02,1,initial_review,19776,11648,692,,16.542259447996912,0.067224
trial-6cce35f2fbb092a1,C03-S0-B0,C03,1,initial_review,18920,11648,825,,20.960893958996166,0.066934
trial-0b116089d5f9bee1,C03-S0-B1,C03,1,initial_review,19658,11648,839,,18.866921241002274,0.071044
trial-1699d3ca9e8ff1f1,C03-S1-B0,C03,1,initial_review,20935,11648,828,,19.029667529001017,0.077099
trial-19097bd43f8cbbab,C03-S1-B1,C03,1,initial_review,21674,11648,770,,18.34223698399728,0.079054
trial-4c6ab8aef7728bf7,C04-S0-B0,C04,1,initial_review,17141,11648,808,,19.169700193000608,0.057529
trial-f819d8c7f295510e,C04-S0-B1,C04,1,initial_review,17880,11648,818,,19.803271602999303,0.061524
trial-6da5eac9ad2d9959,C04-S1-B0,C04,1,initial_review,19156,11648,822,,18.891400334003265,0.068024
trial-49f6b55451446328,C04-S1-B1,C04,1,initial_review,19896,11648,831,,19.49779862399737,0.071994
trial-1ee9d7d3ee590469,C05-S0-B1,C05,1,initial_review,24264,11648,817,,18.91312171699974,0.093414
trial-f9c08bb630b9341f,C05-S1-B0,C05,1,initial_review,25541,11648,761,,19.854441256997234,0.098119
trial-fb30a0ec4be2d664,C05-S1-B1,C05,1,initial_review,26279,11648,777,,18.86545615400246,0.102289
trial-45d334c25eae9832,C06-S0-B0,C06,1,initial_review,23596,11648,826,,19.077241342994967,0.090344
trial-45d334c25eae9832,C06-S0-B0,C06,2,nested_group_follow_up,48525,11648,855,,20.343211529005202,0.215859
trial-0af7839176a10c91,C06-S0-B1,C06,1,initial_review,24333,11648,847,,19.802391031997104,0.094659
trial-0af7839176a10c91,C06-S0-B1,C06,2,nested_group_follow_up,49263,11648,836,,19.466145332997257,0.218979
trial-43709bb06ff172c5,C06-S1-B0,C06,1,initial_review,25611,11648,1275,,27.619420550996438,0.113889
trial-43709bb06ff172c5,C06-S1-B0,C06,2,nested_group_follow_up,50540,11648,733,,17.646889480995014,0.222274
trial-403c0983d54202df,C06-S1-B1,C06,1,initial_review,26348,11648,794,,19.534408783998515,0.103144
trial-403c0983d54202df,C06-S1-B1,C06,2,nested_group_follow_up,51278,11648,829,,19.187762584995653,0.228844
trial-a3605c835538615a,C07-S0-B0,C07,1,initial_review,23580,11648,804,,19.334015759995964,0.089604
trial-a3605c835538615a,C07-S0-B0,C07,2,same_evidence_reconsideration,23585,11648,822,,18.927140277002763,0.090169
trial-44bc33961fe761da,C07-S0-B1,C07,1,initial_review,24319,11648,833,,19.815641667002637,0.094169
trial-44bc33961fe761da,C07-S0-B1,C07,2,same_evidence_reconsideration,24322,11648,802,,18.513673227003892,0.093254
trial-ea994495b27e98a3,C07-S1-B0,C07,1,initial_review,25596,11648,762,,17.899587193001935,0.098424
trial-ea994495b27e98a3,C07-S1-B0,C07,2,same_evidence_reconsideration,25601,11648,804,,18.82143478799844,0.099709
trial-3efed4f4a934d4c4,C07-S1-B1,C07,1,initial_review,26334,11648,741,,17.85865731300146,0.101484
trial-3efed4f4a934d4c4,C07-S1-B1,C07,2,same_evidence_reconsideration,26338,11648,822,,19.746007039997494,0.103934
trial-f8b9c07d9132cc5c,D01-S0-B0,D01,1,initial_review,16325,11648,745,,17.37987358400278,0.051559
trial-bc5c9bc29797d283,D01-S0-B1,D01,1,initial_review,17063,11648,733,,17.692253991001053,0.054889
trial-f408eff42aa95a59,D02-S0-B0,D02,1,initial_review,17335,11648,743,,18.64381469199725,0.056549
trial-fd63cdb73f50fc64,D02-S0-B1,D02,1,initial_review,18074,11648,755,,18.752688722997846,0.060604
trial-243eb46e9b376680,D03-S0-B0,D03,1,initial_review,18504,11648,774,,19.015756273998704,0.063324
trial-f9ad617fabd4bc2c,D03-S0-B1,D03,1,initial_review,19241,11648,768,,18.0811240250041,0.066829
trial-a90237cddd221ccc,D04-S0-B0,D04,1,initial_review,18631,11648,700,,16.910576438000135,0.061739
trial-fff8b5c07a0b8615,D04-S0-B1,D04,1,initial_review,19369,11648,871,,20.32585757900233,0.070559
trial-61c1e2f1ad4fd08f,D05-S0-B0,D05,1,initial_review,65462,11648,801,,19.81929874200432,0.298924
trial-0ce28af50bdefd5b,D05-S0-B1,D05,1,initial_review,66199,11648,762,,18.83796348600299,0.301439
trial-433eaa89ef2b4b07,D06-S0-B0,D06,1,initial_review,50105,11648,811,,18.85359477900056,0.222439
trial-7d0b54e734de61dc,D06-S0-B1,D06,1,initial_review,50842,11648,880,,20.736752324999543,0.228194
trial-5b172be8f5a5d91b,D07-S0-B0,D07,1,initial_review,50113,11648,802,,18.926896217999456,0.222209
trial-d21c042a2f07bc03,D07-S0-B1,D07,1,initial_review,50852,11648,883,,20.421072525001364,0.228334
trial-44afe7e8a0bf969a,D08-S0-B0,D08,1,initial_review,51366,11648,849,,19.59218353700271,0.229884
trial-818bca92bb2fb583,D08-S0-B1,D08,1,initial_review,52104,11648,840,,19.215621816001658,0.233304
trial-6126ebe0992207cd,D09-S0-B0,D09,1,initial_review,23598,11648,819,,19.671725421998417,0.090144
trial-9efe149912159067,D09-S0-B1,D09,1,initial_review,24337,11648,760,,18.04717842899845,0.092069
trial-5d2300d35dd8676e,D10-S0-B0,D10,1,initial_review,25037,11648,802,,18.718617294995056,0.096829
trial-6a56823dbc81a098,D10-S0-B1,D10,1,initial_review,25773,11648,672,,16.26172525799484,0.096609
trial-baa2de2a19eaba7c,D11-S0-B0,D11,1,initial_review,25107,11648,846,,19.845698679004272,0.098499
trial-9fd82f5902873a57,D11-S0-B1,D11,1,initial_review,25847,11648,840,,19.25268104299903,0.102019
trial-370c06267e197545,D12-S0-B0,D12,1,initial_review,25104,11648,1342,,28.814191171994025,0.113364
trial-370c06267e197545,D12-S0-B0,D12,2,nested_group_follow_up,50034,11648,757,,18.48929990200122,0.220464
trial-df1359d5495ec094,D12-S0-B1,D12,1,initial_review,25842,11648,793,,18.427061966998735,0.100584
trial-df1359d5495ec094,D12-S0-B1,D12,2,nested_group_follow_up,50772,11648,685,,17.60838870099542,0.221994
trial-f65a6dd8114b0df2,C01-S0-B0,C01,1,initial_review,16994,11648,690,,17.558082405004825,0.053254
trial-9673819957b55675,C01-S0-B1,C01,1,initial_review,17732,11648,727,,17.617124817996228,0.058054
trial-ccf9d9f4a4a712e0,C01-S1-B0,C01,1,initial_review,19009,11648,799,,18.421143063998898,0.066599
trial-36586257464aec73,C01-S1-B1,C01,1,initial_review,19747,11648,782,,18.282338166995032,0.069779
trial-e8dc44e91e4a32e7,C02-S0-B0,C02,1,initial_review,17004,11648,766,,18.275154294999084,0.055584
trial-469fd3c661f273e3,C02-S0-B1,C02,1,initial_review,17743,11648,709,,16.859571827000764,0.057569
trial-2c70de02f9a93cfd,C02-S1-B0,C02,1,initial_review,19018,11648,803,,19.04070176600362,0.066764
trial-43a2e95cca6ccbc1,C02-S1-B1,C02,1,initial_review,19758,11648,830,,19.862794925000344,0.071274
trial-29551921f2eb86d5,C03-S0-B0,C03,1,initial_review,18876,11648,849,,19.822960518999025,0.067434
trial-0a3a0115b9b0405a,C03-S0-B1,C03,1,initial_review,19612,11648,764,,18.129970043999492,0.068564
trial-ba2bf19110d04ceb,C03-S1-B0,C03,1,initial_review,20890,11648,763,,17.784669606000534,0.074924
trial-2f40eaebace722e8,C03-S1-B1,C03,1,initial_review,21628,11648,880,,20.20131486900209,0.082124
trial-54751e30ef9f6b1d,C04-S0-B0,C04,1,initial_review,17122,11648,773,,18.182995139999548,0.056384
trial-4cd5b64d7272b3a3,C04-S0-B1,C04,1,initial_review,17860,11648,715,,17.73165961400082,0.058334
trial-e7db95b8b1e0da96,C04-S1-B0,C04,1,initial_review,19137,11648,804,,18.55472439299774,0.067389
trial-d3a73c843f014a92,C04-S1-B1,C04,1,initial_review,19875,11648,796,,18.738762732995383,0.070839
trial-43d0db7276fcd5bf,C05-S0-B0,C05,1,initial_review,23526,11648,797,,18.409047146000376,0.089124
trial-96ef352d1e661b65,C05-S1-B0,C05,1,initial_review,25580,11648,792,,18.93002305900154,0.099244
trial-0e716593b9e556f1,C05-S1-B1,C05,1,initial_review,26319,11648,755,,18.05528840899933,0.101829
trial-80422f30647b6efc,C06-S0-B0,C06,1,initial_review,23633,11648,1204,,25.616545632998168,0.101869
trial-80422f30647b6efc,C06-S0-B0,C06,2,nested_group_follow_up,48545,11648,773,,18.809590757002297,0.213499
trial-223a93565520f360,C06-S0-B1,C06,1,initial_review,24373,11648,727,,18.085628245004045,0.091259
trial-223a93565520f360,C06-S0-B1,C06,2,nested_group_follow_up,49285,11648,645,,16.27663655100332,0.213359
trial-071420e5804deb26,C06-S1-B0,C06,1,initial_review,25650,11648,1280,,29.263844398999936,0.114234
trial-071420e5804deb26,C06-S1-B0,C06,2,nested_group_follow_up,50560,11648,534,,14.206719173998863,0.216404
trial-8c7e13701e036458,C06-S1-B1,C06,1,initial_review,26388,11648,761,,20.30311872400489,0.102354
trial-8c7e13701e036458,C06-S1-B1,C06,2,nested_group_follow_up,51297,11648,633,,15.759512447002635,0.223059
trial-769bdbc9ed5050e2,C07-S0-B0,C07,1,initial_review,23619,11648,857,,20.066315277996182,0.091389
trial-769bdbc9ed5050e2,C07-S0-B0,C07,2,same_evidence_reconsideration,23625,11648,654,,16.897336333000567,0.085329
trial-70a50c326dee4cac,C07-S0-B1,C07,1,initial_review,24358,11648,629,,16.06309950499417,0.088244
trial-70a50c326dee4cac,C07-S0-B1,C07,2,same_evidence_reconsideration,24361,11648,783,,18.190212101995712,0.092879
trial-4bc2fe4d40da0a32,C07-S1-B0,C07,1,initial_review,25634,11648,804,,19.48107827700005,0.099874
trial-4bc2fe4d40da0a32,C07-S1-B0,C07,2,same_evidence_reconsideration,25639,11648,707,,16.91371489699668,0.096989
trial-aeff9d0ef4ba6238,C07-S1-B1,C07,1,initial_review,26372,11648,730,,17.69917078099388,0.101344
trial-aeff9d0ef4ba6238,C07-S1-B1,C07,2,same_evidence_reconsideration,26378,11648,730,,17.9926923239982,0.101374
trial-08aacc1428a2b343,D01-S0-B0,D01,1,initial_review,16341,11648,683,,16.396360555001593,0.049779
trial-391861f6afc93ce8,D01-S0-B1,D01,1,initial_review,17078,11648,718,,16.890365628998552,0.054514
trial-159871b91cd23106,D02-S0-B0,D02,1,initial_review,17368,11648,579,,14.434508310005185,0.051794
trial-5c9ab1e2558a0c90,D02-S0-B1,D02,1,initial_review,18106,11648,664,,15.88029560099676,0.058034
trial-c858e9cbaa2e0d0c,D03-S0-B0,D03,1,initial_review,18887,17792,310,,19.92562162700051,0.023671
trial-05f5190e9d6be52a,D03-S0-B1,D03,1,initial_review,19288,11648,615,,14.976052391000849,0.062474
trial-182773881a4edbd4,D04-S0-B0,D04,1,initial_review,18679,11648,549,,13.82608611300384,0.057449
trial-a546a1f5e0d69f33,D04-S0-B1,D04,1,initial_review,19417,11648,669,,16.370380006999767,0.064739
trial-bb70a652d608c68f,D05-S0-B0,D05,1,initial_review,65990,11648,899,,20.893325938995986,0.304504
trial-4a85b62981fc81cd,D05-S0-B1,D05,1,initial_review,66727,11648,812,,19.57061798399809,0.305579
trial-62342b41ca0114b1,D06-S0-B0,D06,1,initial_review,50462,11648,880,,20.302749711001525,0.226294
trial-8bd0fad05d71323b,D06-S0-B1,D06,1,initial_review,51199,11648,996,,22.74707418599428,0.233459
trial-d8a08383a073501c,D07-S0-B0,D07,1,initial_review,50470,11648,765,,19.133328256000823,0.222884
trial-d0fd40a356e8fc3f,D07-S0-B1,D07,1,initial_review,51209,11648,932,,21.149668658006703,0.231589
trial-76c63ab034009e39,D08-S0-B0,D08,1,initial_review,51276,11648,1393,,30.056264779996127,0.245754
trial-100c495f2a3fd71c,D08-S0-B1,D08,1,initial_review,52016,11648,853,,19.6409190389968,0.233254
trial-4b548a784ad46136,D09-S0-B0,D09,1,initial_review,23638,11648,751,,18.782010326998716,0.088304
trial-5d4441f44d7532c7,D09-S0-B1,D09,1,initial_review,24377,11648,594,,14.70021984900086,0.087289
trial-cd41c5410cab9e71,D10-S0-B0,D10,1,initial_review,25106,11648,596,,14.77090463800414,0.090994
trial-8063348b4c19d908,D10-S0-B1,D10,1,initial_review,25844,11648,760,,17.82608747100312,0.099604
trial-50f73d10c801d8fe,D11-S0-B0,D11,1,initial_review,25177,11648,863,,19.683979268003895,0.099359
trial-03bf6f4e360495c8,D11-S0-B1,D11,1,initial_review,25917,11648,557,,13.989725966996048,0.093879
trial-ffdc0912fa181595,D12-S0-B0,D12,1,initial_review,25177,11648,759,,18.649617959999887,0.096239
trial-ffdc0912fa181595,D12-S0-B0,D12,2,nested_group_follow_up,50087,11648,800,,18.45636929399916,0.222019
trial-342c231f9ad9f20e,D12-S0-B1,D12,1,initial_review,25914,11648,826,,19.14443036400189,0.101934
trial-342c231f9ad9f20e,D12-S0-B1,D12,2,nested_group_follow_up,50823,11648,552,,13.895410520999576,0.218259
trial-544267acfd968864,C01-S0-B0,C01,1,initial_review,17011,11648,694,,16.56895171499491,0.053459
trial-aca7c34c1c08513a,C01-S0-B1,C01,1,initial_review,17748,11648,802,,18.780990831000963,0.060384
trial-3992d0def2d6b3a8,C01-S1-B0,C01,1,initial_review,19025,11648,785,,18.05796150399692,0.066259
trial-c57537e6d3b56b1e,C01-S1-B1,C01,1,initial_review,19763,11648,682,,16.185868651999044,0.066859
trial-51d02b544cfa336a,C02-S0-B0,C02,1,initial_review,17020,11648,788,,18.371107989994925,0.056324
trial-e8a299d12a614542,C02-S0-B1,C02,1,initial_review,17759,11648,794,,19.109146105001855,0.060199
trial-04c8f16952ca3d21,C02-S1-B0,C02,1,initial_review,19034,11648,742,,17.67038428500382,0.065014
trial-6d60a2742ab2af78,C02-S1-B1,C02,1,initial_review,19773,11648,1317,,27.681034312998236,0.085959
trial-38af2283b7cdd762,C03-S0-B0,C03,1,initial_review,18921,11648,658,,15.755265010004223,0.061929
trial-431510bf9d2d3022,C03-S0-B1,C03,1,initial_review,19660,11648,849,,19.861228832996858,0.071354
trial-b45082619503166f,C03-S1-B0,C03,1,initial_review,20937,11648,750,,18.02460587999667,0.074769
trial-fe689f4fe5f5d086,C03-S1-B1,C03,1,initial_review,21674,11648,895,,20.60522195699741,0.082804
trial-f40862a99f900acf,C04-S0-B0,C04,1,initial_review,17137,11648,645,,15.76297653200163,0.052619
trial-7b454ace4221b53b,C04-S0-B1,C04,1,initial_review,17876,11648,716,,17.027040285000112,0.058444
trial-237cd75d0eaa13f9,C04-S1-B0,C04,1,initial_review,19153,11648,758,,18.65918375399633,0.066089
trial-5366753c80952968,C04-S1-B1,C04,1,initial_review,19891,11648,715,,16.74091753200628,0.068489
trial-c9dc07dee30458f6,C05-S0-B0,C05,1,initial_review,23565,11648,735,,17.61444408600073,0.087459
trial-81fd126336758439,C05-S0-B1,C05,1,initial_review,24303,11648,615,,15.496442356001353,0.087549
trial-ba58eea9ee32c117,C05-S1-B1,C05,1,initial_review,25997,11648,811,,18.4481528000033,0.101899
trial-93f8b77afc9522e4,C06-S0-B0,C06,1,initial_review,23313,11648,1385,,30.50776500700158,0.105699
trial-93f8b77afc9522e4,C06-S0-B0,C06,2,nested_group_follow_up,46002,11648,909,,21.014304418000393,0.204864
trial-0e8d19d0a774d30e,C06-S0-B1,C06,1,initial_review,24052,11648,898,,19.973699046000547,0.094784
trial-0e8d19d0a774d30e,C06-S0-B1,C06,2,nested_group_follow_up,46742,11648,806,,18.9259444049967,0.205474
trial-616e6601bf45e3d2,C06-S1-B0,C06,1,initial_review,25329,11648,867,,19.70212283699948,0.100239
trial-616e6601bf45e3d2,C06-S1-B0,C06,2,nested_group_follow_up,48018,11648,853,,19.29289857800177,0.213264
trial-d039bb66805791fb,C06-S1-B1,C06,1,initial_review,26067,11648,817,,18.742903500002285,0.102429
trial-d039bb66805791fb,C06-S1-B1,C06,2,nested_group_follow_up,48629,11648,812,,19.420010800000455,0.215089
trial-ab6e6eb4b839e450,C07-S0-B0,C07,1,initial_review,23298,11648,871,,19.541587166997488,0.090204
trial-ab6e6eb4b839e450,C07-S0-B0,C07,2,same_evidence_reconsideration,23304,11648,815,,18.525969334004913,0.088554
trial-545e1c35ba5930f3,C07-S0-B1,C07,1,initial_review,24037,11648,854,,19.526693981999415,0.093389
trial-545e1c35ba5930f3,C07-S0-B1,C07,2,same_evidence_reconsideration,24042,11648,721,,16.90683592700225,0.089424
trial-3cd95749618dfd26,C07-S1-B0,C07,1,initial_review,25315,11648,870,,20.040769820996502,0.100259
trial-3cd95749618dfd26,C07-S1-B0,C07,2,same_evidence_reconsideration,25319,11648,809,,18.787777979996463,0.098449
trial-fcf06a70e1948ca3,C07-S1-B1,C07,1,initial_review,26053,11648,752,,17.468797954003094,0.100409
trial-fcf06a70e1948ca3,C07-S1-B1,C07,2,same_evidence_reconsideration,26057,11648,1418,,30.045139288995415,0.120409
trial-419b7c124fd716ae,D01-S0-B0,D01,1,initial_review,16077,11648,868,,19.78523277399654,0.054009
trial-5fcc771de6d001a9,D01-S0-B1,D01,1,initial_review,16814,11648,837,,19.405117157002678,0.056764
trial-c6f4e84ca1f24400,D02-S0-B0,D02,1,initial_review,17029,11648,506,,13.240105361001042,0.047909
trial-20f6a5bd9357acc5,D02-S0-B1,D02,1,initial_review,17770,11648,867,,19.697498916000768,0.062444
trial-d084c15a0303160f,D03-S0-B0,D03,1,initial_review,18079,11648,687,,16.17219398599991,0.058589
trial-ad7f071705c02c68,D03-S0-B1,D03,1,initial_review,18817,11648,818,,18.972205846999714,0.066209
trial-734524fe0297f76c,D04-S0-B0,D04,1,initial_review,18206,11648,470,,12.779622841000673,0.052714
trial-d94c54c3e5c28692,D04-S0-B1,D04,1,initial_review,18944,11648,895,,20.053399090000312,0.069154
trial-002d48d07de60e67,D05-S0-B0,D05,1,initial_review,64300,11648,864,,21.035786036998616,0.295004
trial-cd79aa6b68391254,D05-S0-B1,D05,1,initial_review,65041,11648,845,,19.635255463996145,0.298139
trial-9afe8cceb4c79fcd,D06-S0-B0,D06,1,initial_review,50299,11648,2815,,55.10920354600239,0.283529
trial-efff1f289ee9cd75,D06-S0-B1,D06,1,initial_review,51039,11648,923,,20.618177486001514,0.230469
trial-c9a9656b9422d68f,D07-S0-B0,D07,1,initial_review,50309,11648,857,,19.477143179996347,0.224839
trial-202fa6dea3c65e66,D07-S0-B1,D07,1,initial_review,51047,11648,1481,,31.175138254999183,0.247249
trial-e1cba5cf0d75b643,D08-S0-B0,D08,1,initial_review,51134,1408,851,,20.33131786100421,0.274864
trial-98264ccc22cb9f68,D08-S0-B1,D08,1,initial_review,51874,11648,1413,,30.175710469004116,0.249344
trial-a080eb175beefaab,D09-S0-B0,D09,1,initial_review,23317,11648,844,,20.071659662993625,0.089489
trial-ab45224e0ecbd364,D09-S0-B1,D09,1,initial_review,24055,11648,877,,19.997834483001498,0.094169
trial-05047b509b0df620,D10-S0-B0,D10,1,initial_review,24652,11648,864,,19.611744693997025,0.096764
trial-041686d2ac78507e,D10-S0-B1,D10,1,initial_review,25389,11648,670,,16.15290530200582,0.094629
trial-4e015ca8e8f57737,D11-S0-B0,D11,1,initial_review,24724,11648,818,,19.049502403002407,0.095744
trial-fd27d3add2b61307,D11-S0-B1,D11,1,initial_review,25462,11648,838,,19.064224752000882,0.100034
trial-f05534af796c248c,D12-S0-B0,D12,1,initial_review,24720,11648,795,,19.596580600999005,0.095034
trial-f05534af796c248c,D12-S0-B0,D12,2,nested_group_follow_up,47410,11648,884,,19.90370413900382,0.211154
trial-9a477fc74272cb24,D12-S0-B1,D12,1,initial_review,25459,11648,851,,19.277945615001954,0.100409
trial-9a477fc74272cb24,D12-S0-B1,D12,2,nested_group_follow_up,48021,11648,843,,19.467638572001306,0.212979
trial-43bc4792ac66e168,C01-S0-B0,C01,1,initial_review,16670,11648,876,,19.554320310999174,0.057214
trial-5e1a00bcd0b69e11,C01-S0-B1,C01,1,initial_review,17409,11648,834,,18.954190260999894,0.059649
trial-73d128a22f4d9aa1,C01-S1-B0,C01,1,initial_review,18685,11648,793,,18.59907821699744,0.064799
trial-2840c118c250293d,C01-S1-B1,C01,1,initial_review,19424,11648,757,,17.785412713004916,0.067414
trial-8eee2e81f6d14031,C02-S0-B0,C02,1,initial_review,16681,11648,727,,16.931947799006593,0.052799
trial-d100b82d16258bd3,C02-S0-B1,C02,1,initial_review,17420,11648,897,,20.512781763005478,0.061594
trial-f5bc25c86d32add5,C02-S1-B0,C02,1,initial_review,18697,11648,1331,,28.569458556004975,0.080999
trial-2d65a85321983cbe,C02-S1-B1,C02,1,initial_review,19434,11648,659,,15.759530952003843,0.064524
trial-19373af7ebd04150,C03-S0-B0,C03,1,initial_review,18452,11648,622,,14.914288437998039,0.058504
trial-8420812736949fc8,C03-S0-B1,C03,1,initial_review,19189,11648,816,,19.17652136799734,0.068009
trial-8666c48f79df85fd,C03-S1-B0,C03,1,initial_review,20467,11648,799,,18.131897330000356,0.073889
trial-9983a52943f74abb,C03-S1-B1,C03,1,initial_review,21206,11648,893,,20.64026978200127,0.080404
trial-b880ed57c659410b,C04-S0-B0,C04,1,initial_review,17318,16768,296,,21.84534756499488,0.020014
trial-d9675b035d6bfeaa,C04-S0-B1,C04,1,initial_review,17537,11648,876,,19.65858520099573,0.061549
trial-10fb568889c681be,C04-S1-B0,C04,1,initial_review,18814,11648,768,,18.495460884994827,0.064694
trial-d4f7ad7c7fabf36c,C04-S1-B1,C04,1,initial_review,19552,11648,775,,18.75009698899521,0.068594
trial-1a7951d3edf4441b,C05-S0-B0,C05,1,initial_review,23243,11648,848,,20.027594412997132,0.089239
trial-ceb6881ca949c813,C05-S0-B1,C05,1,initial_review,23981,11648,894,,20.280279596001492,0.094309
trial-f9e09da3de539021,C05-S1-B0,C05,1,initial_review,25259,11648,844,,19.047554847995343,0.099199
trial-0ba8080b0cfb1d92,C06-S0-B0,C06,1,initial_review,23602,11648,898,,20.334579689995735,0.092534
trial-0ba8080b0cfb1d92,C06-S0-B0,C06,2,nested_group_follow_up,48433,11648,534,,14.536530594996293,0.205769
trial-a0902712375906c9,C06-S0-B1,C06,1,initial_review,24340,11648,838,,18.98756262900133,0.094424
trial-a0902712375906c9,C06-S0-B1,C06,2,nested_group_follow_up,49171,11648,813,,18.686065305999364,0.217829
trial-1cfea2b70eba01ee,C06-S1-B0,C06,1,initial_review,25618,11648,798,,19.35694894199696,0.099614
trial-1cfea2b70eba01ee,C06-S1-B0,C06,2,nested_group_follow_up,50451,11648,549,,14.607294003006245,0.216309
trial-fbadef48d8aa479d,C06-S1-B1,C06,1,initial_review,26356,11648,842,,19.297570693001035,0.104624
trial-fbadef48d8aa479d,C06-S1-B1,C06,2,nested_group_follow_up,51188,11648,657,,16.575922370997432,0.223234
trial-db0bda4471110086,C07-S0-B0,C07,1,initial_review,23587,11648,832,,18.86928632100171,0.090479
trial-db0bda4471110086,C07-S0-B0,C07,2,same_evidence_reconsideration,23591,11648,769,,18.07053532399732,0.088609
trial-0d02b08ec953f6db,C07-S0-B1,C07,1,initial_review,24325,11648,682,,16.37685196300299,0.089669
trial-0d02b08ec953f6db,C07-S0-B1,C07,2,same_evidence_reconsideration,24329,11648,759,,17.60046704600245,0.091999
trial-8bbce9f363d58802,C07-S1-B0,C07,1,initial_review,25604,11648,855,,19.30052157099999,0.101254
trial-8bbce9f363d58802,C07-S1-B0,C07,2,same_evidence_reconsideration,25606,11648,858,,19.28962809099903,0.101354
trial-b4abc9ede988f463,C07-S1-B1,C07,1,initial_review,26342,11648,550,,13.75678262099973,0.095794
trial-b4abc9ede988f463,C07-S1-B1,C07,2,same_evidence_reconsideration,26345,11648,648,,16.143960705005156,0.098749
trial-3ff1a8506a374078,D01-S0-B0,D01,1,initial_review,16341,11648,792,,18.55299282499618,0.053049
trial-61784f9cd87442d4,D01-S0-B1,D01,1,initial_review,17078,11648,861,,19.32395840100071,0.058804
trial-7154b97429fc9174,D02-S0-B0,D02,1,initial_review,17369,11648,818,,18.350744919000135,0.058969
trial-203714126f3a79b0,D02-S0-B1,D02,1,initial_review,18106,11648,866,,19.65454057700117,0.064094
trial-88fc3dd4237b701a,D03-S0-B0,D03,1,initial_review,18552,11648,459,,12.700907103993814,0.054114
trial-be4b453c21752307,D03-S0-B1,D03,1,initial_review,19290,11648,855,,20.694497146003414,0.069684
trial-1f1cbc8837f9a83f,D04-S0-B0,D04,1,initial_review,18680,11648,581,,15.134382939002535,0.058414
trial-925c26a67794666e,D04-S0-B1,D04,1,initial_review,19418,1408,764,,17.823453156997857,0.113674
trial-811bfa86f5ca622b,D05-S0-B0,D05,1,initial_review,65821,11648,662,,17.61872787900211,0.296549
trial-e76df3f0236aa222,D05-S0-B1,D05,1,initial_review,66559,1408,743,,17.994832723998115,0.348749
trial-0c5ef580992df888,D06-S0-B0,D06,1,initial_review,50343,11648,803,,20.037287858998752,0.223389
trial-f11526a586b4af23,D06-S0-B1,D06,1,initial_review,51081,11648,681,,17.660365723000723,0.223419
trial-fe34bb4dff0db796,D07-S0-B0,D07,1,initial_review,50355,11648,778,,18.46451159800199,0.222699
trial-2644b73e71f6d59d,D07-S0-B1,D07,1,initial_review,51093,11648,700,,17.90310260499973,0.224049
trial-94ccca01960a6e38,D08-S0-B0,D08,1,initial_review,51117,11648,656,,16.480764186999295,0.222849
trial-e2c0701a7a5e958d,D08-S0-B1,D08,1,initial_review,51855,1408,720,,17.8036300859967,0.274539
trial-b49f77d1705e5098,D09-S0-B0,D09,1,initial_review,23606,1408,627,,15.13526185000228,0.130504
trial-7079cdb9774bde34,D09-S0-B1,D09,1,initial_review,24344,11648,803,,18.405048433000047,0.093394
trial-bbadae2d0e11431e,D10-S0-B0,D10,1,initial_review,25074,11648,422,,11.568316072000016,0.085614
trial-ebdd75b30889f9cb,D10-S0-B1,D10,1,initial_review,25812,11648,515,,13.13600455699634,0.092094
trial-c37717af879fe055,D11-S0-B0,D11,1,initial_review,25146,11648,571,,19.740305103005085,0.090444
trial-29ee042ef593115e,D11-S0-B1,D11,1,initial_review,25884,11648,786,,18.315710279006453,0.100584
trial-117e8ace856020f7,D12-S0-B0,D12,1,initial_review,25143,1408,794,,18.880220140003075,0.143199
trial-117e8ace856020f7,D12-S0-B0,D12,2,nested_group_follow_up,49975,11648,529,,13.65299167700141,0.213329
trial-c2c0285e08421a3d,D12-S0-B1,D12,1,initial_review,25882,11648,834,,19.67447461700067,0.102014
trial-c2c0285e08421a3d,D12-S0-B1,D12,2,nested_group_follow_up,50712,11648,523,,13.371447347002686,0.216834
trial-37903d224aecbc15,C01-S0-B0,C01,1,initial_review,17010,11648,839,,19.027246434001427,0.057804
trial-9e817c658129d699,C01-S0-B1,C01,1,initial_review,17749,11648,832,,19.60831816699647,0.061289
trial-aef1a3c51af1418e,C01-S1-B0,C01,1,initial_review,19026,11648,815,,18.976670540003397,0.067164
trial-0ea534c8bee3b47e,C01-S1-B1,C01,1,initial_review,19764,11648,849,,19.129399610996188,0.071874
trial-165f9ace4649b3ae,C02-S0-B0,C02,1,initial_review,17022,1408,767,,18.30516207999608,0.101784
trial-2f7552572769112f,C02-S0-B1,C02,1,initial_review,17758,11648,828,,18.83699009299744,0.061214
trial-70540054b0c24b23,C02-S1-B0,C02,1,initial_review,19035,1408,762,,18.70440795600007,0.111699
trial-d1a94bf5179476c6,C02-S1-B1,C02,1,initial_review,19774,1408,736,,17.51661669400346,0.114614
trial-bbb8edeb8987208c,C03-S0-B0,C03,1,initial_review,18924,11648,783,,18.309905510002864,0.065694
trial-c73eda4ddd11025f,C03-S0-B1,C03,1,initial_review,19662,11648,802,,20.516839070005517,0.069954
trial-8ffdeddc56bb5a96,C03-S1-B0,C03,1,initial_review,20939,11648,488,,12.639197274998878,0.066919
trial-e7efec9bc7620350,C03-S1-B1,C03,1,initial_review,21676,11648,580,,14.125175365996256,0.073364
trial-118bf0e54d2e20e7,C04-S0-B0,C04,1,initial_review,17137,11648,882,,19.821220887999516,0.059729
trial-51fa295138ca4453,C04-S0-B1,C04,1,initial_review,17876,11648,942,,21.110547812997538,0.065224
trial-918832da9d1c37a1,C04-S1-B0,C04,1,initial_review,19155,11648,739,,17.618985146997147,0.065529
trial-de64c8182ef08da7,C04-S1-B1,C04,1,initial_review,19892,11648,843,,19.516710976000468,0.072334
trial-757c6e5d09448161,C05-S0-B0,C05,1,initial_review,23534,11648,823,,19.445021772000473,0.089944
trial-31fde710521c73f2,C05-S0-B1,C05,1,initial_review,24269,1408,806,,18.922839591999946,0.139189
trial-a3f9f8efff71706b,C05-S1-B0,C05,1,initial_review,25548,11648,746,,17.729019558006257,0.097704
trial-7391c9beff57e10a,C05-S1-B1,C05,1,initial_review,26287,11648,728,,18.659127001999877,0.100859
